listing_id,listing_name,description,listing_type,room_type,cover_photo_url,photos_count,photo_urls,host_id,host_name,cohost_ids,cohost_names,superhost,latitude,longitude,guests,bedrooms,beds,baths,registration,amenities,instant_book,professional_management,min_nights,cancellation_policy,checkin_time,checkout_time,guest_favorite,exact_location,currency,cleaning_fee,extra_guest_fee,single_fee_structure,num_reviews,rating_overall,rating_accuracy,rating_checkin,rating_cleanliness,rating_communication,rating_location,rating_value,ttm_revenue,ttm_revenue_native,ttm_avg_rate,ttm_avg_rate_native,ttm_occupancy,ttm_adjusted_occupancy,ttm_revpar,ttm_revpar_native,ttm_adjusted_revpar,ttm_adjusted_revpar_native,ttm_avg_min_nights,ttm_avg_length_of_stay,ttm_reserved_days,ttm_blocked_days,ttm_available_days,ttm_total_days,l90d_revenue,l90d_revenue_native,l90d_avg_rate,l90d_avg_rate_native,l90d_occupancy,l90d_adjusted_occupancy,l90d_revpar,l90d_revpar_native,l90d_adjusted_revpar,l90d_adjusted_revpar_native,l90d_avg_min_nights,l90d_avg_length_of_stay,l90d_reserved_days,l90d_blocked_days,l90d_available_days,l90d_total_days
402683,Laika Boutique Stay- B&B near MG Road,,Room in boutique hotel,private_room,https://a0.muscache.com/im/pictures/miso/Hosting-402683/original/86b97e81-4c93-488b-975b-24adeb56a8c6.jpeg,23,,2009391,Laika,"43253575,548309824,565454866,688801542,699473421","Hiren Ajith,Clara,Deepti,Bulbul,Hajera",false,12.971480,77.616480,2,1,1,1.0,false,"TV,Cable TV,Wifi,Air conditioning,Free parking on premises,Hot water kettle,Smoking allowed,Ceiling fan,Hot water,Body soap,Breakfast,Elevator,Bed linens,Free street parking,Refrigerator,Coffee,Clothing storage,Washer,Dryer,Shower gel,Patio or balcony,First aid kit,Backyard,Fire extinguisher,Luggage dropoff allowed,Essentials,Long term stays allowed,Safe,Shampoo,Cleaning before checkout,Hangers,Dining table,Hair dryer,Iron,Dedicated workspace,Self check-in,Freezer,Building staff",,false,1,Firm,,,,,INR,0,0,,26,4.65,4.7,4.7,4.7,4.6,4.9,4.5,1446.0,123731.0,64.1,5486.4,0.058,0.066,4.0,339.0,4.6,390.3,1.0,1.8,21,48,344,365,0.0,0.0,57.7,4939.2,0.0,0.0,0.0,0.0,0.0,0.0,1.0,0.0,0,0,90,90
494512,Smart Price Villa  Bangalore Near Aster  Hospital,"Welcome to our beautiful villa on the airport road just 20 minutes straight drive on a signal free road from the Airport. Reputed Hotel and restaurants branded  shops,  Ayurvedic/ unisex spas and saloons  all just 1  kilometers from the villa. You can even walk to  these facilities  through an exclusive calm and serene residential layout . It's not about tastefully done hotel corridors or your time at the pool, but about really being a part of a way of life different from your own.<br /><br /><b>The space</b><br />Lovely and comfortable rooms in a   beautiful villa in friendly neighborhood with a calm and cool surroundings with a zero pollution atmosphere. You will be staying with a Yoga expert and his lovely wife also an ardent yoga practitioner  enough privacy or a choice to mingle with the family if you want. Perfect for business travellers as it gives you the convenience of a Home and facilities and  comfort of a hotel. , ideally located in a premium locality at the International Airport Road and very close to Renowned Hotels, Chain Restaurants, shopping malls, Wellness Clinics, Aurvedic Spas etc.  giving you  apartment. We are a Keralite family settled . Two spacious A/C Bed Rooms which can accommodate 4 people (2 in each room) .A spacious Lobby(living room) is aattached to these Bedrooms are also exclusively available for the guests. The villa has a small beautiful garden . The facility is spic and span  with all modern amenities  which is just 20 minutes drive from the Airport. We prefer decent couples or friends/ We shall provide  the delicious South Indian food (veg & non veg) to Guests on request. We are trained yoga practitioners and can help our guests for basic yoga practices. We can also organise City Trips/ Kerala Tour for our guests on request.  We welcome our Guests to be a part of our family and enjoy the sweetness of our Home<br /><br /><b>Guest access</b><br />You live in a fully functional house with a family which takes care of all your basic needs with children or travelling on a business trip. A perfect Home stay which gives you complete privacy and access to the living areas, kitchen and private deck access from your own room with a great view.<br /><br /><b>During your stay</b><br />I have had great experiences in Hosting. Kindly read the Reviews of all my Guests  which speak volumes and I need not add anything  more here. We would love to Host any guest who is happy to have a Homestay experience and respect our sensibilities. I will be available to be contacted by the guest over phone, mail, (SENSITIVE CONTENTS HIDDEN). I will also be present at the property to receive the guests at our Home and to introduce them to the marvels of our Home<br /><br /><b>Other things to note</b><br />I have had great experience hosting. Kindly read the Reviews of all my Guests which speak volumes and I need not add anything  more here. I would love to Host any guest who would like to be a member of our family during the stay and after. We maintain a very cordial friendship  and communication with most of the guests  who stayed with us and expect the same from our aspiring guests.",Private room in villa,private_room,https://a0.muscache.com/im/pictures/7273680/565bf342_original.jpg,19,"https://a0.muscache.com/im/pictures/7273680/565bf342_original.jpg,https://a0.muscache.com/im/pictures/7273567/33204088_original.jpg,https://a0.muscache.com/im/pictures/7272899/34b9e59a_original.jpg,https://a0.muscache.com/im/pictures/7272963/4e826370_original.jpg,https://a0.muscache.com/im/pictures/7273057/9a56664e_original.jpg,https://a0.muscache.com/im/pictures/7273412/34a48c45_original.jpg,https://a0.muscache.com/im/pictures/7274253/b8d960bf_original.jpg,https://a0.muscache.com/im/pictures/1c8c09bf-2e13-440c-84bc-01a4201b6266.jpg,https://a0.muscache.com/im/pictures/98d880d8-f3a7-4591-8337-be3d09280bad.jpg,https://a0.muscache.com/im/pictures/6ba5ee59-bed3-4521-a0db-dd47eed1f8ab.jpg,https://a0.muscache.com/im/pictures/55fba29b-2c58-4f85-b390-42e417932cbe.jpg,https://a0.muscache.com/im/pictures/6ecea361-640b-4b30-97a7-aec337933908.jpg,https://a0.muscache.com/im/pictures/95effb68-bf5b-424f-a872-ef29177d4970.jpg,https://a0.muscache.com/im/pictures/4f43700b-9180-479a-b4ac-6426bece8534.jpg,https://a0.muscache.com/im/pictures/c3bc5204-43a9-477e-8f86-5b8fbfb1ea5a.jpg,https://a0.muscache.com/im/pictures/a9cd79b6-b4b4-4c1e-bcd3-385e8b3f80eb.jpg,https://a0.muscache.com/im/pictures/301aa01e-c6ec-4c4b-8988-271d44d6a032.jpg,https://a0.muscache.com/im/pictures/bfc5b0f2-944c-4f4b-826f-56c1609682ae.jpg,https://a0.muscache.com/im/pictures/037f0f79-f380-4ce5-90f7-26844d0d059e.jpg",2443426,Kn,,,true,13.062310,77.579560,,2,4,0.0,false,"Bathtub,Cleaning products,Shampoo,Conditioner,Body soap,Bidet,Hot water,Essentials,Hangers,Bed linens,Extra pillows and blankets,Room-darkening shades,Iron,Drying rack for clothing,Mosquito net,Clothing storage,TV,Sound system,Exercise equipment,Air conditioning,Ceiling fan,First aid kit,Wifi,Dedicated workspace,Pocket wifi,Refrigerator,Microwave,Cooking basics,Dishes and silverware,Mini fridge,Stove,Oven,Coffee maker,Wine glasses,Dining table,Laundromat nearby,Backyard,Free parking on premises,Free street parking,Luggage dropoff allowed,Breakfast,Smoking allowed,Long term stays allowed,Host greets you",,false,1,Moderate,,10:00 AM,true,false,INR,2,8,true,14,5.0,5.0,5.0,5.0,5.0,4.9,4.9,478.0,40900.0,28.6,2449.1,0.044,0.044,1.3,110.6,1.3,110.6,1.0,5.3,16,0,349,365,0.0,0.0,30.3,2590.7,0.0,0.0,0.0,0.0,0.0,0.0,1.0,0.0,0,0,90,90
565071,Walking dist. from MG Road/Cubbon park,"Centrally located, 2-bedroom duplex in a quiet residential neighborhood. Walking distance from Cubbon Park, UB city, the Metro, and a huge variety  of multi cuisine restaurants.<br /><br /><b>The space</b><br />About the property<br />Our 2-bedroom duplex flat is in a centrally located, lively neighborhood, yet once you're home it's lovely and quiet.<br /><br />Downstairs is the guest bedroom, a living room, kitchen and balcony. Upstairs is our bedroom - lots of privacy for you. <br /><br />Your room has a private bathroom.<br /><br /><b>Guest access</b><br />The common places are the balcony and the living room.<br /><br /><b>During your stay</b><br />Feel free to call any time, specially if it's urgent. Or else we are available on whats app.<br /><br /><b>Other things to note</b><br />Check-in time: 1 pm<br />Check-out time: 12pm (noon)<br />If you need early check-in or late checkout, pl write to us and we will try to accommodate your request.<br /><br />Meals<br />Not included. Feel free to help yourself to tea/coffee or to use the fridge.<br /><br />Amenities<br />Drinking water (RO purified), tea and coffee freely available.  <br /><br />Internet/Free WiFi.",Private room in condo,private_room,https://a0.muscache.com/im/pictures/9098579/85550a79_original.jpg,28,"https://a0.muscache.com/im/pictures/9098579/85550a79_original.jpg,https://a0.muscache.com/im/pictures/9098980/0e6656f7_original.jpg,https://a0.muscache.com/im/pictures/9097049/4f849c59_original.jpg,https://a0.muscache.com/im/pictures/9098153/34781556_original.jpg,https://a0.muscache.com/im/pictures/9098255/fd08dd04_original.jpg,https://a0.muscache.com/im/pictures/9096868/ff7c7fd0_original.jpg,https://a0.muscache.com/im/pictures/9097650/e67d7acd_original.jpg,https://a0.muscache.com/im/pictures/9096970/ce85db5e_original.jpg,https://a0.muscache.com/im/pictures/9097353/f5c24a7e_original.jpg,https://a0.muscache.com/im/pictures/9098049/47b92929_original.jpg,https://a0.muscache.com/im/pictures/9124723/5cbde39b_original.jpg,https://a0.muscache.com/im/pictures/8922778/4eb0af9e_original.jpg,https://a0.muscache.com/im/pictures/9097443/ca0d3afd_original.jpg,https://a0.muscache.com/im/pictures/9128925/e541e8b2_original.jpg,https://a0.muscache.com/im/pictures/9096689/cba8ab75_original.jpg,https://a0.muscache.com/im/pictures/9124748/163a049a_original.jpg,https://a0.muscache.com/im/pictures/9098544/4726b692_original.jpg,https://a0.muscache.com/im/pictures/9124740/33bcd2e8_original.jpg,https://a0.muscache.com/im/pictures/9124734/74531f63_original.jpg,https://a0.muscache.com/im/pictures/9130971/13140773_original.jpg,https://a0.muscache.com/im/pictures/9098691/4930fe0f_original.jpg,https://a0.muscache.com/im/pictures/9098758/5ecefdc2_original.jpg,https://a0.muscache.com/im/pictures/9098824/99b6a615_original.jpg,https://a0.muscache.com/im/pictures/9124778/d253daf0_original.jpg,https://a0.muscache.com/im/pictures/9099219/28ed149d_original.jpg,https://a0.muscache.com/im/pictures/9100165/7c2b8780_original.jpg,https://a0.muscache.com/im/pictures/9124752/bfb40ed3_original.jpg,https://a0.muscache.com/im/pictures/9099066/24742669_original.jpg",842634,Vineeta,842604,Navin Anugraham,true,12.974600,77.599300,,,1,0.0,false,"Bathtub,Hair dryer,Shampoo,Body soap,Hot water,Shower gel,Essentials,Bed linens,Extra pillows and blankets,Iron,TV,Books and reading material,Air conditioning,Ceiling fan,Lock on bedroom door,First aid kit,Wifi,Dedicated workspace,Refrigerator,Dishes and silverware,Hot water kettle,Patio or balcony,Free parking on premises,Elevator,Luggage dropoff allowed,Host greets you",,false,2,Moderate,2:00 PM,12:00 PM,true,true,INR,0,6,true,305,4.86,4.9,5.0,4.7,5.0,5.0,4.8,3137.0,268430.0,34.8,2979.7,0.258,0.272,8.6,735.4,9.1,778.1,2.0,4.5,94,20,271,365,155.0,13264.0,38.3,3278.4,0.044,0.045,1.7,147.4,1.8,150.7,2.0,2.0,4,2,86,90
1477070,spic span 5 star rated villa prices slashed Oct'25,"Experience the warmth of true hospitality at our charming villa on Airport Road<br /><br />Enjoy a prime location: <br />         - 25 minutes from the airport<br />         - 2km from the Phoenix Mall Of Asia<br />         - 9km from the CBD<br />         - 10-minute walk to shopping, dining, and wellness <br />              amenities. <br />         - 20 minutes from Manyata Tech Park<br />         <br /><br />As your hosts—a corporate legal consultant and a senior government officer—we're excited to share our home with you.<br /><br /><b>The space</b><br />Experience a luxurious stay in our air-conditioned villa rooms : <br /><br />          - complete with a kitchen (for light cooking), <br />          - expansive Living Area <br />          - spotless bathrooms<br />          -  TV<br />          - A delightful garden<br /><br />As a certified yoga expert from a leading Indian university, I offer complimentary yoga coaching to our guests upon request. <br /><br />Immerse yourself in our culture and hospitality in a clean, well-maintained neighborhood. <br /><br />Out of city frenzy, calm locality and surrounded by around 1500 acres of greenery.<br /><br />With readily available taxis and airport bus services<br /><br />We're also just  1.5km from Aster CMI Hospital<br /><br /><b>Guest access</b><br />You'll find 2 comfortable bedrooms, ideal for up to 4 guests. <br /><br />We can also provide an extra bed to accommodate a fifth guest.",Private room in villa,private_room,https://a0.muscache.com/im/pictures/23034997/66958505_original.jpg,5,"https://a0.muscache.com/im/pictures/23034997/66958505_original.jpg,https://a0.muscache.com/im/pictures/23036871/12e0ff05_original.jpg,https://a0.muscache.com/im/pictures/23493304/3d201572_original.jpg,https://a0.muscache.com/im/pictures/23034747/53a0aceb_original.jpg,https://a0.muscache.com/im/pictures/23493522/952f264f_original.jpg",2443426,Kn,,,true,13.063100,77.579800,4,2,3,2.0,false,"Bathtub,Shampoo,Conditioner,Body soap,Hot water,Washer,Essentials,Hangers,Bed linens,Extra pillows and blankets,Iron,Safe,Mosquito net,Clothing storage,TV,Crib,Air conditioning,Ceiling fan,Heating,Wifi,Dedicated workspace,Kitchen,Refrigerator,Cooking basics,Dishes and silverware,Freezer,Stove,Hot water kettle,Coffee maker,Coffee,Private entrance,Patio or balcony,Backyard,Free parking on premises,Free street parking,Smoking allowed,Long term stays allowed,Host greets you",,false,1,Moderate,,,true,true,INR,2,9,true,56,4.98,5.0,5.0,5.0,5.0,4.9,5.0,1199.0,102594.0,29.7,2543.6,0.115,0.135,3.3,280.1,3.8,328.8,1.0,1.4,42,54,323,365,128.0,10953.0,31.8,2719.2,0.044,0.111,1.4,121.7,3.6,304.2,1.0,1.0,4,54,86,90
2140462,Double bedroom in 3bhk with breakfast in Bellandur,"DOUBLE BEDROOM  in a DUPLEX FLAT in a gated community with 24 hours  Security  and CCTV camera.  Since all the apts. are 2 storyed there is no lift. Mine is on  the 2nd floor. There is a Super Market, club house, tennis court and a beautiful private lake within the complex. It is in Bellandur gate.<br /><br />My apt.is on the main road next to Manipal hosp.,Hilton double tree suite and Bellandur police station. A centrally located place with malls, restaurants This place is very close to the IT corridor.<br /><br /><b>The space</b><br />Spacioue double bedroom with attached bathroom equipped with Geyser. Dining and kitchen downstairs. Guest's accommodation is upstairs and host stays downstairs. <br /><br />FOR THOSE WHO NEED AC AN EXTRA AMOUNT OF RS. 400/- WILL BE CHARGED PER DAY WHICH IS TO BE PAID DIRECTLY TO THE HOST.<br /><br /><b>Guest access</b><br />Access to the living cum dining room which is downstairs and kitchen can be used till 10 pm in the night for collecting water, warm food etc  Not for cooking. <br />Washing machine will be provided for the guests  who stay more than  a week and it will be operated by the host   It can be used once a week. Detergent (only aerial matic liquid front load)  should be provided by the guests.  Inner wares are not allowed in the washing machine.. Dhobi's service for washing & ironing are  also available in our complex.<br /><br />There is a seperate place  for drying  clothes downstairs (below each apartment) on the ground, with  cloths liner. Ironing is not allowed at home.<br />No long stay. Maximum 30 days.<br /><br /><b>During your stay</b><br />Host is always round the clock to help the guests for any necessities.<br /><br /><b>Other things to note</b><br />It is a gated community with 24 hours Security and CCTV. Walkable distance from many software Companies.  Outside the complex gate, cabs and autos are always available. Bus stop is also nearby. There are plenty of Supermarkets and Malls and restaurants around our complex.",Private room in rental unit,private_room,https://a0.muscache.com/im/pictures/85b01272-5bf6-4b67-b66e-a60582020811.jpg,44,"https://a0.muscache.com/im/pictures/85b01272-5bf6-4b67-b66e-a60582020811.jpg,https://a0.muscache.com/im/pictures/a9119624-ccf8-47be-9a3f-8eb1a3e1d537.jpg,https://a0.muscache.com/im/pictures/14c9efe6-234a-4a1e-9a5a-9b011ae18fc1.jpg,https://a0.muscache.com/im/pictures/14f727ba-9452-42ba-b0fc-9f2f4be7d338.jpg,https://a0.muscache.com/im/pictures/65768192/24a3e38b_original.jpg,https://a0.muscache.com/im/pictures/acd60543-2934-4592-8bc9-dfba4ecf3d2d.jpg,https://a0.muscache.com/im/pictures/bb11278c-f9a8-4789-9eb6-f1ae3d489b7c.jpg,https://a0.muscache.com/im/pictures/7559af2d-5d26-4ad8-adf8-74a81b613982.jpg,https://a0.muscache.com/im/pictures/e67e2001-9a7b-4b6d-866b-64a40a6980c3.jpg,https://a0.muscache.com/im/pictures/e300f470-7d9f-4b6f-ae8d-9fd43d3fc721.jpg,https://a0.muscache.com/im/pictures/6e35c499-279d-4503-9bbf-aacbc66ef201.jpg,https://a0.muscache.com/im/pictures/acc2e9df-fb28-4db6-8591-f01eda1dd4e8.jpg,https://a0.muscache.com/im/pictures/60bbdf90-7cb8-4757-bd91-b317e2aee949.jpg,https://a0.muscache.com/im/pictures/947390f9-9f79-4036-8145-96d3d946df80.jpg,https://a0.muscache.com/im/pictures/d0c34a59-59cd-4e4b-9bee-395395ebb852.jpg,https://a0.muscache.com/im/pictures/6a4581a5-a2c2-4730-9e65-e80c44183386.jpg,https://a0.muscache.com/im/pictures/a8f48446-3d49-4b10-81a4-7dbecd145384.jpg,https://a0.muscache.com/im/pictures/0152dd2a-0619-42f5-a874-ae7f92a279bb.jpg,https://a0.muscache.com/im/pictures/18a069d5-b044-477b-ab21-9d4ff3ae45a9.jpg,https://a0.muscache.com/im/pictures/b2a3b711-a653-488f-a000-04a99b7db7f3.jpg,https://a0.muscache.com/im/pictures/8aa2baf7-83fc-4423-8672-3c97ca9d3394.jpg,https://a0.muscache.com/im/pictures/c9d389e9-59c6-4933-a4dc-32efa651b905.jpg,https://a0.muscache.com/im/pictures/b8024c2d-9276-422f-8597-007f5939e885.jpg,https://a0.muscache.com/im/pictures/b3175753-de77-4493-92a5-d698bda422f3.jpg,https://a0.muscache.com/im/pictures/31061258/3e5a9d13_original.jpg,https://a0.muscache.com/im/pictures/65768182/2bab10de_original.jpg,https://a0.muscache.com/im/pictures/65768200/121b8167_original.jpg,https://a0.muscache.com/im/pictures/6b22f9a6-74fd-4d88-be8c-8849aecf9e34.jpg,https://a0.muscache.com/im/pictures/515cf322-1165-48b0-9d7f-5a039102c452.jpg,https://a0.muscache.com/im/pictures/327b694a-762a-455b-a50d-9f9579b480fd.jpg,https://a0.muscache.com/im/pictures/bca93c91-834d-4d4f-9e9a-9dbcb0783ed5.jpg,https://a0.muscache.com/im/pictures/e00a107a-8b96-4913-bccb-222c97666174.jpg,https://a0.muscache.com/im/pictures/4dcf2b39-5d16-4b60-8630-18ea5c6e4d37.jpg,https://a0.muscache.com/im/pictures/a0c86211-8450-4cc9-8d94-9bc0a5cc210e.jpg,https://a0.muscache.com/im/pictures/524db76f-146f-413e-920f-f59a4b488cd7.jpg,https://a0.muscache.com/im/pictures/343e0bf5-7e30-41e5-ab81-805896a7b11b.jpg,https://a0.muscache.com/im/pictures/5d7ebfe5-c38a-4af0-9fa8-f7d55efc9f98.jpg,https://a0.muscache.com/im/pictures/e0c2580b-e376-4bc8-983d-b576f7bb524f.jpg,https://a0.muscache.com/im/pictures/ac85b536-2762-4c69-802b-f1c7cae2b21e.jpg,https://a0.muscache.com/im/pictures/e3edd015-99b0-4cf2-81a5-50b14b994b66.jpg,https://a0.muscache.com/im/pictures/6fb89b85-46bc-44ac-8fb0-76b6f4e7eb10.jpg,https://a0.muscache.com/im/pictures/eda99273-a040-492d-a71c-1e7fcb594948.jpg,https://a0.muscache.com/im/pictures/facaa302-53f7-4ada-93e9-8d5295b96b45.jpg,https://a0.muscache.com/im/pictures/bef636af-581b-4dfa-8fcb-f92b603f5f95.jpg",10923994,Dakshayani,,,true,12.917800,77.666000,,,2,0.0,false,"Hot water,Hangers,Bed linens,Clothing storage,Books and reading material,Ceiling fan,Wifi,Dedicated workspace,Microwave,Dishes and silverware,Trash compactor,Dining table,Lake access,Laundromat nearby,Free street parking,Pool,Luggage dropoff allowed,Breakfast,Cleaning before checkout,Host greets you",,false,1,Moderate,3:00 PM,12:00 PM,true,true,INR,0,0,true,159,4.87,4.8,4.9,4.9,4.9,4.9,4.8,1260.0,107822.0,17.1,1459.1,0.208,0.226,3.5,295.4,3.7,319.9,1.0,4.2,76,28,289,365,18.0,1540.0,18.1,1547.8,0.011,0.012,0.2,17.1,0.2,19.2,1.0,1.0,1,10,89,90
3298890,Five Seasons | Heritage Villa | Sunshine,"A cozy setting in a friendly & vibrant neighborhood where time stands still & you experience The Five Seasons House charm and India in a nut shell.<br />Five private boutique rooms with a perfect balance of light,air & sound provide an off the grid experience.<br /><br /><b>The space</b><br />“Everything in the Five Seasons House bursts with the promise of sustainable living that nourishes the earth, home and self.\<br />By Usha Hariprasad at The Alternative ~<br />--<br /> \""The energetic and effervescent Vijay Dutt",Private room,private_room,https://a0.muscache.com/im/pictures/41925666/77cb6cf5_original.jpg,5,"https://a0.muscache.com/im/pictures/41925666/77cb6cf5_original.jpg,https://a0.muscache.com/im/pictures/41925662/c1a8010e_original.jpg,https://a0.muscache.com/im/pictures/41925671/13465a90_original.jpg,https://a0.muscache.com/im/pictures/42117830/0f659a7e_original.jpg,https://a0.muscache.com/im/pictures/42117844/8aead5ae_original.jpg",13985368,Vijay,,,true,13.019410,77.597910,,,2,0.0,false,"Hair dryer,Shampoo,Washer,Dryer,Essentials,Hangers,Iron,TV,Air conditioning,Lock on bedroom door,First aid kit,Wifi,Kitchen,Free parking on premises,Gym,Breakfast",,false,1,Moderate,2:00 PM,11:00 AM,true,false,INR,3,5,true,23,4.78,4.6,4.9,4.6,4.9,4.7,4.8,1517.0,129824.0,16.7,1430.1,0.268,0.268,4.1,348.6,4.1,348.6,1.0,9.8,98,0,267,365,531.0,45444.0,17.6,1507.9,0.378,0.378,5.8,499.2,5.8,499.2,1.0,17.0,34,0,56,90
4039219,Blissfully Peaceful Furnished Apt. rooms Bangalore,"This is a 3BHK apartment with three rooms. Please note, the pricing is per room. One room is permanently occupied by the house caretaker. The remaining two spacious rooms are available for booking, each with its own private bathroom. A maximum of 2 Guests are allowed per room excluding children. Add on guest will be provided second large room. Guests also have access to the shared living area with a TV, balcony, and dining table.<br /><br /><b>The space</b><br />You are booking a single room with access to shared common areas, including a fully furnished kitchen, a living room with a TV unit, and a utility space with a washing machine.<br /><br /><b>Guest access</b><br />You will have access to the shared balcony, kitchen, living room, and utility area.<br /><br /><b>During your stay</b><br />One room is permanently occupied by our caretaker, who will be available to assist you with anything you need during your stay.<br /><br /><b>Other things to note</b><br />Should you need to book entire place which includes both the room, discuss with the care taker. This pricing only includes one room booking in a 3BHK fully furnished flat.",Private room in condo,private_room,https://a0.muscache.com/im/pictures/hosting/Hosting-4039219/original/13a6da1d-6566-4fc0-aa28-7f9a4de43236.png,44,"https://a0.muscache.com/im/pictures/hosting/Hosting-4039219/original/13a6da1d-6566-4fc0-aa28-7f9a4de43236.png,https://a0.muscache.com/im/pictures/hosting/Hosting-4039219/original/06048eb3-5f3e-44c6-945d-b4ebaa5e3eb2.png,https://a0.muscache.com/im/pictures/hosting/Hosting-4039219/original/c1375327-3733-42d6-b8b9-9d88f0afa121.png,https://a0.muscache.com/im/pictures/hosting/Hosting-4039219/original/50b2b01e-379e-4fbd-8157-e5b17dae31cf.jpeg,https://a0.muscache.com/im/pictures/hosting/Hosting-4039219/original/cb31ca2c-f305-4958-a233-bf6520f639e1.png,https://a0.muscache.com/im/pictures/hosting/Hosting-4039219/original/1fef77c9-b4ba-447e-a4db-326820487308.png,https://a0.muscache.com/im/pictures/hosting/Hosting-4039219/original/04a9df3e-301e-4596-bf4f-3c3a83b8db79.png,https://a0.muscache.com/im/pictures/hosting/Hosting-4039219/original/33bd4088-8df4-4b9c-82c4-6a0b3cd0462e.png,https://a0.muscache.com/im/pictures/hosting/Hosting-4039219/original/246be099-fa94-47b3-a445-a5c57290b275.jpeg,https://a0.muscache.com/im/pictures/hosting/Hosting-4039219/original/48c04b5e-a04a-42ad-b0f9-9534f6937154.jpeg,https://a0.muscache.com/im/pictures/hosting/Hosting-4039219/original/6a316f39-940a-4ffa-a338-ceaf480eacc7.jpeg,https://a0.muscache.com/im/pictures/hosting/Hosting-4039219/original/6ba2a8c3-5dfd-4788-8953-6a2b55cc0b7b.jpeg,https://a0.muscache.com/im/pictures/hosting/Hosting-4039219/original/5b22759c-0a64-4ef5-a03d-d37266202992.jpeg,https://a0.muscache.com/im/pictures/hosting/Hosting-4039219/original/e8ee1624-32ec-4f62-a7fa-fa32df0ff0fe.jpeg,https://a0.muscache.com/im/pictures/hosting/Hosting-4039219/original/536e5f25-e27b-450f-8d04-0ae80e76daf0.png,https://a0.muscache.com/im/pictures/hosting/Hosting-4039219/original/34e72e22-6f32-46ab-a0c2-9855b4f430cd.png,https://a0.muscache.com/im/pictures/hosting/Hosting-4039219/original/276a1ecc-b014-4842-bc5b-8561c5fed146.png,https://a0.muscache.com/im/pictures/hosting/Hosting-4039219/original/1e57ea29-6ee5-420c-a146-313bf5889db4.png,https://a0.muscache.com/im/pictures/hosting/Hosting-4039219/original/1985ae59-6e1b-4d11-a51b-eefa0cab010f.png,https://a0.muscache.com/im/pictures/hosting/Hosting-4039219/original/53f81748-26e8-4720-902a-2e4fd7851869.png,https://a0.muscache.com/im/pictures/hosting/Hosting-4039219/original/1768aa67-73a2-472c-82a4-8214d6b170f0.png,https://a0.muscache.com/im/pictures/hosting/Hosting-4039219/original/d2b82e02-cfaf-49b3-8d0d-1df420177357.png,https://a0.muscache.com/im/pictures/hosting/Hosting-4039219/original/d3445ca2-aec8-4582-9518-ac576a0a9bcf.png,https://a0.muscache.com/im/pictures/hosting/Hosting-4039219/original/bebf73ba-27bc-49ed-96e0-0398368e54e9.png,https://a0.muscache.com/im/pictures/hosting/Hosting-4039219/original/817b93d7-3cb1-469c-8a0f-2f9e9c68005a.png,https://a0.muscache.com/im/pictures/hosting/Hosting-4039219/original/8202cb04-eeb2-483a-b6b1-d57aec490790.png,https://a0.muscache.com/im/pictures/hosting/Hosting-4039219/original/861bcedd-90f8-4020-8cf6-debfd4d27a24.png,https://a0.muscache.com/im/pictures/hosting/Hosting-4039219/original/760a3ab9-927e-4e4d-823f-1b3f9592dc8b.png,https://a0.muscache.com/im/pictures/hosting/Hosting-4039219/original/a12ec446-71b1-4195-ba68-eb02ace6086e.jpeg,https://a0.muscache.com/im/pictures/hosting/Hosting-4039219/original/c6cdca89-cf14-484f-8c54-2b4a084973f9.jpeg,https://a0.muscache.com/im/pictures/hosting/Hosting-4039219/original/2d8c7721-f29a-476a-b1ee-196a1bc40e1a.jpeg,https://a0.muscache.com/im/pictures/hosting/Hosting-4039219/original/620734cf-345a-42cd-a99d-c82996e6d721.jpeg,https://a0.muscache.com/im/pictures/hosting/Hosting-4039219/original/60c0441e-7805-4042-88e3-2ed634f2e3e4.jpeg,https://a0.muscache.com/im/pictures/hosting/Hosting-4039219/original/04e4fbac-187b-4cc1-a4ef-cfff850270ab.jpeg,https://a0.muscache.com/im/pictures/hosting/Hosting-4039219/original/f657c428-b8cc-4413-9767-30dd79df7659.jpeg,https://a0.muscache.com/im/pictures/hosting/Hosting-4039219/original/e9e2b2c7-e38e-430f-a0ae-d25a1d617502.jpeg,https://a0.muscache.com/im/pictures/hosting/Hosting-4039219/original/c7c7d0c0-6dae-4d6b-8cc4-1d328f73b3ee.jpeg,https://a0.muscache.com/im/pictures/hosting/Hosting-4039219/original/a2fe0279-42f7-4e18-8141-01aa2043a2c2.jpeg,https://a0.muscache.com/im/pictures/hosting/Hosting-4039219/original/5092b444-6f5f-4cc8-bc32-d817f348dad1.jpeg,https://a0.muscache.com/im/pictures/hosting/Hosting-4039219/original/718f9756-6035-4b40-a05e-649193352766.png,https://a0.muscache.com/im/pictures/hosting/Hosting-4039219/original/87e58489-3347-4f24-8bff-f022552ce803.png,https://a0.muscache.com/im/pictures/hosting/Hosting-4039219/original/8bc8a12c-06ea-462f-aac2-d6078737235c.png,https://a0.muscache.com/im/pictures/hosting/Hosting-4039219/original/d78b93c6-21f2-4b3e-965a-24edde95c223.png,https://a0.muscache.com/im/pictures/hosting/Hosting-4039219/original/e3ecc8fb-b266-4b95-bdf8-08c357059b39.png",704634208,Ashwini,"20889973,487372213","Varun,Madhu",false,13.072600,77.751600,,2,3,0.0,false,"Bathtub,Hot water,Washer,Dryer,Essentials,Hangers,Bed linens,Extra pillows and blankets,Room-darkening shades,Iron,Drying rack for clothing,Safe,Clothing storage,TV,Exercise equipment,Pool table,Baby bath,Window guards,Ceiling fan,Heating,Lock on bedroom door,Exterior security cameras on property,Carbon monoxide alarm,Fire extinguisher,Wifi,Kitchen,Refrigerator,Cooking basics,Dishes and silverware,Mini fridge,Freezer,Stove,Toaster,Blender,Rice maker,Dining table,Bread maker,Free parking on premises,Pool,Sauna,Elevator,Gym,Private living room,Pets allowed,Luggage dropoff allowed,Long term stays allowed,Self check-in,Smart lock,Cleaning before checkout",,false,1,Moderate,11:00 AM,10:00 AM,false,true,INR,0,0,true,14,4.71,4.6,4.9,4.6,4.9,4.8,4.7,710.0,60752.0,26.9,2303.0,0.071,0.071,1.9,166.4,1.9,166.4,1.0,3.3,26,0,339,365,97.0,8300.0,31.4,2688.7,0.033,0.033,1.1,92.2,1.1,92.2,1.0,3.0,3,0,87,90
4550159,Terrace Studio Pad with a view,"A studio apartment with a private terrace offers an amazing view of North Bengaluru. If privacy, sunlight, fresh air & a good view is what you seek to unwind. It comes with minimal amenities - good enough  for a stopover & chill. Especially, travellers who seek value, a pleasant experience, & not just another hotel facility. On a clear day, you can see the magnificent Nandi Hills in the hazy horizon. And when the blue skies and ushering breeze invite you to fly a kite, go ahead, ask for it!<br /><br /><b>The space</b><br />A terrace studio apartment with spacious private balcony area and privacy.  It can accommodate 2 - 4 people.  The sleeping arrangement is simple with a double mattress on the floor, a single sofa bed, a deewan single bed, and an additional single floor mattress if required.  The rooms are airy, natural light gleams in from the large windows and glass doors. There is an induction cooker with very basic utensils, wifi connection, airtel DTH & TV,  Hot water geyser, electronic hot water jug, hair dryer, steam iron machine, shower, wardrobe and dinning table with chairs. It's located on the 4th floor and has elevator facility.<br /><br /><b>Guest access</b><br />All of the amenities mentioned. The private terrace space. The heating stove is induction based and can be used for basic cooking and heating. Microwave can be arranged if required. <br />If guests use the kitchen facilities, it is requested that they wash the vessels after use  and keep it clean. The garbage bags need to be disposed daily at the basement. Since, it  facilitates people who enjoy travel and like to explore places, guests are requested to keep the premise as it was handed over to them. If any cleaning is required at the end of the stay or on a regular basis, it can be arranged at an additional cost of Rs. 250/ per cleaning session. Guests who would require a longer stay can request the same on a regular basis for an assigned fee.<br /><br /><b>Other things to note</b><br />Please switch off the Geyser / fans / lights when not in use and when you are going out. <br /><br />Use the garbage bags provided and place them at the basement on a daily basis in then night or early morning.<br /><br />Please remember to lock the doors at night and when you go out and keep the keys with you or hand it over to the security.",Entire loft,entire_home,https://a0.muscache.com/im/pictures/f159cc1b-16dc-4513-9905-22cb1b876008.jpg,5,"https://a0.muscache.com/im/pictures/f159cc1b-16dc-4513-9905-22cb1b876008.jpg,https://a0.muscache.com/im/pictures/0a584787-e763-456e-ad3c-6712e8f6d021.jpg,https://a0.muscache.com/im/pictures/8bfca770-3707-4660-bfbb-702b5e373a3d.jpg,https://a0.muscache.com/im/pictures/d1ce6695-0f06-4933-9557-8ec8dc583474.jpg,https://a0.muscache.com/im/pictures/fe5c7023-a338-4958-9c8c-28fd085271ac.jpg",9694173,Sid,,,true,13.031790,77.610950,4,,2,1.0,false,"Wifi,Hair dryer,Cleaning products,Hot water,Washer,Essentials,Hangers,Bed linens,Extra pillows and blankets,Room-darkening shades,Iron,Drying rack for clothing,Clothing storage,Books and reading material,Board games,Ceiling fan,First aid kit,Wifi,Dedicated workspace,Kitchen,Refrigerator,Cooking basics,Dishes and silverware,Stove,Hot water kettle,Rice maker,Dining table,Private entrance,Patio or balcony,Free parking on premises,Free street parking,Elevator,Smoking allowed,Long term stays allowed,Self check-in,Building staff,Cleaning before checkout",,false,1,Flexible,,10:00 AM,true,false,INR,0,5,true,211,4.9,4.9,4.9,4.8,5.0,4.6,4.9,2174.0,186020.0,12.8,1097.9,0.463,0.463,6.0,509.6,6.0,509.6,1.3,8.9,169,0,196,365,487.0,41671.0,14.0,1200.9,0.389,0.389,5.4,463.0,5.4,463.0,1.1,11.7,35,0,55,90
4847169,Amazing view for 2 w/Wifi + patio,"I'm offering my parents beautiful, secure and fully furnished flat, with a spectacular view on a district called Horamavu/Banaswadi. Perfect to rest in the room, relax on the terrace or watch the stars at night.<br /><br /><b>The space</b><br />The apartment is located on the top floor of my parents’ house (4th floor). The bathroom is 2 steps in front of your flat and the shower is a bit indian-retro with water tap, bucket and mug :D  All windows have a moquito net and there is a fan on the ceiling.<br /><br /><b>Guest access</b><br />You have your own terrace where you can feel free to relax, enjoy a drink, get some sun or read a book! However it is used by some tenantes for drying the cloths. The terrace below is used by further tenants of the house.<br />If you have a scooter/car we can provide you with a free covered parking place. <br />The main building gate may be locked at night. If you intent to stay out longer please approach my aunt, she'll provide you with info on how to enter at night.<br /><br /><b>Other things to note</b><br />We'll provide clean towels and bedding for you.<br />Breakfast and dinner can be ordered from a private cook. Cook and house maid for longer stay are available at self cost.<br />You can use the common washing machine. you only have to buy detergent. we only ask you to inform us asap when this machine or any other appliance is not working so we can get it fixed quickly.",Entire condo,entire_home,https://a0.muscache.com/im/pictures/71015933/8bce60fe_original.jpg,45,"https://a0.muscache.com/im/pictures/71015933/8bce60fe_original.jpg,https://a0.muscache.com/im/pictures/71015905/a3e188ab_original.jpg,https://a0.muscache.com/im/pictures/71015936/15a40163_original.jpg,https://a0.muscache.com/im/pictures/692cca37-4fb3-462d-8f99-312040b89a63.jpg,https://a0.muscache.com/im/pictures/319ac561-d335-4609-8a9e-6077585096de.jpg,https://a0.muscache.com/im/pictures/71015868/eecdd21a_original.jpg,https://a0.muscache.com/im/pictures/71015882/b499b83d_original.jpg,https://a0.muscache.com/im/pictures/71015898/88823592_original.jpg,https://a0.muscache.com/im/pictures/71015938/c9ba03be_original.jpg,https://a0.muscache.com/im/pictures/71015848/7063f90b_original.jpg,https://a0.muscache.com/im/pictures/71015862/159affea_original.jpg,https://a0.muscache.com/im/pictures/71015923/ab21cc52_original.jpg,https://a0.muscache.com/im/pictures/7eaaec9e-d291-4ae3-81a1-46c2b8d8597f.jpg,https://a0.muscache.com/im/pictures/71015957/996752d8_original.jpg,https://a0.muscache.com/im/pictures/71015945/433bad93_original.jpg,https://a0.muscache.com/im/pictures/71015967/fa2cb972_original.jpg,https://a0.muscache.com/im/pictures/71016041/6d13dc74_original.jpg,https://a0.muscache.com/im/pictures/eb2142dc-ed18-473b-8bf1-c978ae036643.jpg,https://a0.muscache.com/im/pictures/71015985/24f89c50_original.jpg,https://a0.muscache.com/im/pictures/71016034/75dc9f3b_original.jpg,https://a0.muscache.com/im/pictures/71016019/5eb1b8c4_original.jpg,https://a0.muscache.com/im/pictures/9e385a17-bfe2-4e9f-9940-7eefc83f8ca5.jpg,https://a0.muscache.com/im/pictures/60775264/81b7b4fd_original.jpg,https://a0.muscache.com/im/pictures/60777252/2fa6dccb_original.jpg,https://a0.muscache.com/im/pictures/60777264/140e61ad_original.jpg,https://a0.muscache.com/im/pictures/71015804/5ddec89c_original.jpg,https://a0.muscache.com/im/pictures/71015827/cd957f47_original.jpg,https://a0.muscache.com/im/pictures/71015830/59f3df25_original.jpg,https://a0.muscache.com/im/pictures/hosting/Hosting-4847169/original/018c9e57-fb2c-488b-9291-58652d7b7b6b.jpeg,https://a0.muscache.com/im/pictures/hosting/Hosting-4847169/original/cb9973d4-0cb2-4afc-9adf-19b544cd2b84.jpeg,https://a0.muscache.com/im/pictures/hosting/Hosting-4847169/original/41fe8711-ea55-4c38-b8b0-652d6c6372bc.jpeg,https://a0.muscache.com/im/pictures/hosting/Hosting-4847169/original/5677eafd-9de3-412f-b642-280ca17e1645.jpeg,https://a0.muscache.com/im/pictures/hosting/Hosting-4847169/original/8653abd1-5530-4eaf-ae18-28a5d9ad41e9.jpeg,https://a0.muscache.com/im/pictures/hosting/Hosting-4847169/original/ba5384c1-a107-4e6d-aa0d-ac2ef64ff9be.jpeg,https://a0.muscache.com/im/pictures/hosting/Hosting-4847169/original/cee7b6a2-797f-4872-9925-b1cf0ce7f540.jpeg,https://a0.muscache.com/im/pictures/hosting/Hosting-4847169/original/d0c816fa-bbea-4dab-a37f-37b81abc0e50.jpeg,https://a0.muscache.com/im/pictures/hosting/Hosting-4847169/original/c3e43e90-82a8-43a9-9c39-daf9c7eb231e.jpeg,https://a0.muscache.com/im/pictures/hosting/Hosting-4847169/original/f7da4f48-68fa-4ed4-9abf-8af6b65f54be.jpeg,https://a0.muscache.com/im/pictures/hosting/Hosting-4847169/original/08fa21d9-93ce-4570-af79-ccedd52d31ad.jpeg,https://a0.muscache.com/im/pictures/hosting/Hosting-4847169/original/a39175a7-8414-459e-88ca-b79c7d375525.jpeg,https://a0.muscache.com/im/pictures/hosting/Hosting-4847169/original/8293b541-5d7f-483c-aa23-d0f6f222dcb6.jpeg,https://a0.muscache.com/im/pictures/hosting/Hosting-4847169/original/1044eed4-d05b-4309-9968-e47421d2cb43.jpeg,https://a0.muscache.com/im/pictures/hosting/Hosting-4847169/original/097c9ff4-21f3-4bb0-83ba-69351f96a84b.jpeg,https://a0.muscache.com/im/pictures/hosting/Hosting-4847169/original/2a38d3ac-7188-41a0-8e13-ac52491f4ee4.jpeg,https://a0.muscache.com/im/pictures/hosting/Hosting-4847169/original/0cf52ad1-2fe0-423a-87f3-b9a205746d26.jpeg",1477515,Christina,,,false,13.019400,77.661300,2,1,2,1.0,false,"Wifi,Hot water,Washer,Essentials,Bed linens,Air conditioning,Exterior security cameras on property,Wifi,Kitchen,Refrigerator,Dishes and silverware,Stove,Dining table,Private entrance,Patio or balcony,Outdoor dining area,Free street parking,Elevator,Luggage dropoff allowed,Smoking allowed,Long term stays allowed,Cleaning before checkout,Host greets you",,false,5,Strict,2:00 PM,10:00 AM,false,true,INR,7,0,true,30,4.77,4.7,4.8,4.6,4.8,4.4,4.5,1546.0,132278.0,22.2,1895.3,0.197,0.218,4.2,355.8,4.6,393.6,5.0,14.4,72,35,293,365,0.0,0.0,24.9,2130.7,0.0,0.0,0.0,0.0,0.0,0.0,5.0,0.0,0,24,90,90
4900646,Ensuite Room with Private 3-pc Bathroom.,"Spacious room available in a safe neighbourhood 25 minutes away from Bangalore's Kempegowda International Airport. This room is spacious, comes with a private/ensuite 3-piece bathroom (bidet included), and has a double-sized bed (an additional sofa bed (pull-out bed) is available in the living room). Locality is near the  NH7 highway straight into the heart of the city. I welcome you to my home :).<br /><br /><b>The space</b><br />This room is spacious:<br />- comes with a private/ensuite 3-piece bathroom (bidet included), <br />- has a double-bed. <br />- an additional sofa bed (pull-out bed) is available in the living room. <br />- Locality is near the  NH7 highway straight into the heart of the city.<br /><br /><b>Guest access</b><br />- Gated Community<br />- Street Parking available, <br />- Balcony/Terrace.<br /><br /><b>During your stay</b><br />I want you to be comfortable during your stay. Your privacy and comfort is important to me. We are happy to be as accessible as you would be comfortable with. We are quite open and happy to help with any questions you may have about navigating around town, or any tourism-related information.<br /><br /><b>Other things to note</b><br />Above all, You're a welcomed guest. Please respect our home. Don't make a booking on behalf of someone else it's against airbnb policy.",Private room in condo,private_room,https://a0.muscache.com/im/pictures/hosting/Hosting-U3RheVN1cHBseUxpc3Rpbmc6NDkwMDY0Ng%3D%3D/original/a946874e-3af9-4f2e-b9b7-2fc7272a5e64.jpeg,10,"https://a0.muscache.com/im/pictures/hosting/Hosting-U3RheVN1cHBseUxpc3Rpbmc6NDkwMDY0Ng%3D%3D/original/a946874e-3af9-4f2e-b9b7-2fc7272a5e64.jpeg,https://a0.muscache.com/im/pictures/f9b4d5fe-5319-464b-93a7-f30ae9a3f394.jpg,https://a0.muscache.com/im/pictures/fbff1613-29a4-4931-b2ca-1d9f5c716aa1.jpg,https://a0.muscache.com/im/pictures/hosting/Hosting-U3RheVN1cHBseUxpc3Rpbmc6NDkwMDY0Ng%3D%3D/original/d3d8d968-53db-4cbc-ab5c-398814ec8bcd.jpeg,https://a0.muscache.com/im/pictures/hosting/Hosting-U3RheVN1cHBseUxpc3Rpbmc6NDkwMDY0Ng%3D%3D/original/2dd86703-31d4-42ac-809a-3c2dd7af5dfa.jpeg,https://a0.muscache.com/im/pictures/hosting/Hosting-U3RheVN1cHBseUxpc3Rpbmc6NDkwMDY0Ng%3D%3D/original/780b6ded-2394-4f45-969c-705e77a1bd93.jpeg,https://a0.muscache.com/im/pictures/hosting/Hosting-U3RheVN1cHBseUxpc3Rpbmc6NDkwMDY0Ng%3D%3D/original/74d079d0-4c0f-4921-9bb2-3109c861a5d3.jpeg,https://a0.muscache.com/im/pictures/hosting/Hosting-4900646/original/2b038f63-6258-4a96-ba0a-864854653abe.jpeg,https://a0.muscache.com/im/pictures/hosting/Hosting-4900646/original/3eb7fc21-c5e8-45f5-ac1e-a4754f90d4ad.jpeg,https://a0.muscache.com/im/pictures/hosting/Hosting-4900646/original/ca419ac2-4125-4eb3-a0ea-e05c01a64c2b.jpeg",25225264,Chinoy,,,true,13.063850,77.587910,,,1,0.0,false,"Shampoo,Body soap,Bidet,Hot water,Shower gel,Washer,Essentials,Hangers,Bed linens,Iron,TV,Ceiling fan,Lock on bedroom door,Fire extinguisher,Wifi,Dedicated workspace,Kitchen,Refrigerator,Microwave,Cooking basics,Dishes and silverware,Freezer,Stove,Hot water kettle,Laundromat nearby,Patio or balcony,Free street parking,Elevator,Pets allowed,Long term stays allowed,Host greets you",,false,1,Moderate,10:00 AM,12:00 PM,true,false,INR,2,5,true,68,4.9,4.8,5.0,4.8,4.9,4.9,4.8,2604.0,222823.0,15.1,1292.2,0.468,0.468,7.0,601.6,7.0,601.6,1.0,8.6,171,0,194,365,180.0,15403.0,16.1,1377.7,0.122,0.122,2.0,167.3,2.0,167.3,1.0,5.5,11,0,79,90
5080992,Studio AC Room in New BEL Road,"Full furnished (website hidden)<br />2. Satellite TV<br />3. Intercom<br />4. WiFi usage<br />5. Attached Bathroom with Geyser<br />6. Good ventilation <br />7. Car parking <br />8. Generator  power backup, etc..<br />9. Travel  desk<br /><br /><b>The space</b><br />This Studio room is very comfortable of two person.<br /><br /><b>Guest access</b><br />Free Wifi usage and Complimentary tea/coffee<br /><br /><b>During your stay</b><br />24/7 room services<br /><br /><b>Other things to note</b><br />Its in the heart of bangalore city.",Private room in bed and breakfast,private_room,https://a0.muscache.com/im/pictures/c3d014ea-2563-4b71-932f-6655b07a82c9.jpg,11,"https://a0.muscache.com/im/pictures/c3d014ea-2563-4b71-932f-6655b07a82c9.jpg,https://a0.muscache.com/im/pictures/a6f62843-fa5d-4f94-9d91-6b3e7c6d7e95.jpg,https://a0.muscache.com/im/pictures/3d418885-26a7-4d3b-843c-dcaa2b533952.jpg,https://a0.muscache.com/im/pictures/7bb7c9b3-b1f7-424b-af26-cb97b9e2448d.jpg,https://a0.muscache.com/im/pictures/f80b338f-876c-4c47-92cc-09b918165b42.jpg,https://a0.muscache.com/im/pictures/27a2d992-4e1f-44cf-b9a8-be879cd8c8a1.jpg,https://a0.muscache.com/im/pictures/905a101f-d65f-499a-8336-58b96b4ad3e3.jpg,https://a0.muscache.com/im/pictures/63586822/fd6f1c9d_original.jpg,https://a0.muscache.com/im/pictures/ff82d974-e22b-4719-ac93-87f37e0992b2.jpg,https://a0.muscache.com/im/pictures/59643e45-775d-4831-9ef5-aaf8e8dd725c.jpg,https://a0.muscache.com/im/pictures/hosting/Hosting-5080992/original/1a55ad88-17eb-43d8-a1d9-127acbd62410.jpeg",26242412,Santhosh,,,false,13.029810,77.571540,,,1,0.0,false,"Bathtub,Shampoo,Body soap,Hot water,Essentials,Iron,TV,Air conditioning,Lock on bedroom door,Fire extinguisher,Wifi,Dedicated workspace,Microwave,Cooking basics,Mini fridge,Freezer,Stove,Oven,Hot water kettle,Coffee maker,Toaster,Dining table,Coffee,Free parking on premises",,false,1,Flexible,1:00 PM,11:00 AM,false,false,INR,0,0,true,124,4.55,4.5,4.8,4.4,4.8,4.8,4.5,2945.0,252011.0,16.9,1442.8,0.485,0.485,8.1,690.4,8.1,690.4,1.0,2.4,177,0,188,365,311.0,26611.0,18.3,1569.7,0.189,0.189,3.5,295.7,3.5,295.7,1.0,4.3,17,0,73,90
5081221,Executive AC Room in New BEL Road,"1. Air conditioner <br />2. Satellite  LED TV<br />3. Free Wifi connectivity<br />4. Intercom <br />5. Laundry  services (Extra charges)<br />6. Kitchen fully furnished<br />7. Car parking <br />8. Generator  power backup<br />9. Travel  desk, etc...<br /><br /><b>Other things to note</b><br />Government-issued photo identification proof is required upon check-in. (Pan card is not valid)",Private room in bed and breakfast,private_room,https://a0.muscache.com/im/pictures/b92e8d57-30a2-4be4-8ea0-1cd5c7ff8781.jpg,12,"https://a0.muscache.com/im/pictures/b92e8d57-30a2-4be4-8ea0-1cd5c7ff8781.jpg,https://a0.muscache.com/im/pictures/666b5753-4b56-4bfe-b6b6-083b97126c0b.jpg,https://a0.muscache.com/im/pictures/94f77efb-cf84-4556-8d2b-c7ffc8303fea.jpg,https://a0.muscache.com/im/pictures/b2d49ada-e46c-4315-a14a-246f1666c2d9.jpg,https://a0.muscache.com/im/pictures/12921f94-de5c-4425-9508-0acdcc3a3b8c.jpg,https://a0.muscache.com/im/pictures/dccf44eb-fe4f-4e97-9f61-ab4723cea03f.jpg,https://a0.muscache.com/im/pictures/63589235/da9afdf0_original.jpg,https://a0.muscache.com/im/pictures/63589292/b3ad679b_original.jpg,https://a0.muscache.com/im/pictures/63589283/629b5df8_original.jpg,https://a0.muscache.com/im/pictures/63967198-0da4-497c-bc07-63fc347a4aa9.jpg,https://a0.muscache.com/im/pictures/669b57d4-2d60-46f6-af75-34b7cde0c02f.jpg,https://a0.muscache.com/im/pictures/08a9fc7a-6310-4645-a70f-7651bf8e805f.jpg",26242412,Santhosh,,,false,13.029000,77.572530,,,1,0.0,false,"Shampoo,Washer,Essentials,TV,Air conditioning,Heating,Lock on bedroom door,Smoke alarm,Fire extinguisher,First aid kit,Wifi,Kitchen,Free parking on premises,Smoking allowed",,false,1,Flexible,1:00 PM,11:00 AM,false,false,INR,0,0,true,38,4.42,4.3,4.8,4.3,4.6,4.8,4.3,1727.0,147780.0,18.6,1590.6,0.255,0.255,4.7,404.9,4.7,404.9,1.0,4.2,93,0,272,365,534.0,45692.0,20.4,1748.3,0.289,0.289,5.9,507.7,5.9,507.7,1.0,5.2,26,0,64,90
5389706,Entire home in a Tudor style Villa near BEL Circle,"New Tudor Revival independent private airconditioned villa very close to BEL Circle & Gokulam Grand Hotel  , It has a beautiful large living with antique furniture and dining with Mysore teakinlay work . Lavish airconditioned bedroom with ample storage. Beautiful bathroom with glass partition 24 hour solar heated water. Fully equipped kitchen . It's 25KM to Airport. We've recently rated by LBB as one of top 10 AirBnB places to stay in Bangalore. We thank our wonderful guests for the honor.<br /><br /><b>The space</b><br />Located in the lush north Bangalore close to the Movenpick hotel near BEL circle . City center about 11 KM. Airport is 25KM with elevated airport express way. It's 10 mins away from the Yeswantpur rail station and bus stand . Sundarnagar is opp the Ramaiah Kalyan Mantap and Venkateshwara temple . Our home is situated on the 4th cross just after the park.<br /><br /><b>Guest access</b><br />Big entire home 800 Sqft In a independent villa with a private cobble stone entrance on ground floor  . We a super quite place with Wifi , comfortable good sleep , air conditioned bedroom , some good breakfast and fresh south indian brew filter coffee. <br /><br />And if  you are interested and on request lessons on Unique Kerala cuisine , Italian gourmet , Yogurt ice cream making , Super quick Indian Vegetarian Recipes  and since my husband firm TrancendOrb has created many path breaking brands we can arrange a brand or business related session with him.<br /><br /><b>Other things to note</b><br />Very close two some of most prominent five stars Movenpick, Taj Vivanta Peenya, Windsor Manor , Holiday Inn, Shangri La, Lalit Ashok all within 10Km. Manyata Tech Park 9KM, Bangalore Intl Exhibition Center 9.4KM.. 15 mins to Orion mall and 25 mins to Mantri Mall .",Entire home,entire_home,https://a0.muscache.com/im/pictures/hosting/Hosting-5389706/original/a3d39ae3-0da3-4035-84f5-7c91767eebb0.jpeg,43,"https://a0.muscache.com/im/pictures/hosting/Hosting-5389706/original/a3d39ae3-0da3-4035-84f5-7c91767eebb0.jpeg,https://a0.muscache.com/im/pictures/8c576fba-c73c-47b9-9dd6-f10128880a12.jpg,https://a0.muscache.com/im/pictures/hosting/Hosting-5389706/original/4cd5f93b-6e77-4409-bd0e-4b4d5dc77afb.jpeg,https://a0.muscache.com/im/pictures/025bde0c-7048-4c2f-81bc-3382fe9c7ee6.jpg,https://a0.muscache.com/im/pictures/hosting/Hosting-5389706/original/a98540e3-4c6c-43db-9565-56e53ce5c107.jpeg,https://a0.muscache.com/im/pictures/hosting/Hosting-5389706/original/770353e2-79ca-4c47-b071-77b7145cea94.jpeg,https://a0.muscache.com/im/pictures/f5e97684-a7d8-42aa-845b-a177999975ad.jpg,https://a0.muscache.com/im/pictures/31ea4337-9197-41b3-9521-9bfaf7bddc2c.jpg,https://a0.muscache.com/im/pictures/3bd92c81-2fce-49e6-8588-761e08eb522f.jpg,https://a0.muscache.com/im/pictures/488f46fe-959e-4be0-994f-51274a2622b4.jpg,https://a0.muscache.com/im/pictures/cd55f0cd-1905-4c4e-b7bf-4b2b84978149.jpg,https://a0.muscache.com/im/pictures/67286535/6c4b00e7_original.jpg,https://a0.muscache.com/im/pictures/d1e77f43-b576-4777-b19a-259ef3c06bfd.jpg,https://a0.muscache.com/im/pictures/67290664/6688e107_original.jpg,https://a0.muscache.com/im/pictures/a228ec2d-f7cc-4bf4-8e4a-2f1746eae94c.jpg,https://a0.muscache.com/im/pictures/67286639/68a75b6b_original.jpg,https://a0.muscache.com/im/pictures/1144f4f9-f8d1-49f9-97a5-2b75c1bc9e7a.jpg,https://a0.muscache.com/im/pictures/1c4d6d9f-d250-4d96-97e4-edf814e0155b.jpg,https://a0.muscache.com/im/pictures/0f2cc410-fe65-48a0-abfd-ae9fd511853f.jpg,https://a0.muscache.com/im/pictures/bb6f9375-2a19-438c-8634-17f5a9908841.jpg,https://a0.muscache.com/im/pictures/1e2a9e2e-8f35-4ec7-9af3-e731b1cfe59f.jpg,https://a0.muscache.com/im/pictures/a1942502-f3fd-44ff-9a53-30ef91059340.jpg,https://a0.muscache.com/im/pictures/db88631b-68c7-43c1-aefb-41a14a1f1361.jpg,https://a0.muscache.com/im/pictures/c82d8208-09a5-4354-8e3e-6b0c1e580a77.jpg,https://a0.muscache.com/im/pictures/48c26a7c-ae03-4c39-b85e-0bd492047b95.jpg,https://a0.muscache.com/im/pictures/3aa6bd26-8d3e-48ad-b512-6c59a23439e8.jpg,https://a0.muscache.com/im/pictures/457b14ea-2cb4-49b4-b279-e5cd1ecb367a.jpg,https://a0.muscache.com/im/pictures/aa746523-6b82-4286-a7b0-9134e1dea92e.jpg,https://a0.muscache.com/im/pictures/a3d3e47c-fcfa-4a1c-8626-4353e332e9cd.jpg,https://a0.muscache.com/im/pictures/eb2318cc-8654-4dc4-b3c7-d4c395bb1fd6.jpg,https://a0.muscache.com/im/pictures/42e43d0a-b654-4329-901d-08dfa2e528d7.jpg,https://a0.muscache.com/im/pictures/hosting/Hosting-5389706/original/9f3fbd79-54dd-426c-8466-6dcc16762531.jpeg,https://a0.muscache.com/im/pictures/hosting/Hosting-5389706/original/05adc845-ee83-4f16-bc4b-9f851b686191.jpeg,https://a0.muscache.com/im/pictures/hosting/Hosting-5389706/original/4a9a2b76-1321-4d7e-978e-4702010238b7.jpeg,https://a0.muscache.com/im/pictures/hosting/Hosting-5389706/original/b18727c4-0abe-4a9b-bd08-6c1a633763ad.jpeg,https://a0.muscache.com/im/pictures/hosting/Hosting-5389706/original/c2d6958b-42a6-47a5-8ae3-555cad9b939a.jpeg,https://a0.muscache.com/im/pictures/hosting/Hosting-5389706/original/26f290a5-20e6-4cd7-91ef-4eaa89b93799.jpeg,https://a0.muscache.com/im/pictures/hosting/Hosting-5389706/original/87c2572d-4b80-4a13-b78c-7aa3c46e8fca.jpeg,https://a0.muscache.com/im/pictures/hosting/Hosting-5389706/original/fb71ca66-3d0a-483b-a7fc-b338a16772f9.jpeg,https://a0.muscache.com/im/pictures/hosting/Hosting-5389706/original/a41c44c2-5edd-401c-8729-83cd411a704f.jpeg,https://a0.muscache.com/im/pictures/hosting/Hosting-5389706/original/d4d6e1ba-e6e5-48dc-8231-e5c6241621ef.jpeg,https://a0.muscache.com/im/pictures/hosting/Hosting-5389706/original/908b27a4-cbff-476a-9fa3-c8adf4557bba.jpeg,https://a0.muscache.com/im/pictures/hosting/Hosting-5389706/original/0dadd155-1bab-4e41-9e8c-d16fa124b685.jpeg",27868999,Reema Josena,47298608,Prathish,true,13.041180,77.557890,2,1,1,1.0,false,"Hair dryer,Shampoo,Hot water,Washer,Dryer,Essentials,Hangers,Bed linens,Extra pillows and blankets,Iron,TV,Crib,Pack ’n play/Travel crib,Air conditioning,Heating,Fire extinguisher,First aid kit,Wifi,Dedicated workspace,Kitchen,Refrigerator,Microwave,Cooking basics,Dishes and silverware,Stove,Coffee maker,Backyard,Free street parking,Luggage dropoff allowed,Breakfast,Host greets you",,false,1,Flexible,12:00 PM,11:00 AM,true,false,INR,0,13,true,107,4.93,4.9,5.0,4.9,5.0,4.8,4.8,3696.0,316253.0,38.6,3302.4,0.263,0.263,10.1,866.4,10.1,866.4,1.0,4.4,96,0,269,365,688.0,58870.0,41.1,3516.8,0.189,0.189,7.6,654.1,7.6,654.1,1.0,2.8,17,0,73,90
5921076,"Ascott Serviced Apartment
(Near Indiranagar Metro)",,Private room in residential home,private_room,https://a0.muscache.com/im/pictures/hosting/Hosting-5921076/original/5e33d462-f4a8-4e12-b1b9-78462ea5d209.jpeg,19,,30749749,Suman,,,false,12.979000,77.635300,6,3,3,3.0,false,"TV,Cable TV,Wifi,Air conditioning,Kitchen,Free parking on premises,Smoking allowed,Doorman,Gym,Conditioner,Free street parking,Laundromat nearby,Cleaning products,Heating,Clothing storage,Washer,Dryer,First aid kit,Fire extinguisher,Essentials,Shampoo,Lock on bedroom door,Hangers,Hair dryer,Iron,Self check-in,Freezer,Building staff,Private entrance,High chair,Room-darkening shades,Hot water,Body soap,Bed linens,Microwave,Refrigerator,Dishes and silverware,Cooking basics,Stove,Shower gel,Luggage dropoff allowed,Long term stays allowed,Dining table",,false,1,Moderate,,,,,INR,0,0,,39,4.59,4.6,4.7,4.7,4.8,4.8,4.6,732.0,62634.0,62.7,5369.2,0.033,0.033,2.0,171.6,2.0,171.6,1.0,3.0,12,0,353,365,0.0,0.0,0.0,0.0,0.0,0.0,0.0,0.0,0.0,0.0,1.0,0.0,0,0,90,90
6249525,Independent furnished 1 BED FLAT,"This is an entire flat with 1 bed room and kitchen close to Marathahalli outer ring road<br /><br /><b>The space</b><br />The flat is well maintained located in 4th floor of the independent building with terrace, within close proximity to IT parks at reasonable rates in the heart of Bangalore . The kitchen is exclusively for this 1 bed flat which is provided with cooking Gas and stove. Utensils are provided to cook . Pls note that, elevator is not available.<br /><br /><b>Guest access</b><br />The guests will have access to the kitchen, and open terrace. Kitchen placed inside and guests are free to use and whenever they like. There is also a washing machine available in the property at a common place in 3rd floor.<br /><br /><b>Other things to note</b><br />Access to property by cab from the Outer ring road is little round about due to narrow roads and rough road, guest could feel little inconvenience. Once you checked in for your daily commutation you can walk up to the outer ring road which is just 150mtr and catch the public transportation. For support please post on airbnb messenger or call caretaker it will be attended, we are here to provide the best service. This flat is a 1 bed room + kitchen  on the fourth floor. The washing machine is placed at common place.",Entire home,entire_home,https://a0.muscache.com/im/pictures/e355204e-e396-4314-a4b0-bff990d8aa54.jpg,6,"https://a0.muscache.com/im/pictures/e355204e-e396-4314-a4b0-bff990d8aa54.jpg,https://a0.muscache.com/im/pictures/f3323545-8bd2-49dd-b87e-a6c006744421.jpg,https://a0.muscache.com/im/pictures/a8217166-4bc6-4d5d-9ddd-b19c17cb370a.jpg,https://a0.muscache.com/im/pictures/4150ef49-edd7-40f5-a4fe-611958fea82d.jpg,https://a0.muscache.com/im/pictures/5dcae9b4-a6ca-47d1-99f1-222a1c8770e0.jpg,https://a0.muscache.com/im/pictures/eaba7256-6c9c-4a2d-b4e6-388328a72522.jpg",30540378,Dev,,,false,12.953400,77.701300,3,1,1,1.0,false,"Shampoo,Body soap,Hot water,Washer,Essentials,Hangers,Bed linens,Iron,Clothing storage,TV,Wifi,Kitchen,Refrigerator,Stove,Free parking on premises,Free street parking,Smoking allowed,Self check-in,Building staff",,false,3,Moderate,12:00 PM,11:00 AM,false,true,INR,8,0,true,51,4.24,4.3,4.6,4.3,4.6,3.9,4.0,1451.0,124170.0,16.1,1377.9,0.23,0.346,3.8,323.3,5.7,485.6,3.0,6.5,84,122,281,365,362.0,30978.0,16.1,1377.8,0.233,0.309,3.8,321.4,5.0,425.3,3.0,4.2,21,22,69,90
6554393,1 BHK Penthouse apartment in Central location,"One bedroom apartment on top floor of an 5 storey apartment building in a centre location of Frazer Town. The apartment is accessible by the lift till the 4th floor and steps needs to be used to reach the last floor.<br /><br /><b>The space</b><br />Spacious One Bedroom apartment on the top floor of an Apartment building.<br /><br />Bedroom:<br /><br />The bedroom is well lit. We provide 24*7 house keeping service. Recently furnished with good quality furniture. Modern day sliding door cupboard in the bedroom. Wooden Dressing table with a big mirror. Power Sockets near the bed with fan and light switches. 24*7 power supply with back up generator.<br /><br />Extra pillows and Blankets kept in the wardrobe for the guest to use. Clean and fresh Towels provided. Extra mattress can be provided on request for an extra charge.<br /><br />Bathroom<br /><br />Ensuite bathroom. Hygiene maintained even though it's small in size. It has modern day Cera & Jaguar bathroom fitting. Geyser for 24*7 hot water, 24*7 water supply, Shower.<br /><br />Kitchen<br /><br />Open modern day kitchen which connects to the living cum dinning room along with an Induction Plate, Exhaust, Microwave, a Electric hot water kettle crockery and cutlery and Utensils. Guest have full freedom to have take away food or cook a meal in the kitchen.<br /><br />Living cum Dining<br /><br />Flat screen LED TV with paid Tata Sky satellite service. Beautiful living room with a couch to hang out. Guest can rest in the living room watching TV or browsing free WiFi internet.<br /><br />Fridge with Freezer which supports all beverages. Metal round Dining table with four chairs for the guests to enjoy a comfortable meal.<br /><br />Sufficient power sockets for charging of phones and laptops or other equipment.<br /><br />Security<br /><br />Main door comes with an Europa double lock for the safety and security of the guest. Bedroom door comes with a lock for extra privacy for the guest.<br /><br /><b>Guest access</b><br />Entire apartment is provided for the guest's use. Terrace access allowed on request (Safety Reasons). The apartment is accessed by the Lift or Staircase in the building. The apartment look out to the common terrace of the building and you get a great view of the main Frazer town streets. There's a washing machine located on the terrace which you can use free of charge to do your laundry.",Entire rental unit,entire_home,https://a0.muscache.com/im/pictures/c8d88fd0-e1f3-4966-a1a7-eab7b04eb677.jpg,33,"https://a0.muscache.com/im/pictures/c8d88fd0-e1f3-4966-a1a7-eab7b04eb677.jpg,https://a0.muscache.com/im/pictures/cce8bdcc-be69-4ebd-9eca-0938725d5cf2.jpg,https://a0.muscache.com/im/pictures/5e59c4c7-50fe-4c8a-bf72-f0e0c3d06c0c.jpg,https://a0.muscache.com/im/pictures/89dea186-0744-4c36-8d74-e36a45677c05.jpg,https://a0.muscache.com/im/pictures/5eaafa93-dd25-442e-9dc8-67e006c522d8.jpg,https://a0.muscache.com/im/pictures/13e56c53-f038-4f44-b294-5ba8a52cd776.jpg,https://a0.muscache.com/im/pictures/e855bf97-69ae-4646-95d3-cd20acabd378.jpg,https://a0.muscache.com/im/pictures/25549e84-2f3d-435d-a409-b96dd329231c.jpg,https://a0.muscache.com/im/pictures/79a28e4f-5617-4571-9e11-41b0cccaa437.jpg,https://a0.muscache.com/im/pictures/f1af564d-db10-412a-babf-599f672907f2.jpg,https://a0.muscache.com/im/pictures/ab7f3600-1b46-4f8b-974b-f7e1962426b6.jpg,https://a0.muscache.com/im/pictures/dbdfa361-09bc-4323-abaf-5a73ee7f2f80.jpg,https://a0.muscache.com/im/pictures/376418b4-1679-4d5b-9d70-e12d1d10f033.jpg,https://a0.muscache.com/im/pictures/87632706/84968ffd_original.jpg,https://a0.muscache.com/im/pictures/89593103/66d35cd5_original.jpg,https://a0.muscache.com/im/pictures/87632734/e6e0373c_original.jpg,https://a0.muscache.com/im/pictures/87632758/371388c7_original.jpg,https://a0.muscache.com/im/pictures/87632773/39914644_original.jpg,https://a0.muscache.com/im/pictures/84269062/da360dfd_original.jpg,https://a0.muscache.com/im/pictures/87632780/3cd23034_original.jpg,https://a0.muscache.com/im/pictures/84844117/a20746ab_original.jpg,https://a0.muscache.com/im/pictures/87632787/2d62163f_original.jpg,https://a0.muscache.com/im/pictures/84844163/ed154bea_original.jpg,https://a0.muscache.com/im/pictures/87632799/d8990fca_original.jpg,https://a0.muscache.com/im/pictures/83806570/88cf85c8_original.jpg,https://a0.muscache.com/im/pictures/87632813/88d21dab_original.jpg,https://a0.muscache.com/im/pictures/87632840/a4781cbb_original.jpg,https://a0.muscache.com/im/pictures/87632870/8d5b553f_original.jpg,https://a0.muscache.com/im/pictures/87632893/4012f267_original.jpg,https://a0.muscache.com/im/pictures/87632518/69ef0e02_original.jpg,https://a0.muscache.com/im/pictures/87632541/54b88c29_original.jpg,https://a0.muscache.com/im/pictures/89593654/f69c06a1_original.jpg,https://a0.muscache.com/im/pictures/87632905/af197aa6_original.jpg",33791251,Omer,,,false,12.994900,77.616300,3,1,1,1.0,false,"Hair dryer,Shampoo,Hot water,Washer,Essentials,Hangers,Bed linens,Room-darkening shades,Iron,Mosquito net,TV,Window guards,Air conditioning,Wifi,Kitchen,Refrigerator,Microwave,Cooking basics,Dishes and silverware,Stove,Private entrance,Free parking on premises,Elevator,Doorman,Luggage dropoff allowed,Smoking allowed,Long term stays allowed,Self check-in,Building staff",false,false,1,Moderate,2:00 PM,12:00 PM,false,true,INR,0,0,true,126,4.68,4.7,4.8,4.6,4.9,4.7,4.6,4420.0,378176.0,20.9,1784.3,0.581,0.581,12.1,1036.1,12.1,1036.1,1.0,5.4,212,0,153,365,1102.0,94284.0,22.0,1880.3,0.556,0.556,12.2,1047.6,12.2,1047.6,1.0,4.2,50,0,40,90
6981047,Cozy den in a dreamhouse in Koramangala. Live here,"Mi Casa Su Casa... Nuestra Casa :) Welcome home. I love the idea of offering my guests the comforts & intimacy of a home, while remaining totally respectful to their privacy, security & unhindered accessibility.<br /><br />Become a part of an exciting, vibrant community of travelers. Bathe in an open air shower on the Patio, chill out in a hammock, enjoy breakfast with chirping birds & squirrels for company or a candle lit dinner under the stars :) A beautiful \at home\"" experience.<br /><br /><b>The space</b><br />My home is a gorgeous Villa that gives a feel of a castle in a countryside with uber comforts & modern amenities. We are located in the lush green & tranquil environs of Koramangala",Private room in villa,private_room,https://a0.muscache.com/im/pictures/d8435ebb-9c24-413e-a443-48241ef041c5.jpg,5,"https://a0.muscache.com/im/pictures/d8435ebb-9c24-413e-a443-48241ef041c5.jpg,https://a0.muscache.com/im/pictures/hosting/Hosting-U3RheVN1cHBseUxpc3Rpbmc6Njk4MTA0Nw%3D%3D/original/01cf7d10-5e22-4956-8e91-894b81631d14.jpeg,https://a0.muscache.com/im/pictures/miso/Hosting-6981047/original/3eb161f9-0134-4967-a80f-2f385590d084.jpeg,https://a0.muscache.com/im/pictures/a0cee106-7a54-423d-a687-e9065a91a348.jpg,https://a0.muscache.com/im/pictures/f376d7d7-4f03-4695-bf98-504d1a4353cd.jpg",18822386,Alok,,,true,12.929000,77.630000,,,2,0.0,false,"Hair dryer,Shampoo,Bidet,Outdoor shower,Hot water,Shower gel,Washer,Dryer,Essentials,Hangers,Bed linens,Extra pillows and blankets,Room-darkening shades,Iron,Drying rack for clothing,Mosquito net,Clothing storage,TV,Sound system,Books and reading material,Crib,Air conditioning,Ceiling fan,Lock on bedroom door,Exterior security cameras on property,Smoke alarm,Fire extinguisher,First aid kit,Wifi,Dedicated workspace,Kitchen,Refrigerator,Microwave,Cooking basics,Dishes and silverware,Freezer,Dishwasher,Stove,Oven,Hot water kettle,Coffee maker,Wine glasses,Toaster,Baking sheet,Blender,Rice maker,Barbecue utensils,Dining table,Coffee,Patio or balcony,Backyard,Outdoor furniture,BBQ grill,Sun loungers,Free parking on premises,Free street parking,Doorman,Pets allowed,Luggage dropoff allowed,Long term stays allowed,Self check-in,Building staff,Cleaning before checkout",,false,1,Firm,2:00 PM,12:00 PM,true,true,INR,0,0,true,161,4.9,4.8,4.9,4.8,4.9,4.9,4.8,6428.0,550039.0,33.5,2867.6,0.512,0.512,17.6,1507.0,17.6,1507.0,1.3,4.5,187,0,178,365,1551.0,132719.0,37.7,3223.1,0.456,0.456,17.2,1474.7,17.2,1474.7,2.0,8.2,41,0,49,90
7285369,The Little Blue Window Hostel - Private Room,"Located in BTM Layout, the hostel is ideal for students, backpackers and travellers making a pit stop in Bangalore before heading out again or coming in to explore the city. The hostel is a spectrum of colour, with the walls, furniture, decor all spellings out lots of it!<br /><br /><b>The space</b><br />Welcome to The little Blue Window Hostel by Blue Window Group, BTM Layout 2nd Stage<br /><br />We believe life is about the people you meet and the things you create with them. The hostel community is an ideal choice for connecting and meeting local and international people from all around the world. People with different skills, different cultures and different life experiences.<br />Share a beer or your business idea. Make friends and make connections. The little Blue Window Hostel is made by people like you.<br /><br />The beauty about this place, it provides the space and opportunity for big ideas, meaningful conversations and a bit of spontaneity.  <br />The hostel isn’t just a beautiful space to live, it’s the introduction to a new way of living.<br /><br /><b>Guest access</b><br />Rooms leading to a terrace for you to unwind.<br /><br /><b>Other things to note</b><br />Government approved ID would be required upon arrival",Private room in hostel,private_room,https://a0.muscache.com/im/pictures/f60ba394-ea13-4b32-9728-67670873e617.jpg,13,"https://a0.muscache.com/im/pictures/f60ba394-ea13-4b32-9728-67670873e617.jpg,https://a0.muscache.com/im/pictures/miso/Hosting-7285369/original/1e261ffb-ea38-4dea-b7a2-f380d9fff5cf.jpeg,https://a0.muscache.com/im/pictures/281e1f8a-f34b-40b2-95fa-a0b243835ad9.jpg,https://a0.muscache.com/im/pictures/miso/Hosting-7285369/original/e0db24ae-9c05-4db9-bf90-a338664389ba.jpeg,https://a0.muscache.com/im/pictures/hosting/Hosting-U3RheVN1cHBseUxpc3Rpbmc6NzI4NTM2OQ==/original/eae0ccd9-7913-446d-8c0c-f68df2df542c.jpeg,https://a0.muscache.com/im/pictures/855239de-92ad-4453-a910-f84a3db2d478.jpg,https://a0.muscache.com/im/pictures/9c6a64bd-ea48-4397-bb64-fea3a23b338c.jpg,https://a0.muscache.com/im/pictures/42fc22ed-b7c9-4895-9e7b-211be110ac71.jpg,https://a0.muscache.com/im/pictures/9545bca8-49dc-4a14-8d1f-956dfa0196a9.jpg,https://a0.muscache.com/im/pictures/5dd36149-d3a6-45bf-9912-b5949c7ed658.jpg,https://a0.muscache.com/im/pictures/ab5f8c74-2bd2-4a00-832c-aa855e42a4df.jpg,https://a0.muscache.com/im/pictures/miso/Hosting-7285369/original/5dc09a40-4bd6-41da-b839-49db60967a5f.jpeg,https://a0.muscache.com/im/pictures/hosting/Hosting-U3RheVN1cHBseUxpc3Rpbmc6NzI4NTM2OQ==/original/7b342411-d41d-4f2f-a82a-10041a3131c9.jpeg",38150828,Roshan,,,true,12.913261,77.608325,2,1,2,1.0,false,"Cleaning products,Hot water,Washer,Dryer,Essentials,Hangers,Bed linens,Extra pillows and blankets,Iron,First aid kit,Wifi,Dedicated workspace,Kitchen,Refrigerator,Cooking basics,Dishes and silverware,Stove,Coffee maker,Free street parking,Smoking allowed,Self check-in,Building staff",,false,1,Flexible,12:00 PM,12:00 PM,false,false,INR,0,0,true,22,4.64,4.4,4.8,4.6,4.9,4.7,4.8,281.0,24050.0,15.9,1358.0,0.052,0.052,0.8,65.9,0.8,65.9,1.0,6.3,19,0,346,365,0.0,0.0,16.5,1412.9,0.0,0.0,0.0,0.0,0.0,0.0,1.0,0.0,0,0,90,90
7293011,Bedroom 2 Inside Manyata Techpark,"Ours is a fully furnished, 3BHK bungalow with well-manicured, landscaped gardens that add to the greenery around. We invite guests to use the private bedrooms in the bungalow.<br />In addition to this property being quite reachable by road, it is designed for easy access for the differently abled.<br />We also provide free parking on the premises.<br /><br /><b>The space</b><br />It’s hard to miss the beauty entrenched in our property as you walk in through the entrance, lined with ornate blooms and decorative plants.<br />The interiors of our house reflect as much cheer as the outdoors do. Huge and spacious, the tastefully decorated living room, with its ochre flooring and modern interiors, is furnished with more blooms and equipped with a combination of rustic and modern furniture.<br />The private guest rooms are bright and cheery too, the cross ventilation ensuring a steady supply of fresh breeze in the room. The room has an attached bath space, tiled and fitted with modern fixtures.<br />The classy interiors of the bedroom mirror those of well-known hotel chains, complete with a cosy double bed, wardrobes, and a writing desk, with bright, sunny colours taking over the ambience. Relax on the cosy armchair next to the window as you sip on a cup of coffee or catch up on your reading.<br />In addition to wireless intercom and internet facilities, guests may look forward to a hearty breakfast at the homestay. Never leave for your morning sojourns on an empty stomach!<br /><br /><b>Guest access</b><br />Guests may access the common areas in and outside the house<br /><br /><b>During your stay</b><br />We live in the bungalow too, and look forward to interacting with our guests. We would also be happy to help our guests with booking cabs when required, be it to the airport or any other location, as also in helping them plan their trips around the city.<br /><br /><b>Other things to note</b><br />The bungalow has an elevator in it.",Private room in home,private_room,https://a0.muscache.com/im/pictures/769dbba0-8304-4b36-9a07-c3e4442ea815.jpg,33,"https://a0.muscache.com/im/pictures/769dbba0-8304-4b36-9a07-c3e4442ea815.jpg,https://a0.muscache.com/im/pictures/60009276-c407-4811-8442-4eab8b85e12f.jpg,https://a0.muscache.com/im/pictures/10cef187-da89-4953-a2f9-81891a03bb26.jpg,https://a0.muscache.com/im/pictures/c66dea1e-0026-4c15-8be7-06ca0875c481.jpg,https://a0.muscache.com/im/pictures/775a605b-e82a-422f-a152-398071d2dd21.jpg,https://a0.muscache.com/im/pictures/842c346e-6169-42f1-81ad-c45a70d6797a.jpg,https://a0.muscache.com/im/pictures/72d81b80-8f61-477a-868a-645a64689e45.jpg,https://a0.muscache.com/im/pictures/0ce36969-a06c-43a3-93f5-61dce4bdfef6.jpg,https://a0.muscache.com/im/pictures/d5f63003-9100-4a30-825b-2c792b48aa1a.jpg,https://a0.muscache.com/im/pictures/bff68193-a46a-4c79-9b6b-6ec0daad7162.jpg,https://a0.muscache.com/im/pictures/39a32f8e-de8a-49d6-bab4-5837cd4e9eb2.jpg,https://a0.muscache.com/im/pictures/53e39b68-2980-4930-b3c0-a77076e545ff.jpg,https://a0.muscache.com/im/pictures/8a7016e2-e925-4d96-9529-fa74c9a26f37.jpg,https://a0.muscache.com/im/pictures/1a13992e-dfd0-44b1-89ba-273fd850d311.jpg,https://a0.muscache.com/im/pictures/8c45ea39-853f-4284-96e0-18a0267ebebf.jpg,https://a0.muscache.com/im/pictures/edaa9810-f09c-4394-8e91-ea674834237a.jpg,https://a0.muscache.com/im/pictures/2e0b89b7-2226-48ad-8fbe-86b0aae06ec0.jpg,https://a0.muscache.com/im/pictures/7ccbd0a0-0ccf-43f3-8afa-aac8774f3ffe.jpg,https://a0.muscache.com/im/pictures/c7f9b03c-1118-4a9d-b31b-3147e4b2cfca.jpg,https://a0.muscache.com/im/pictures/1d36d3e6-c5fa-40f9-afde-750b46fb9b01.jpg,https://a0.muscache.com/im/pictures/35816c64-975a-4cbe-87dc-755563b994aa.jpg,https://a0.muscache.com/im/pictures/c71b8fea-b1ac-4648-82cb-639dcb2a7feb.jpg,https://a0.muscache.com/im/pictures/8756941a-8739-4343-9090-5d54ae2473e3.jpg,https://a0.muscache.com/im/pictures/171b2d4c-5b6a-41e8-a4f3-dcc04239f8ff.jpg,https://a0.muscache.com/im/pictures/78332e59-4e7e-405e-a56d-266db7ccf2e5.jpg,https://a0.muscache.com/im/pictures/dbb15592-17d3-475c-b104-6c6bb9f63c1f.jpg,https://a0.muscache.com/im/pictures/9d7f46f5-36c4-47c6-a56c-ce520ada4d8e.jpg,https://a0.muscache.com/im/pictures/29127b8b-b2fb-4161-b475-c7a37dd58a20.jpg,https://a0.muscache.com/im/pictures/2b41d756-b0ca-410f-acb0-8ff0e088d8f1.jpg,https://a0.muscache.com/im/pictures/90e956ff-b05f-4ee7-87c0-9d5244380415.jpg,https://a0.muscache.com/im/pictures/545f97e2-2969-439b-834d-647349424da5.jpg,https://a0.muscache.com/im/pictures/e3cd0975-0022-45ea-9d68-13ee0286b351.jpg,https://a0.muscache.com/im/pictures/2d59d98d-691f-4b07-8751-074d75fc5770.jpg",38196019,Mukul,,,false,13.045830,77.622910,,3,3,0.0,false,"Shampoo,Essentials,Hangers,Iron,TV,Air conditioning,Fire extinguisher,First aid kit,Wifi,Dedicated workspace,Free parking on premises,Elevator",false,false,1,Flexible,12:00 PM,12:00 PM,true,false,INR,0,0,false,6,5.0,5.0,4.8,5.0,5.0,5.0,5.0,323.0,27638.0,30.1,2573.8,0.03,0.03,0.9,75.7,0.9,75.7,1.0,5.5,11,0,354,365,201.0,17199.0,28.6,2449.0,0.078,0.078,2.2,191.1,2.2,191.1,1.0,7.0,7,0,83,90
7294239,Bedroom 1 Inside Manyata Tech Park,"Ours is a fully furnished, 3BHK bungalow with well-manicured, landscaped gardens that add to the greenery around. We invite guests to use the private bedrooms in the bungalow.<br />In addition to this property being quite reachable by road, it is designed for easy access for the differently abled.<br />We also provide free parking on the premises.<br /><br /><b>The space</b><br />It’s hard to miss the beauty entrenched in our property as you walk in through the entrance, lined with ornate blooms and decorative plants.<br />The interiors of our house reflect as much cheer as the outdoors do. Huge and spacious, the tastefully decorated living room, with its ochre flooring and modern interiors, is furnished with more blooms and equipped with a combination of rustic and modern furniture.<br />The private guest rooms are bright and cheery too, the cross ventilation ensuring a steady supply of fresh breeze in the room. The room has an attached bath space, tiled and fitted with modern fixtures.<br />The classy interiors of the bedroom mirror those of well-known hotel chains, complete with a cosy double bed, wardrobes, and a writing desk, with bright, sunny colours taking over the ambience. Relax on the cosy armchair next to the window as you sip on a cup of coffee or catch up on your reading.<br />In addition to wireless intercom and internet facilities, guests may look forward to a hearty breakfast at the homestay. Never leave for your morning sojourns on an empty stomach!<br /><br /><b>Guest access</b><br />Guests may access the common areas in and outside the house.<br /><br /><b>Other things to note</b><br />The bungalow has an elevator in it.",Private room in rental unit,private_room,https://a0.muscache.com/im/pictures/c8addc4a-8c65-4ef3-aa44-4facbbe2a1b4.jpg,35,"https://a0.muscache.com/im/pictures/c8addc4a-8c65-4ef3-aa44-4facbbe2a1b4.jpg,https://a0.muscache.com/im/pictures/da7fb7b2-374e-4925-b7be-7dad72cd5c44.jpg,https://a0.muscache.com/im/pictures/094a8ba0-206a-4261-9215-9b323db5622a.jpg,https://a0.muscache.com/im/pictures/02eb4444-d3e7-48d8-9062-abc6b896f163.jpg,https://a0.muscache.com/im/pictures/2f6e89d7-e4f4-49db-aa44-0c5cb91f5ef9.jpg,https://a0.muscache.com/im/pictures/b901564b-6fab-4c72-869b-552a7ed79b77.jpg,https://a0.muscache.com/im/pictures/04ad9582-36a4-4e3e-b5da-bfccbb93e03a.jpg,https://a0.muscache.com/im/pictures/c9aca8d1-62d5-4cd4-a106-b8b807fee8d9.jpg,https://a0.muscache.com/im/pictures/1cf3b4e1-8987-42ed-be86-8e2266e52231.jpg,https://a0.muscache.com/im/pictures/04214b03-b132-4be6-9b7f-23366d3b0f8c.jpg,https://a0.muscache.com/im/pictures/d379bad8-46eb-4644-af59-f6e9fbfa51de.jpg,https://a0.muscache.com/im/pictures/5c75d179-7209-4b5c-986f-4bbacf51e065.jpg,https://a0.muscache.com/im/pictures/a19b0778-0e3e-499f-bc8b-fc21357aeab0.jpg,https://a0.muscache.com/im/pictures/aa946797-6b5b-43b9-ba31-25120408b501.jpg,https://a0.muscache.com/im/pictures/bc036e37-ba64-4de4-9b6a-81bc094f18b8.jpg,https://a0.muscache.com/im/pictures/dc7069a0-e2d0-40cf-8fe1-9c57b8aad28c.jpg,https://a0.muscache.com/im/pictures/2111db30-414c-40cd-a58a-0fcfddfbb9a8.jpg,https://a0.muscache.com/im/pictures/f142dc82-0fff-4df2-8b54-eb71dd1673a4.jpg,https://a0.muscache.com/im/pictures/a7d8c386-52aa-4764-b08b-1795858f6871.jpg,https://a0.muscache.com/im/pictures/694e0e0b-0b7b-43f6-8235-bb801b88af8f.jpg,https://a0.muscache.com/im/pictures/f4e4f6ba-823c-4feb-8916-82becbae3e68.jpg,https://a0.muscache.com/im/pictures/44aa2eea-f4dd-4da1-8b1a-33db72c08717.jpg,https://a0.muscache.com/im/pictures/eabb3f79-b324-4318-a439-de6a9f113901.jpg,https://a0.muscache.com/im/pictures/fd2095aa-415c-47df-9d97-db5b28885149.jpg,https://a0.muscache.com/im/pictures/64120a72-a24c-4f36-baad-3abb2eb5078d.jpg,https://a0.muscache.com/im/pictures/02a57d4a-e96b-4c92-8350-0f942e877172.jpg,https://a0.muscache.com/im/pictures/fbfe26c4-b037-44de-aee7-c342a24244b2.jpg,https://a0.muscache.com/im/pictures/2c8bc99d-3368-4098-aa0f-51c36306e28a.jpg,https://a0.muscache.com/im/pictures/a03a17ed-2392-4899-a5e3-81a55f7a8892.jpg,https://a0.muscache.com/im/pictures/a00677e3-ca5c-4e57-a4dc-e0cd73002b0d.jpg,https://a0.muscache.com/im/pictures/7ae2cac8-e2e9-4462-afde-98f0f5e68dba.jpg,https://a0.muscache.com/im/pictures/5ee700a0-68ae-41e8-9812-1e3dff9a371e.jpg,https://a0.muscache.com/im/pictures/d7b74d86-0ee9-46ff-a4d1-b9cb3095cd63.jpg,https://a0.muscache.com/im/pictures/8964b03b-55fd-433d-9303-170b3f6cf96d.jpg,https://a0.muscache.com/im/pictures/9ed03431-7775-4ed0-b82a-97d624347c75.jpg",38196019,Mukul,,,false,13.044410,77.621910,,,1,0.0,false,"Bathtub,Hot water,Essentials,Bed linens,Clothing storage,Air conditioning,Lock on bedroom door,First aid kit,Wifi,Dedicated workspace,Free parking on premises,Elevator,Breakfast",false,false,1,Flexible,2:00 PM,12:00 AM,true,false,INR,0,0,false,13,4.92,4.9,5.0,5.0,5.0,4.9,4.9,418.0,35767.0,29.6,2535.9,0.044,0.044,1.1,98.0,1.1,98.0,1.0,8.0,16,0,349,365,418.0,35767.0,27.0,2309.3,0.178,0.178,4.6,397.4,4.6,397.4,1.0,8.0,16,0,74,90
7317795,"Park-facing room, private balcony & home office.","Mi Casa Su Casa... Neustra Casa :) Welcome home. I love the idea of offering my guests the comforts & intimacy of a home, while remaining totally respectful to their privacy, security & unhindered accessibility.<br /><br />Be a part of an exciting, vibrant community of travelers. Bathe in an open air shower on the Patio, chill out on a hammock, enjoy breakfast with chirping birds & squirrels for company or a candle lit dinner under the stars :)<br /><br />Your home in Bangalore beckons you :)<br /><br /><b>The space</b><br />My home is a gorgeous Villa that gives a feel of a castle in a countryside with uber comforts & modern amenities. We are located in the lush green & tranquil environs of Koramangala, Bangalore in the heart of the town. <br /><br />Tucked away on a quiet street adjoining a park, this house gives you a feel of a country home. Yet, Cafes, Bars, Restaurants, high street shopping, malls & cinemas are all within only 5-20 minutes walk. All windows & balconies, barring one, open into a park. <br /><br />I consider myself a warm & courteous host along with my six furry co-hosts, Maya & her family - Charlotte, Kanmani, Leela, Mohini and the only boy, Tango-Mango. There are three more additions now. The cutest & friendlist Shih Tzu siblings: Rio, Fluff & Candy. All the dogs are groomed and the house is deep cleaned daily. <br /><br />Your room, with an attached ensuite private bathroom and a private balcony, is spacious (more of a suite) with lots of natural light, a full sized mirror, a study-area/home-office with ergonomic chair & a work desk. It can accommodate 2 guests & an extra bed for 2 can be arranged on request.<br /><br />A home is only as good as the people that inhabit it. I would love to attract guests from far & away, offer them a beautiful at-home experience with complete respect for their space & privacy. <br /><br />A discerning solo traveler who loves her comforts, values her security & wants her privacy need not necessarily opt for a lonely hotel room. Mi Casa beckons her :) to be a part of exciting, vibrant community of travelers.<br /><br /><b>Guest access</b><br />Nuestra Casa :) Remember it is our home, and apart from exclusive access to your own private bedroom, you will also have shared access to pretty much all of the house but for other bedrooms :)<br /><br />What do we have?<br /><br />-High Speed Internet (WiFi)<br />-A fully equipped Kitchen<br />-Washing Machine and dryer <br />-All common spaces such as ground floor library, living space, dining area, 1st floor lounge & terrace on the second floor.<br />-Smart TV in the 1st floor lounge.<br />-Music<br />-Resident help at home. He takes care of daily cleaning, laundry etc and is available to help guests in the kitchen. You may ask him for a nice cup of tea or coffee or run small errands for you.<br />-Beautiful terrace garden where you can chill out with a book on a hammock or on a laid back rocking chair overlooking the park, enjoy breakfast/brunch, lunch or a candle lit dinner (all meals except breakfast will be at an extra cost) <br /><br />An important point to note is that I do not charge any cleaning fee. However, I encourage guests to tip the staff for the services they render.<br /><br />Guests are free to  invite their visitors home, with prior intimation to the host, till such time space of other guests is respected. If any of guest's visitor stays the night, you pay extra occupancy or room charge,  whichever is applicable :)<br /><br /><b>During your stay</b><br />I consider myself to be a social, warm & friendly host. However, my interactions with guest solely depend on Guest's preferences. I have hosted guests from world over & I totally loved hosting each one of my guests. In the process I discovered that genuine, heartfelt warmth is precious & no amount of artificial smiles & curated services can substitute it.<br /><br /><b>Other things to note</b><br />Smoking is allowed only on the balcony or outdoors.<br /><br />A little heads-up. We have dogs at home. Six of them. Maya, my retriever princess, is the matriarch. Then we have five of her adorable puppies who are all grown up adults now. Charlotte, Kanmani, Leela, Mohini and Tango. They are all adorable, well groomed & incredibly perceptive.<br /><br />If you are not a dog lover, scared of dogs or prone to allergies, this is not the best place for you.",Private room in villa,private_room,https://a0.muscache.com/im/pictures/a14b17ef-6603-4853-9e43-b7a077cc3ecf.jpg,80,"https://a0.muscache.com/im/pictures/a14b17ef-6603-4853-9e43-b7a077cc3ecf.jpg,https://a0.muscache.com/im/pictures/1a5d1b93-9f43-445a-a5f4-943af4d9d7d8.jpg,https://a0.muscache.com/im/pictures/41bb60d5-cad7-45b2-98cd-74570845e3a1.jpg,https://a0.muscache.com/im/pictures/59b3a539-291b-4c79-ade7-0a2dec3a0238.jpg,https://a0.muscache.com/im/pictures/miso/Hosting-7317795/original/3d1178f9-e10c-400d-94b4-d3cfb8651977.jpeg,https://a0.muscache.com/im/pictures/6fadbd31-1810-4332-bfc2-2316f2e008c4.jpg,https://a0.muscache.com/im/pictures/miso/Hosting-7317795/original/92376680-1b59-48f1-a2bc-4f291369e7b5.jpeg,https://a0.muscache.com/im/pictures/miso/Hosting-7317795/original/a05f77ab-1399-46b7-9ccb-d260587ff887.jpeg,https://a0.muscache.com/im/pictures/miso/Hosting-7317795/original/9599cb8e-072b-49d3-8546-14d681e70d0b.jpeg,https://a0.muscache.com/im/pictures/miso/Hosting-7317795/original/82926bbb-c85b-4d37-8236-f7ab7d2fa707.jpeg,https://a0.muscache.com/im/pictures/miso/Hosting-7317795/original/71fe639f-43d7-4e52-b620-b2c2df09d95e.jpeg,https://a0.muscache.com/im/pictures/miso/Hosting-7317795/original/0f5602df-b6e1-49aa-a000-e9870e3e76d3.jpeg,https://a0.muscache.com/im/pictures/miso/Hosting-7317795/original/c6046aa7-96a1-4992-930c-12d4efcfa09b.jpeg,https://a0.muscache.com/im/pictures/miso/Hosting-7317795/original/60809630-f3a0-445b-ac6c-81dcfda673e3.jpeg,https://a0.muscache.com/im/pictures/miso/Hosting-7317795/original/f3f73db3-4ef3-4e08-9bce-c3abab1eec98.jpeg,https://a0.muscache.com/im/pictures/miso/Hosting-7317795/original/4b874eea-c708-4ed3-bd51-7ce4950c2c4a.jpeg,https://a0.muscache.com/im/pictures/9324f77c-16a9-4428-b3aa-149d07433967.jpg,https://a0.muscache.com/im/pictures/6bc259fb-6a53-4934-886c-c8f80d66e112.jpg,https://a0.muscache.com/im/pictures/cb9f663e-0999-4ee7-b6a2-40c1a14af097.jpg,https://a0.muscache.com/im/pictures/82014b19-bafb-46ee-981a-356bfe79aaca.jpg,https://a0.muscache.com/im/pictures/5c6b43fc-d61f-4a88-b121-a869e76a1e16.jpg,https://a0.muscache.com/im/pictures/645896df-75e5-4bcd-a9de-9c8e06786ad5.jpg,https://a0.muscache.com/im/pictures/b9785101-2460-4a1b-875c-af0d6cb285b5.jpg,https://a0.muscache.com/im/pictures/1b3538fc-f5a1-4389-a8a7-a8068f3b8ae3.jpg,https://a0.muscache.com/im/pictures/5e3f68f5-cdab-4888-bddc-1ec7e4184820.jpg,https://a0.muscache.com/im/pictures/0c6263e0-c4d0-4509-ac0b-9078a0b9327b.jpg,https://a0.muscache.com/im/pictures/miso/Hosting-7317795/original/c234c90b-b888-45be-a916-b10d336fa1b7.jpeg,https://a0.muscache.com/im/pictures/miso/Hosting-7317795/original/ee9da25a-ff16-40ed-a409-c4de4b6cf903.jpeg,https://a0.muscache.com/im/pictures/miso/Hosting-7317795/original/45726d1a-2c81-4193-a217-e10480ca910a.jpeg,https://a0.muscache.com/im/pictures/23323088-0c6c-48d6-b352-537667aa220f.jpg,https://a0.muscache.com/im/pictures/miso/Hosting-7317795/original/c37c779c-ba46-413f-a911-1db34ff19bc2.jpeg,https://a0.muscache.com/im/pictures/miso/Hosting-7317795/original/be3b3048-c9cf-49af-8fe8-e2520b9c3224.jpeg,https://a0.muscache.com/im/pictures/b779725f-aaa4-497c-af5b-b7f0b33e1088.jpg,https://a0.muscache.com/im/pictures/miso/Hosting-7317795/original/89a8a688-9166-4226-a861-1cc1ee8523a3.jpeg,https://a0.muscache.com/im/pictures/556da2ed-212d-435e-a6f0-40d9f60b61dc.jpg,https://a0.muscache.com/im/pictures/d837ac2d-2705-4b2b-8575-1642b57a79bf.jpg,https://a0.muscache.com/im/pictures/8a6b280d-ae96-4ff9-9f7e-3f0eb1bd2e44.jpg,https://a0.muscache.com/im/pictures/a34b1510-b6a2-421f-a792-6d3f5de3dcc1.jpg,https://a0.muscache.com/im/pictures/1fcdc11a-f2ad-468a-8891-610d4e3b231e.jpg,https://a0.muscache.com/im/pictures/b2fd23c1-4643-4b9a-93f8-2ac0cf31f6d1.jpg,https://a0.muscache.com/im/pictures/08546c0a-96ee-4284-ab6c-d9038ccf1141.jpg,https://a0.muscache.com/im/pictures/4b0b57a8-e9e7-47cc-bdb3-0743b1c8d887.jpg,https://a0.muscache.com/im/pictures/miso/Hosting-7317795/original/6c63af50-c7ab-42ee-b7fa-1a725b1cc0e2.jpeg,https://a0.muscache.com/im/pictures/6bfcab03-0156-46bb-b475-d12109f8cab4.jpg,https://a0.muscache.com/im/pictures/94b13cef-1edc-4028-82f5-39a3f64e7b7e.jpg,https://a0.muscache.com/im/pictures/4e9e53a4-8926-48d2-8529-bc4a44c87cdd.jpg,https://a0.muscache.com/im/pictures/f79cdb72-de81-45c1-8126-20af7ef9a5e1.jpg,https://a0.muscache.com/im/pictures/7f6f51ab-d3be-4f72-8699-bf348240ef6e.jpg,https://a0.muscache.com/im/pictures/miso/Hosting-7317795/original/1d801429-67c5-41dc-ac6d-af8cdac458ac.jpeg,https://a0.muscache.com/im/pictures/8f864eef-9922-4826-95a4-6fa6c37f4bed.jpg,https://a0.muscache.com/im/pictures/01daa6dc-0476-4257-b565-ab1e03e6d03b.jpg,https://a0.muscache.com/im/pictures/83cf241d-996c-4bf2-a5bb-8404005eb440.jpg,https://a0.muscache.com/im/pictures/f0ab0b52-2262-4471-9d85-ac4e5a8b8714.jpg,https://a0.muscache.com/im/pictures/ef6b2557-42b4-477f-9b4a-3cfcfe186295.jpg,https://a0.muscache.com/im/pictures/miso/Hosting-7317795/original/aaf78537-6216-43c3-9486-82efc0f0e8a3.jpeg,https://a0.muscache.com/im/pictures/6e32513a-97ae-4dd1-879c-ebc54c8af68b.jpg,https://a0.muscache.com/im/pictures/e4f0e845-2c84-49a5-8aee-991ab646bd26.jpg,https://a0.muscache.com/im/pictures/44604e1a-d39d-472b-87ce-5aefea409ecb.jpg,https://a0.muscache.com/im/pictures/9af5790c-2568-4afc-bc98-e0edb99e24fa.jpg,https://a0.muscache.com/im/pictures/miso/Hosting-7317795/original/8f32465f-2f7e-453e-8ba1-41561cca9c96.jpeg,https://a0.muscache.com/im/pictures/miso/Hosting-7317795/original/222ac9fd-e49e-4921-bb96-9749116cdfa0.jpeg,https://a0.muscache.com/im/pictures/bb4ac136-731c-4411-bffe-7a1d567afad5.jpg,https://a0.muscache.com/im/pictures/6562a500-00a1-489e-993c-4727787cc778.jpg,https://a0.muscache.com/im/pictures/1ac756e4-53c4-475b-aee0-78fdd887393a.jpg,https://a0.muscache.com/im/pictures/7e494140-f11b-475d-8a2f-4db2cc852ad0.jpg,https://a0.muscache.com/im/pictures/9e872d69-2fe3-4052-9f22-600bb14a23de.jpg,https://a0.muscache.com/im/pictures/cc9867f6-a8cd-4f07-a907-c84eafb7f7af.jpg,https://a0.muscache.com/im/pictures/15374f8b-e0b6-47cd-9042-f33240920f74.jpg,https://a0.muscache.com/im/pictures/e669988d-fc7e-46e8-8e10-d8c5e51519ca.jpg,https://a0.muscache.com/im/pictures/4e8dc2fd-9546-4d36-836a-51ddba55c1ba.jpg,https://a0.muscache.com/im/pictures/bbd5082c-555a-4a3f-be94-ab3b524df127.jpg,https://a0.muscache.com/im/pictures/fe15e92e-887c-433c-b39b-5c8a52d7a72c.jpg,https://a0.muscache.com/im/pictures/5aff0bbc-0951-4510-a968-9d3dae58b7ef.jpg,https://a0.muscache.com/im/pictures/f71899cf-8f85-4144-9fc6-023fde7ee215.jpg,https://a0.muscache.com/im/pictures/92846389/687bfc6a_original.jpg,https://a0.muscache.com/im/pictures/200285e4-7401-4fcf-b147-52d3e644142f.jpg,https://a0.muscache.com/im/pictures/92862956/ea6fcab1_original.jpg,https://a0.muscache.com/im/pictures/92847332/b21b0f6d_original.jpg,https://a0.muscache.com/im/pictures/95106382/f3a61910_original.jpg,https://a0.muscache.com/im/pictures/309f89f3-417a-447e-87fe-5b6a98046acf.jpg",18822386,Alok,,,true,12.929000,77.629900,,,2,0.0,false,"Garden view,Hair dryer,Cleaning products,Shampoo,Bidet,Outdoor shower,Hot water,Washer,Dryer,Essentials,Hangers,Bed linens,Extra pillows and blankets,Room-darkening shades,Iron,Drying rack for clothing,Clothing storage,Ethernet connection,TV,Sound system,Books and reading material,Crib,Air conditioning,Ceiling fan,Portable fans,Lock on bedroom door,Exterior security cameras on property,Smoke alarm,Fire extinguisher,First aid kit,Wifi,Dedicated workspace,Kitchen,Refrigerator,Microwave,Cooking basics,Dishes and silverware,Freezer,Dishwasher,Stove,Oven,Hot water kettle,Coffee maker,Wine glasses,Toaster,Baking sheet,Blender,Rice maker,Barbecue utensils,Dining table,Coffee,Private entrance,Patio or balcony,Backyard,Outdoor furniture,Hammock,Outdoor dining area,BBQ grill,Free parking on premises,Free street parking,Pets allowed,Luggage dropoff allowed,Long term stays allowed,Self check-in,Smart lock,Cleaning before checkout",false,false,1,Firm,3:00 PM,12:00 PM,true,true,INR,1,0,true,95,4.84,4.8,4.9,4.7,4.9,4.9,4.7,5722.0,489635.0,50.0,4280.6,0.312,0.333,15.6,1337.5,16.7,1427.4,1.0,5.4,114,23,251,365,1250.0,106965.0,52.0,4452.5,0.267,0.267,13.8,1182.8,13.8,1182.8,1.0,4.0,24,0,66,90
7484624,2 Bedroom Apartment in central location,"A 2 bedroom service apartment in residential yet central location of Frazer Town, Bangalore. The apartment is located within walking distance of all amenities.<br /><br /><b>The space</b><br />Spacious Two bedroom flat on the Second and Fourth floor with a large Living cum Dinning room, Kitchen with utility. Ensuite bathroom in both the bedrooms.<br /><br />Bedroom 1:<br /><br />The bedroom is well lit. We provide 24*7 house keeping service. Recently furnished with good quality furniture. Large double Wardrobe  with wooden Dressing table with a big mirror. Power Sockets near the bed with fan and light switches. 24*7 power supply with back up generator.<br /><br />Extra pillows and Blankets kept in the wardrobe for the guest to use. Clean and fresh Towels provided. Extra mattress can be provided on request for an extra charge.<br /><br />Bathroom<br /><br />Ensuite bathroom. Hygiene maintained even though it's small in size. It has modern day Cera & Jaguar bathroom fitting. Geyser for 24*7 hot water, 24*7 water supply, Shower.<br /><br />Bedroom 2:<br /><br />The bedroom is well lit. We provide 24*7 house keeping service. Recently furnished with good quality furniture. Medium size Wardrobe  with wooden Dressing table with a big mirror. Power Sockets near the bed with fan and light switches. 24*7 power supply with back up generator.<br /><br />Extra pillows and Blankets kept in the wardrobe for the guest to use. Clean and fresh Towels provided. Extra mattress can be provided on request for an extra charge.<br /><br />Bathroom<br /><br />Ensuite bathroom. Hygiene maintained even though it's small in size. It has modern day Cera & Jaguar bathroom fitting. Geyser for 24*7 hot water, 24*7 water supply, Shower.<br /><br />Kitchen<br /><br />Open modern day kitchen which connects to the living cum dinning room along with with an gas stove, Exhaust, a Electric hot water kettle, Microwave, crockery and cutlery and Utensils. Guest have full freedom to have take away food or cook a meal in the kitchen.<br /><br />Fridge with Freezer which supports all beverages. <br /><br />Living cum Dining<br /><br />Beautiful living room with a couch to hang out. Guest can rest in the living room browsing free WiFi internet.<br /><br />Metal oval Dining table with four chairs for the guests to enjoy a comfortable meal.<br /><br />Sufficient power sockets for charging of phones and laptops or other equipment.<br /><br />Security<br /><br />Main door comes with an Europa double lock for the safety and security of the guest. Both Bedroom doors comes with a lock for extra privacy for the guest.<br /><br /><b>Guest access</b><br />Entire apartment is provided for the guest's use. The apartment is accessed by the Lift or Staircase in the building.",Entire rental unit,entire_home,https://a0.muscache.com/im/pictures/miso/Hosting-7484624/original/ea1bc955-2f99-4ab7-9535-f1e1ac53dc51.jpeg,65,"https://a0.muscache.com/im/pictures/miso/Hosting-7484624/original/ea1bc955-2f99-4ab7-9535-f1e1ac53dc51.jpeg,https://a0.muscache.com/im/pictures/miso/Hosting-7484624/original/cb7c90e4-1e09-40c7-86b6-ba55d05a6dfa.jpeg,https://a0.muscache.com/im/pictures/miso/Hosting-7484624/original/b56bc3b4-f81c-432e-898e-34a8daf26ec2.jpeg,https://a0.muscache.com/im/pictures/miso/Hosting-7484624/original/07e9ae29-cc13-4b09-960f-8e390bb91e37.jpeg,https://a0.muscache.com/im/pictures/miso/Hosting-7484624/original/e46e9c59-22d6-4264-9cd9-5ac3d1994adb.jpeg,https://a0.muscache.com/im/pictures/miso/Hosting-7484624/original/25769df3-20be-4924-8458-f7e2a2a3d8fc.jpeg,https://a0.muscache.com/im/pictures/miso/Hosting-7484624/original/238576fa-e523-47c8-a199-e4e22c2e741c.jpeg,https://a0.muscache.com/im/pictures/miso/Hosting-7484624/original/a5033522-c20d-4466-8079-34e230b18059.jpeg,https://a0.muscache.com/im/pictures/miso/Hosting-7484624/original/0269863c-c593-4a61-b948-54d63792ddbb.jpeg,https://a0.muscache.com/im/pictures/miso/Hosting-7484624/original/b16f343f-8f12-423d-8bf4-8e4ecc04be05.jpeg,https://a0.muscache.com/im/pictures/miso/Hosting-7484624/original/8f39bd3d-560d-44a5-87a4-e527f2d1c045.jpeg,https://a0.muscache.com/im/pictures/miso/Hosting-7484624/original/5e57e985-40b3-47c8-ae82-f27a11b1c53c.jpeg,https://a0.muscache.com/im/pictures/miso/Hosting-7484624/original/4adc2cd3-0ece-40b6-bc2c-0af97340972b.jpeg,https://a0.muscache.com/im/pictures/miso/Hosting-7484624/original/d0114df7-36d9-443b-8e0d-dc543a9bcc04.jpeg,https://a0.muscache.com/im/pictures/miso/Hosting-7484624/original/a4921631-318e-477c-8ed8-33c0b4806520.jpeg,https://a0.muscache.com/im/pictures/miso/Hosting-7484624/original/0b135b98-6150-442e-9445-2c8e0e072c3d.jpeg,https://a0.muscache.com/im/pictures/miso/Hosting-7484624/original/0310ba98-ef30-42b6-a8bc-28c448b929d8.jpeg,https://a0.muscache.com/im/pictures/miso/Hosting-7484624/original/71779e07-6c5c-444c-a8f5-d174c0c57387.jpeg,https://a0.muscache.com/im/pictures/miso/Hosting-7484624/original/157d1d96-5c65-4399-9c70-bada59617698.jpeg,https://a0.muscache.com/im/pictures/ec6cc0ae-991d-4a66-a73d-060ef26f6dad.jpg,https://a0.muscache.com/im/pictures/miso/Hosting-7484624/original/e3f3b94e-88cf-443e-9a89-5689257b5452.jpeg,https://a0.muscache.com/im/pictures/miso/Hosting-7484624/original/09b723b5-01c4-437d-b769-9938509fc58f.jpeg,https://a0.muscache.com/im/pictures/miso/Hosting-7484624/original/ee3400d3-16af-43b5-91c8-3a419ec0c2b0.jpeg,https://a0.muscache.com/im/pictures/miso/Hosting-7484624/original/2364b532-f838-42ac-b018-0288efbb82cd.jpeg,https://a0.muscache.com/im/pictures/miso/Hosting-7484624/original/87c72560-93f7-469a-bbb1-d7fc4f08de79.jpeg,https://a0.muscache.com/im/pictures/miso/Hosting-7484624/original/6660deb2-b10d-4015-9c30-cb42fdbce31f.jpeg,https://a0.muscache.com/im/pictures/94884085/fe2bcc82_original.jpg,https://a0.muscache.com/im/pictures/94884185/665fd4ad_original.jpg,https://a0.muscache.com/im/pictures/9ea2850e-ed1f-4e17-8ede-fe97eb66a203.jpg,https://a0.muscache.com/im/pictures/a116bb7e-8fa8-40bc-839d-1cebcbd7c0eb.jpg,https://a0.muscache.com/im/pictures/106227493/01bf826a_original.jpg,https://a0.muscache.com/im/pictures/106227525/daf365ea_original.jpg,https://a0.muscache.com/im/pictures/106227557/e9db7d12_original.jpg,https://a0.muscache.com/im/pictures/106227639/856be7d6_original.jpg,https://a0.muscache.com/im/pictures/106227808/2577e509_original.jpg,https://a0.muscache.com/im/pictures/106227710/0eb868e6_original.jpg,https://a0.muscache.com/im/pictures/106227764/1e1c3dfc_original.jpg,https://a0.muscache.com/im/pictures/miso/Hosting-7484624/original/2a36345f-9c35-4398-afd5-ffa6ebe662be.jpeg,https://a0.muscache.com/im/pictures/106227884/dfb48b4f_original.jpg,https://a0.muscache.com/im/pictures/miso/Hosting-7484624/original/21789f5d-ae25-45dc-9e7f-ffc9de2bd611.jpeg,https://a0.muscache.com/im/pictures/f12f2720-f6c3-49f9-bcac-a8c327acf912.jpg,https://a0.muscache.com/im/pictures/miso/Hosting-7484624/original/519b9164-f267-4d24-9221-5a7e0f0fd34d.jpeg,https://a0.muscache.com/im/pictures/aa453827-1886-457f-91df-1758d1525d40.jpg,https://a0.muscache.com/im/pictures/7b1d86b0-0fb8-4983-a1f5-7d1e5b3d4c71.jpg,https://a0.muscache.com/im/pictures/miso/Hosting-7484624/original/e7afb2eb-3ac6-4035-8155-583d793b24e3.jpeg,https://a0.muscache.com/im/pictures/miso/Hosting-7484624/original/0643d59a-c7e6-4f1e-b7be-bd54391d6e98.jpeg,https://a0.muscache.com/im/pictures/miso/Hosting-7484624/original/c069066c-9e01-4c44-a82c-15264a320aaf.jpeg,https://a0.muscache.com/im/pictures/miso/Hosting-7484624/original/e280a456-190a-452a-b30d-9eacaffe7dcd.jpeg,https://a0.muscache.com/im/pictures/miso/Hosting-7484624/original/5289ff99-051c-4b89-b100-42f8a45aebc2.jpeg,https://a0.muscache.com/im/pictures/miso/Hosting-7484624/original/2d4816a2-e2b1-42be-9a97-50bfcbba3203.jpeg,https://a0.muscache.com/im/pictures/miso/Hosting-7484624/original/46368f38-0c38-4d24-bb7d-16ff4164060e.jpeg,https://a0.muscache.com/im/pictures/miso/Hosting-7484624/original/2e677655-4924-45d1-a4eb-c86fe700ebfb.jpeg,https://a0.muscache.com/im/pictures/miso/Hosting-7484624/original/eaf6ae79-4464-40ab-a87f-a73833932f3d.jpeg,https://a0.muscache.com/im/pictures/miso/Hosting-7484624/original/d5cfc60f-04f7-4328-8664-a1f0baccd134.jpeg,https://a0.muscache.com/im/pictures/miso/Hosting-7484624/original/1210b577-85f2-4c62-a835-50c6cd377475.jpeg,https://a0.muscache.com/im/pictures/miso/Hosting-7484624/original/fab8f651-1810-4c8f-970f-60a4e9141505.jpeg,https://a0.muscache.com/im/pictures/miso/Hosting-7484624/original/2bfe5d25-55a1-4615-b46d-fc9d806979eb.jpeg,https://a0.muscache.com/im/pictures/miso/Hosting-7484624/original/65985387-cb1d-4082-8833-333ee653cafa.jpeg,https://a0.muscache.com/im/pictures/miso/Hosting-7484624/original/c0f3a194-3717-456c-b448-f6c4bb761c44.jpeg,https://a0.muscache.com/im/pictures/miso/Hosting-7484624/original/e23b4820-27e4-4ff8-a4b4-c2e3ba5e4a44.jpeg,https://a0.muscache.com/im/pictures/miso/Hosting-7484624/original/48167f98-2afd-4697-bc80-5c05734cea68.jpeg,https://a0.muscache.com/im/pictures/miso/Hosting-7484624/original/27e5a836-bfc3-447a-9e92-ffaaefe4418f.jpeg,https://a0.muscache.com/im/pictures/miso/Hosting-7484624/original/cda61be8-011f-4d07-9f51-7990a3b1dc46.jpeg,https://a0.muscache.com/im/pictures/miso/Hosting-7484624/original/b211e7b9-24d7-436a-bc10-226d1e11afe1.jpeg,https://a0.muscache.com/im/pictures/miso/Hosting-7484624/original/23f4ba82-c990-42b2-8b0b-ed46936f5c98.jpeg",33791251,Omer,,,false,12.994800,77.616500,6,2,2,2.0,false,"Shampoo,Hot water,Washer,Essentials,Hangers,Bed linens,Extra pillows and blankets,Room-darkening shades,Iron,Mosquito net,Clothing storage,TV,Window guards,Air conditioning,Wifi,Kitchen,Refrigerator,Microwave,Dishes and silverware,Private entrance,Free parking on premises,Elevator,Luggage dropoff allowed,Smoking allowed,Long term stays allowed,Self check-in,Building staff",,false,1,Moderate,2:00 PM,12:00 PM,false,true,INR,0,0,true,94,4.59,4.7,4.9,4.5,4.9,4.8,4.5,5888.0,503817.0,33.7,2880.2,0.482,0.515,16.1,1380.3,17.2,1473.1,1.0,3.7,176,23,189,365,1160.0,99251.0,36.3,3108.8,0.356,0.478,12.9,1102.8,17.3,1481.4,1.0,3.6,32,23,58,90
7608723,"\DESIGN HEIGHTS HOME\""  INFANTRY RD""","Cosy apt tastefully designed & furnished. living & dining areas with open kitchen almost equipped for self catering ,with complimentary beverage  sachet for the first day.Very safe & have tried to think of everything we enjoy in a home is added .<br /><br /><b>The space</b><br />\design heights home\"" is situated in the central business district of BANGALORE. It is just 20mts away from the cantonment railway station.<br />INTERNATIONAL/DOMESTIC airport is one hr drive in non peak hrs.",Entire rental unit,entire_home,https://a0.muscache.com/im/pictures/99202782/8cc8a3e0_original.jpg,8,"https://a0.muscache.com/im/pictures/99202782/8cc8a3e0_original.jpg,https://a0.muscache.com/im/pictures/96565081/d9594d43_original.jpg,https://a0.muscache.com/im/pictures/99202163/f338e710_original.jpg,https://a0.muscache.com/im/pictures/99202800/2983f3dd_original.jpg,https://a0.muscache.com/im/pictures/96773591/b0232cb3_original.jpg,https://a0.muscache.com/im/pictures/99202203/def5a24c_original.jpg,https://a0.muscache.com/im/pictures/99202745/32d1b7de_original.jpg,https://a0.muscache.com/im/pictures/96565111/9a7d3dff_original.jpg",39890637,Pranothy Bopaiah,,,true,12.980950,77.600550,4,2,2,2.0,false,"Bathtub,Body soap,Hot water,Washer,Essentials,Hangers,Bed linens,Extra pillows and blankets,Iron,Drying rack for clothing,TV,Wifi,Kitchen,Refrigerator,Microwave,Cooking basics,Dishes and silverware,Stove,Free parking on premises,Elevator,Smoking allowed,Long term stays allowed,Cleaning before checkout",,false,2,Strict,10:00 AM,1:00 PM,false,false,INR,4,0,true,165,4.76,4.8,4.8,4.7,4.8,4.8,4.7,6895.0,589986.0,43.2,3696.1,0.433,0.436,18.6,1590.2,18.7,1603.3,2.0,4.4,158,3,207,365,1766.0,151112.0,44.8,3831.6,0.433,0.448,19.3,1648.6,19.9,1705.5,2.0,3.9,39,3,51,90
7792552,Home stay 3 Kms from Brigade Road,"Our place is couple friendly.<br /><br />We have been hosting with Airbnb since 2016.<br /><br />It is located centrally - 4 kms from MG Road, Majestic & Jayanagar.<br /><br />Markets & restaurants  are a 5 minute walk away. It is quite close to the main road, but, just far enough to avoid the noise, dust & traffic.  <br /><br />It is about 1 1/2 kms from HCG Cancer hospital and about 3 kms from NIMHANS Hospital. Truly a gem nestled in the heart of Bangalore, very close to the CBD :)<br /><br />*At present we are not serving breakfast<br /><br /><b>The space</b><br />Enjoy a fully furnished bedroom with bathroom attached in a beautiful apartment in the quietest location in the heart of the city of Bangalore! The decoration is very simple.   My wife and me stay at the premises and take care of it.  This bedroom space is an ideal getaway for anybody visiting Bangalore. It can accommodate from 2 guests up till 3 guests (if you take the extra mattress). There are 2 comfortable single beds which can be combined to make a large roll-around bed. The room has a writing table and chair, wardrobe, enough plug points to charge your electronics, and attached bathroom with hot water. Toiletries are on the house.<br /><br />Did we forget to mention a kitchen? Yup, there's even a common kitchen with all the necessary equipment, where you can cook a nice meal or two. But if you're not in the mood, there is a large variety of eateries nearby to feed you hungry stomach.<br /><br />You can access a small sit out to grab a cup of coffee, or a nice cold drink, and enjoy the pleasant weather of Bangalore.<br /><br />*Update - At present we do not serve breakfast <br /><br />Tea/Coffee is provided as per guests requirements<br /><br />We do have other rooms on the same property for your use. Links for these properties are given below<br /><br />1. Deluxe Room -<br />https://www.airbnb.co.in/hosting/listings/editor/23498913/details/custom-link<br /><br />2. Cozy Room - <br />https://www.airbnb.co.in/hosting/listings/editor/8054274/details/custom-link<br /><br />3. Sushrutha Special AC Room<br />https://www.airbnb.co.in/hosting/listings/editor/818729484084253122/details/custom-link<br /><br />You can book multiple rooms based on your requirement<br /><br /><b>Guest access</b><br />A nice and cozy bedroom with two beds, a sofa, writing table, cupboards for storage, free wifi, and  homely South Indian breakfast.<br />Guests have access to a comfortable bedroom with an attached bathroom.<br />Amenities are:<br />- Wifi<br />- Shared TV (with all English and Sports channels)<br />- Delicious home cooked Breakfast which is on us!! :) <br />- Lunch & Dinner (You can access the kitchen and cook for yourselves)<br />- Free Parking on Premises<br />- Heater  <br />- Domestic Pet as guard<br /><br /><b>During your stay</b><br />We like to help our guests in all possible ways. We believe in having lovely interactive conversations with our guests over the deliciously cooked breakfast by wife which is served with love and affection. Guests are free to use our knowledge of Bangalore and the surrounding areas. We can guide them on their shopping, or sightseeing needs.",Private room in home,private_room,https://a0.muscache.com/im/pictures/102419441/be2fcd3a_original.jpg,24,"https://a0.muscache.com/im/pictures/102419441/be2fcd3a_original.jpg,https://a0.muscache.com/im/pictures/102419465/003d53e5_original.jpg,https://a0.muscache.com/im/pictures/102419531/f45b0ddf_original.jpg,https://a0.muscache.com/im/pictures/102419416/ad2c4719_original.jpg,https://a0.muscache.com/im/pictures/102419458/1a5ef85d_original.jpg,https://a0.muscache.com/im/pictures/102419428/4e609095_original.jpg,https://a0.muscache.com/im/pictures/102419472/91d10778_original.jpg,https://a0.muscache.com/im/pictures/102419438/d7cbe076_original.jpg,https://a0.muscache.com/im/pictures/102419450/ead56e1f_original.jpg,https://a0.muscache.com/im/pictures/102419523/7323bbc4_original.jpg,https://a0.muscache.com/im/pictures/102419518/48d4f46f_original.jpg,https://a0.muscache.com/im/pictures/102419536/214e300e_original.jpg,https://a0.muscache.com/im/pictures/99152312/0738de77_original.jpg,https://a0.muscache.com/im/pictures/1b6d2925-5b78-4ceb-89a4-7ded39dd8816.jpg,https://a0.muscache.com/im/pictures/89f82621-3fbd-4a2b-956d-7b6ea2cf661a.jpg,https://a0.muscache.com/im/pictures/b8ba11c0-5f05-48b7-b175-d7a76e3a5a09.jpg,https://a0.muscache.com/im/pictures/c855c0f6-dbcb-4289-9c6f-4b67bf0f8036.jpg,https://a0.muscache.com/im/pictures/b0117db4-837e-412c-a063-6cefb8498fb9.jpg,https://a0.muscache.com/im/pictures/b144921b-948b-4440-9b74-a7c6706d85ed.jpg,https://a0.muscache.com/im/pictures/1ac531ef-6fbc-4510-9b06-a71ba87cf19e.jpg,https://a0.muscache.com/im/pictures/3717288d-1cd4-4aae-a05b-cb331e6f09e4.jpg,https://a0.muscache.com/im/pictures/991bceac-0ace-426e-8cd9-617d5c87100b.jpg,https://a0.muscache.com/im/pictures/f598938d-f21c-43fe-b5c3-29c813f47245.jpg,https://a0.muscache.com/im/pictures/hosting/Hosting-7792552/original/05dd20a6-ba35-4dd5-a79c-fed7a8faecb7.png",41014842,Vijay,51043528,Abhishek,false,12.958110,77.597030,,,1,0.0,false,"Hair dryer,Shampoo,Hot water,Essentials,Hangers,Iron,Crib,Heating,Lock on bedroom door,First aid kit,Wifi,Dedicated workspace,Cooking basics,Private entrance,Backyard,Free parking on premises,Free street parking,Pets allowed,Luggage dropoff allowed,Host greets you",,false,1,Limited,,12:00 AM,false,false,INR,3,5,true,81,4.44,4.4,4.7,4.1,4.7,4.7,4.4,342.0,29266.0,20.0,1711.2,0.052,0.052,0.9,78.8,0.9,78.8,1.0,6.3,19,0,346,365,0.0,0.0,21.1,1806.3,0.0,0.0,0.0,0.0,0.0,0.0,1.0,0.0,0,0,90,90
8054274,Cozy Room 3 Kms from Brigade Road,"Our place is couple friendly.<br /><br />We have been hosting with Airbnb since 2016.<br /><br />It is located centrally - 4 kms from MG Road, Majestic & Jayanagar.<br /><br />Markets & restaurants  are a 5 minute walk away. It is quite close to the main road, but, just far enough to avoid the noise, dust & traffic.  <br /><br />It is about 1 1/2 kms from HCG Cancer hospital and about 3 kms from NIMHANS Hospital. Truly a gem nestled in the heart of Bangalore, very close to the CBD :)<br /><br />*At present we are not serving breakfast<br /><br /><b>The space</b><br />Enjoy a fully furnished bedroom with a modern bathroom attached in a beautiful house in a quiet location in the heart of the city of Bangalore! The decoration is very simple.   My wife and me stay at the homestay and take care of our guests. This bedroom space is an ideal getaway for anybody visiting Bangalore. It can accommodate  2 guests. There is a comfortable double bed. The room has a wardrobe and enough plug points to charge your electronics, and an attached modern bathroom with hot water and shower facility. Toiletries are on the house.<br /><br />There are large variety of eateries nearby to feed your hungry stomach. Also you can use Swiggy and Zomato to deliver food.<br /><br />You can access a small sit out to grab a cup of coffee, or a nice cold drink, and enjoy the pleasant weather of Bangalore.<br /><br />We provide coffee/tea on request.<br /><br />1. Cozy Room -<br />https://www.airbnb.co.in/hosting/listings/editor/8054274/details/custom-link<br /><br />2. Home Stay - https://www.airbnb.co.in/hosting/listings/editor/7792552/details/custom-link<br /><br />3. Sushrutha Special AC Room<br />https://www.airbnb.co.in/hosting/listings/editor/818729484084253122/details/custom-link<br /><br />You can book multiple rooms based on your requirement<br /><br /><b>Guest access</b><br />A nice and cozy bedroom with a double bed & cupboard for storage.<br /><br />We have provided a table for your work. <br /><br />We also provide you with high speed internet (around 300 mpbs).<br /><br />Guests have access to a comfortable bedroom and bathroom. <br /><br />For Deluxe Room the bathroom is just outside the room and is for the exclusive use of the guest using Deluxe Room.<br /> <br />For all other rooms the bathroom is attached.<br />Amenities are:<br />- High speed internet (300+ MBPS)<br />- Free Parking on Premises<br />- Heater  <br />- Iron Box<br /><br /><b>During your stay</b><br />We like to help our guests in all possible ways. We believe in having lovely interactive conversations with our guests.<br /><br />Guests are free to use our knowledge of Bangalore and the surrounding areas. We can guide them on their shopping, or sightseeing needs.<br /><br /><b>Other things to note</b><br />Guests can come in and go at their convenience, there are no restrictions. They have access to their rooms at any time of the day or night. <br /><br />Our place is couple friendly.<br /><br />You are welcome to use our kitchen for your cooking. However please note that you have to bring in all the ingredients required, we will provide the infrastructure like stove vessels etc., Also please note that you can only COOK VEGETARIAN FOOD. You can order and eat non vegetarian food in your rooms. Only cooking of Non Vegetarian food is not permitted. I hope you understand. If you have any doubts please let me know I will address them. Please note that you can cook eggs if you wish. You can refrigerate your food (Vegetarian Food).<br /><br />Smoking and alcohol is permitted in the common areas, but we request you not to smoke inside the rooms.",Private room in home,private_room,https://a0.muscache.com/im/pictures/103086925/84d60198_original.jpg,24,"https://a0.muscache.com/im/pictures/103086925/84d60198_original.jpg,https://a0.muscache.com/im/pictures/103086931/0091ace3_original.jpg,https://a0.muscache.com/im/pictures/103086933/d6324509_original.jpg,https://a0.muscache.com/im/pictures/103086938/02c25abb_original.jpg,https://a0.muscache.com/im/pictures/103087008/2d72be55_original.jpg,https://a0.muscache.com/im/pictures/103087012/93e68893_original.jpg,https://a0.muscache.com/im/pictures/103087019/342f759d_original.jpg,https://a0.muscache.com/im/pictures/103087042/a70fef75_original.jpg,https://a0.muscache.com/im/pictures/103087050/6fe98ac3_original.jpg,https://a0.muscache.com/im/pictures/103087059/9e433a75_original.jpg,https://a0.muscache.com/im/pictures/103087073/9e3663bb_original.jpg,https://a0.muscache.com/im/pictures/106119182/2f1da11f_original.jpg,https://a0.muscache.com/im/pictures/106119196/52d1e2af_original.jpg,https://a0.muscache.com/im/pictures/106119221/396ba125_original.jpg,https://a0.muscache.com/im/pictures/106119244/991502fb_original.jpg,https://a0.muscache.com/im/pictures/106119856/b2654a40_original.jpg,https://a0.muscache.com/im/pictures/07f74c05-5f7e-4893-8d59-428c2ce330ea.jpg,https://a0.muscache.com/im/pictures/219586da-1bcf-4dc7-938f-9485b3e40fd2.jpg,https://a0.muscache.com/im/pictures/9ce8f079-ba9b-4e23-869d-8a57c0235be0.jpg,https://a0.muscache.com/im/pictures/913fdace-17bf-4d59-9903-6931e0c18781.jpg,https://a0.muscache.com/im/pictures/ff70bc05-ce39-4d07-9d70-9384ff22276b.jpg,https://a0.muscache.com/im/pictures/a5caaf08-c154-4243-8fff-9db70fd22483.jpg,https://a0.muscache.com/im/pictures/5b984495-850f-468d-951a-4b884f401fca.jpg,https://a0.muscache.com/im/pictures/hosting/Hosting-8054274/original/5e6138e9-af81-4165-ae43-3d692099f718.png",41014842,Vijay,51043528,Abhishek,false,12.958300,77.595190,,,1,0.0,false,"Garden view,Bathtub,Hair dryer,Shampoo,Body soap,Bidet,Hot water,Washer,Essentials,Hangers,Bed linens,Extra pillows and blankets,Iron,TV,Crib,Children’s books and toys,Ceiling fan,Heating,Lock on bedroom door,First aid kit,Wifi,Dedicated workspace,Kitchen,Microwave,Cooking basics,Dishes and silverware,Oven,Dining table,Coffee,Private entrance,Laundromat nearby,Patio or balcony,Backyard,Free parking on premises,Free street parking,Pets allowed,Luggage dropoff allowed,Long term stays allowed,Self check-in,Building staff,Cleaning before checkout",,false,1,Limited,,12:00 PM,false,false,INR,2,5,true,132,4.55,4.6,4.9,4.3,4.9,4.8,4.6,1033.0,88388.0,19.8,1693.2,0.142,0.142,2.8,237.5,2.8,237.5,1.0,3.7,52,0,313,365,299.0,25582.0,20.6,1759.7,0.156,0.156,3.3,278.5,3.3,278.5,1.0,4.7,14,0,76,90
8057065,Oberhome Independent Villa-Outdoor Jaccuzi & Grill,"Oberhome is within city limits but away from the rush and dust of the city. Located in a green area. Your independent 4 bedroom house(2 bedrooms A/C) with all facilities Included. Full time care taker staying outside the house for any help needed. from 17 the Feb 2020 we add a new feature outdoor Jaccuzi and Grill<br /><br /><b>The space</b><br />A great family house with ethinic interiors. The house is within city limits but once you find the place u will be surprised with the greenery outside. Your nights will be quite and peaceful with great silence all around and you will be get up a nice wakeup call from the birds twitter in the morning outdoor Jaccuzi and grill new feature added from 17 th feb 2020<br /><br /><b>Guest access</b><br />Entire house of bath attached 4 bedrooms in which 2 bedrooms are Air-conditioned , Two great living room with TV long and bar!. great balcony and nice open terrace on 1800 Sqm. nice garden to walk and sit outside if you like too.. Great Kitchen with equipments. Work area and wash area with washing machine",Entire bungalow,entire_home,https://a0.muscache.com/im/pictures/102690236/0c266228_original.jpg,25,"https://a0.muscache.com/im/pictures/102690236/0c266228_original.jpg,https://a0.muscache.com/im/pictures/102690081/9dfaa6e2_original.jpg,https://a0.muscache.com/im/pictures/102690120/659ec830_original.jpg,https://a0.muscache.com/im/pictures/102690095/a138a474_original.jpg,https://a0.muscache.com/im/pictures/102690157/8e9db778_original.jpg,https://a0.muscache.com/im/pictures/102690175/b4c3267c_original.jpg,https://a0.muscache.com/im/pictures/102690208/7f3bd3ae_original.jpg,https://a0.muscache.com/im/pictures/102690215/7dc95d3c_original.jpg,https://a0.muscache.com/im/pictures/102690259/a98cecb4_original.jpg,https://a0.muscache.com/im/pictures/102690276/0f644d39_original.jpg,https://a0.muscache.com/im/pictures/102690296/a285d563_original.jpg,https://a0.muscache.com/im/pictures/102690318/821de842_original.jpg,https://a0.muscache.com/im/pictures/102703931/91104d93_original.jpg,https://a0.muscache.com/im/pictures/102703948/677cbb52_original.jpg,https://a0.muscache.com/im/pictures/102703954/2c877613_original.jpg,https://a0.muscache.com/im/pictures/9837afa7-d261-4abd-9249-f687847ef857.jpg,https://a0.muscache.com/im/pictures/aa3833b8-5099-405b-9d52-abf80985c5b7.jpg,https://a0.muscache.com/im/pictures/80a74239-4cc2-4e5a-9660-f3ca842c331c.jpg,https://a0.muscache.com/im/pictures/3b62d083-4fab-44cd-a79b-8b5a93c09c0b.jpg,https://a0.muscache.com/im/pictures/7f7b3408-2a58-49f2-bff5-362d2b78e72a.jpg,https://a0.muscache.com/im/pictures/hosting/Hosting-U3RheVN1cHBseUxpc3Rpbmc6ODA1NzA2NQ%3D%3D/original/a9dfb3a1-4a6a-49d8-b6a9-a088a763fa7a.jpeg,https://a0.muscache.com/im/pictures/hosting/Hosting-U3RheVN1cHBseUxpc3Rpbmc6ODA1NzA2NQ%3D%3D/original/1bd4aeb5-d7d3-4fe9-bcb7-055107529b3e.jpeg,https://a0.muscache.com/im/pictures/hosting/Hosting-U3RheVN1cHBseUxpc3Rpbmc6ODA1NzA2NQ%3D%3D/original/110242b2-7ab5-4327-87ee-e26432c4e211.jpeg,https://a0.muscache.com/im/pictures/hosting/Hosting-U3RheVN1cHBseUxpc3Rpbmc6ODA1NzA2NQ%3D%3D/original/2c3fc927-6fd2-4a15-9ed4-ddacbccdc4cf.jpeg,https://a0.muscache.com/im/pictures/hosting/Hosting-U3RheVN1cHBseUxpc3Rpbmc6ODA1NzA2NQ%3D%3D/original/c0fc93e0-37d2-4ab3-9104-1671750c474a.jpeg",23234292,Rajesh Kumar,,,false,13.095340,77.532780,8,4,4,4.0,false,"Bathtub,Shampoo,Hot water,Washer,Essentials,Hangers,Bed linens,Extra pillows and blankets,Iron,TV,Air conditioning,Heating,Wifi,Kitchen,Refrigerator,Microwave,Cooking basics,Dishes and silverware,Stove,Patio or balcony,Backyard,BBQ grill,Free parking on premises,Long term stays allowed,Host greets you",,false,1,Moderate,2:00 PM,12:00 PM,false,false,INR,10,0,true,315,4.72,4.7,4.8,4.5,4.8,4.6,4.6,8207.0,702265.0,95.8,8197.4,0.227,0.227,21.9,1877.1,21.9,1877.1,1.0,2.0,83,0,282,365,93.0,7958.0,99.0,8467.4,0.011,0.011,1.0,88.4,1.0,88.4,1.0,1.0,1,0,89,90
8304751,furnished entire 2BHK  Flat close to JP Morgan,"Well furnished independent 2BHK  Flat for rent . daily weekly or monthly basis, opposite to Innovative Multiplex/ close to Outer ring road Marathahalli, Close to ECO SPACE, Bagmane Tech Park, Embessy Tech park, Intel, etc<br /><br /><b>The space</b><br />Enjoy a fully furnished independent 2 BHK apartment with modern furniture. The apartment is on the 1st floor and has 2 bedrooms for a comfortable stay. The place is spacious and airy also you will be able enjoy morning sunlight in there. The house is very near and tidy, it is an ideal getaway for anybody visiting Bengaluru. It can accommodate 4 guests. Additional over 4 guests, charges are Rs 500 (Rs800 for extra mattresses).  The apartment is equipped with modern kitchen loaded with utensils, the guests are free to cook whatever they like. The place has a dining table, wardrobes and enough plug points to charge your electronics. There is also a caretaker available on call to the property.<br /><br /><b>Guest access</b><br />The guests will have access to the kitchen,hall and balcony. Kitchen will be accessible all time and guests are free to enter there and whenever they like. There is also a washing machine available in the property.The guests will also have access to a beautiful terrace on request.<br /><br /><b>Other things to note</b><br />Please note that accessing our property from the Outer Ring Road may be difficult some times due to narrow roads.This might cause a slight inconvenience when arriving by cab. However, once you check in, daily commuting is convenient as you can easily walk just 150 meters to the Outer Ring Road to catch public transportation.<br /><br />For any issues or assistance during your stay, please use the Airbnb messenger or contact our caretaker directly. We are committed to providing the best service possible and will address any concerns promptly.<br /><br />Our flat is a spacious 2-bedroom unit with a kitchen and hall, located on the first/second floor and there is no elevator. Please note that the washing machine is in a common area for shared use.",Entire rental unit,entire_home,https://a0.muscache.com/im/pictures/fea3baf8-3645-4980-99e0-8824e348d6b6.jpg,29,"https://a0.muscache.com/im/pictures/fea3baf8-3645-4980-99e0-8824e348d6b6.jpg,https://a0.muscache.com/im/pictures/8ec57c5a-8c1f-4f53-a164-c8019dc14ac7.jpg,https://a0.muscache.com/im/pictures/be2288e3-8193-4e3a-ad9e-e29e3e6802bb.jpg,https://a0.muscache.com/im/pictures/69019746-5b3e-48a1-9c00-9b12aa649c17.jpg,https://a0.muscache.com/im/pictures/b28ab018-4201-4fa6-850e-053d8b89f76b.jpg,https://a0.muscache.com/im/pictures/f2006adc-ed61-4b22-b17c-6c2f929a1e52.jpg,https://a0.muscache.com/im/pictures/5187a8c7-74db-4cc2-ad26-4339fcc78aa1.jpg,https://a0.muscache.com/im/pictures/4f4e206c-ef7e-47b9-94b7-7c5a5a566f22.jpg,https://a0.muscache.com/im/pictures/ec894b39-3ede-49fc-ba2e-0e4573a00d8f.jpg,https://a0.muscache.com/im/pictures/f86d3cb9-b6eb-461c-8d2a-f91aeea92392.jpg,https://a0.muscache.com/im/pictures/e2bb64bb-bbb6-4855-831a-76311abb0a68.jpg,https://a0.muscache.com/im/pictures/250efcee-6432-4446-bfb7-7f6dbf84bc51.jpg,https://a0.muscache.com/im/pictures/f75f2851-6642-41c1-8d71-877821a095fe.jpg,https://a0.muscache.com/im/pictures/3e957fc2-aa06-4499-82a6-7a533eeeebfa.jpg,https://a0.muscache.com/im/pictures/747dcc3f-5dba-4718-84c1-087ee10d1b00.jpg,https://a0.muscache.com/im/pictures/7694bc00-0932-4767-84c5-d34ef75774d9.jpg,https://a0.muscache.com/im/pictures/d09c4c89-b47b-4e93-a489-d2ebf61049a1.jpg,https://a0.muscache.com/im/pictures/a1a8784f-bee5-491e-bc03-eac333aa3801.jpg,https://a0.muscache.com/im/pictures/413fd287-d5af-46a9-a2b5-a35c179a7fd2.jpg,https://a0.muscache.com/im/pictures/5b2180f3-edc7-43c4-ba88-2aaa193d9c7f.jpg,https://a0.muscache.com/im/pictures/53f17e7a-5138-4a2f-bd30-74a33d4ca308.jpg,https://a0.muscache.com/im/pictures/73275d40-ec88-45ef-8f9d-913ce23edf39.jpg,https://a0.muscache.com/im/pictures/7fc12e58-c5a3-4767-8180-915ddd279277.jpg,https://a0.muscache.com/im/pictures/2a2c54d6-8adb-42e7-9686-65eba99c11d5.jpg,https://a0.muscache.com/im/pictures/107531242/527c2e8f_original.jpg,https://a0.muscache.com/im/pictures/108226262/d11eb3ac_original.jpg,https://a0.muscache.com/im/pictures/108226210/062ef869_original.jpg,https://a0.muscache.com/im/pictures/108226326/af2ab951_original.jpg,https://a0.muscache.com/im/pictures/108227356/c0f0d0bf_original.jpg",30540378,Dev,,,false,12.953400,77.701200,8,2,2,2.0,false,"Shampoo,Hot water,Washer,Dryer,Essentials,Hangers,Iron,TV,Exterior security cameras on property,Fire extinguisher,Wifi,Kitchen,Free parking on premises,Luggage dropoff allowed,Smoking allowed,Long term stays allowed",false,false,1,Firm,12:00 PM,11:00 AM,false,true,INR,7,0,true,114,4.46,4.4,4.6,4.4,4.7,3.9,4.4,6894.0,589896.0,35.4,3032.6,0.518,0.518,18.6,1593.2,18.6,1593.2,1.0,9.5,189,0,176,365,1847.0,158036.0,35.7,3050.9,0.567,0.567,20.2,1729.3,20.2,1729.3,1.0,8.5,51,0,39,90
8452000,Five Seasons | Eco Retreat | Terrace Top Nest,"A cozy setting in a friendly & vibrant neighborhood where time stands still & you experience the Five Seasons House charm and India in a nut shell.<br /><br />The Terrace Top room proves to be  a perfect balance of light, air & sound providing an off the grid experience. Our foundation supports social impact and you power your penny to the right pockets.<br /><br /><b>The space</b><br />Five Seasons was rebuilt & re-purposed, brick by brick, with every inch of wood and metal recycled. The house took nearly five years to complete, all because, Pilgrim India Foundation believed that love’s labour was not going to be lost at the Dutt's old family home.<br /><br />The result is a painstakingly handcrafted home with creative nooks and corners that make you pause and re-look at sustainable living with fresh new eyes. There is the wasted metal and wood that has been turned into candle holders, old speaker metal parts that now function as ceilings, creaking water pipes which hold food on the dining table, old upholstery which is now the roof of the security cabin – every piece of furniture, wall and foundation in Vijay Dutt’s home for all seasons has a story to tell and a message to (website hidden)-using everything in sight<br />Pilgrim India Foundation at Dutt’s residence practises the 3Rs of waste management to the T. Outside the home you can see the majestic Ficus Elastica. You will never guess that it was a dump yard earlier and that the foundation adopted the tree, cleared out the dump, built a fence and using old tyres, left over paint and waste mud, created a mini rock garden.<br /><br />The house blends seamlessly with its surroundings – it almost seems like an extension of the greenery outside. There is a perfect balance between light and air at the entry and exit of the hallway giving the impression that there is a connect indoors and outdoors; the squirrels get duped and run to and fro in to the house. At the entrance you can also glimpse a fascinating recycled artwork made from the spare parts of an ambassador car.<br /><br />The living room is almost carbon free with its recycled furniture and up-cycled upholstery and the feeling permeates as you go through the house -through the organic furnishings, a recycled dog house, old trunks, re-purposed stone slabs, furniture made from water hyacinth, all vying for attention. The Dutt family has spent years in the handicraft and handloom sector, a deep knowledge they bring to the design sensibilities inside the house.<br /><br />Sharing the joys of earth-friendly living<br />The fruits of a sustainable life are too precious to be enjoyed alone, say the family – parts have been let out by Pilgrim India as a community centre to encourage a holistic lifestyle encompassing art, health, food along with spiritual sessions like a Satsang, yoga, mediation, community gathering for contemplation etc.<br /><br /><b>Guest access</b><br />High Speed WiFi Fiber Internet: Complimentary<br /><br />Payable:  Guests have to pay extra for using:<br />•South Indian breakfast is Rs.150/- per head<br />•Cable TV in the room is Rs.500/- [30 Days]<br />•Food charges extra as per selection.<br /><br />Maintenance:<br />•Room and Bathroom cleaning is Rs.200/- per time.<br />•Change of Bed linen is Rs.200/- per time.<br />•Laundry room including Washing and Drying Rs.150- per time <br />* Kid cot is available on request.<br /><br /><b>During your stay</b><br />As much as the guest is comfortable with. We are down to earth, humble and a friendly family.<br /><br /><b>Other things to note</b><br />Core Initiatives at Five Seasons House: <br />Pilgrim India Foundation was established in 2004, at Rabindranath Tagore Nagar, Bangalore and is an environment minded N.G.O with many earth initiatives at its core.Our five rooms for home stay help fund our foundation activities.<br /><br />A vision to have community coordinators all over India,a model facilitating the free flow of goods & services on a 'fair-trade' & 'share-for-sure' basis is waiting to be launched with the co-work model,where we have individual curators & promote crowd sourcing.",Private room in home,private_room,https://a0.muscache.com/im/pictures/586fd69d-52aa-412a-9704-55c7dea595b7.jpg,18,"https://a0.muscache.com/im/pictures/586fd69d-52aa-412a-9704-55c7dea595b7.jpg,https://a0.muscache.com/im/pictures/06552255-af6f-4818-89e4-fe1661849a81.jpg,https://a0.muscache.com/im/pictures/20decf1e-d063-4807-b59b-9a5cb307d771.jpg,https://a0.muscache.com/im/pictures/a7a3e7aa-e0ae-4e3a-a184-29bbd72ecd07.jpg,https://a0.muscache.com/im/pictures/a23bd208-5178-41ea-83d6-f7d03b4b8a8c.jpg,https://a0.muscache.com/im/pictures/a2c066e5-2152-4342-b12a-6465422434e6.jpg,https://a0.muscache.com/im/pictures/36fbec75-bae8-4767-adb3-74361f083a18.jpg,https://a0.muscache.com/im/pictures/ad0a391a-722b-48e8-89d9-edbbbe9c4850.jpg,https://a0.muscache.com/im/pictures/1ab6e9b6-3c6d-4f72-9f95-2c97a0090392.jpg,https://a0.muscache.com/im/pictures/af219155-9fb7-4b46-9656-2773f7311635.jpg,https://a0.muscache.com/im/pictures/814a2dff-e5c2-4972-bb65-b0a615c8cdf6.jpg,https://a0.muscache.com/im/pictures/a2c351f6-59d1-4941-b593-dc291ca2907f.jpg,https://a0.muscache.com/im/pictures/a145ef33-ae1d-4bcd-b6e8-5726ff35159e.jpg,https://a0.muscache.com/im/pictures/ec41a6a3-60ea-49a3-95ad-ec2f36f6e2f2.jpg,https://a0.muscache.com/im/pictures/4c258d4f-7c54-4308-9b6e-7823ad73de54.jpg,https://a0.muscache.com/im/pictures/592a0ca8-aec8-4bc6-8619-f1423db4686e.jpg,https://a0.muscache.com/im/pictures/23dfc32b-c0b3-455f-afb6-e1b718b9173f.jpg,https://a0.muscache.com/im/pictures/f4866748-9541-4b4d-9861-5f902ee5aaf1.jpg",13985368,Vijay,,,true,13.027810,77.599550,,,1,0.0,false,"Hot water,Washer,Dryer,Essentials,Hangers,Bed linens,Extra pillows and blankets,Iron,Ethernet connection,TV,Lock on bedroom door,Exterior security cameras on property,Fire extinguisher,First aid kit,Wifi,Kitchen,Refrigerator,Microwave,Cooking basics,Dishes and silverware,Stove,Coffee maker,Patio or balcony,Backyard,Free street parking,Elevator,Gym,Luggage dropoff allowed,Smoking allowed,Long term stays allowed",,false,1,Moderate,1:00 PM,10:00 AM,true,false,INR,5,5,true,45,4.82,4.9,4.9,4.8,5.0,4.8,4.8,1553.0,132887.0,16.1,1374.3,0.277,0.277,4.0,345.3,4.0,345.3,1.0,6.3,101,0,264,365,109.0,9330.0,15.7,1342.7,0.078,0.078,1.2,98.9,1.2,98.9,1.0,7.0,7,0,83,90
8608935,NoMads Group Stays - HSR Layout,"RENOVATED 3 bedroom Luxurious Spacious Duplex Apartment with A/C and Satellite tv in rooms, 3 spacious living areas, Binge watch on Smart TV Netflix/Amazon Prime/Hotstar/Extreme, a cozy corner, 2 high-speed Wi-Fi connections, equipped kitchen with utensils and crockery.<br /><br />* All reviews for this property can be viewed on NoMads Cozy Comforts, NoMads Group Stays & Deal - Book 6 nights,  get 2 nights free.<br /><br /><b>The space</b><br />It's all about old fashioned hospitality. It sure is HOME away from HOME. Happy Travels.<br /><br />If you have any reservations about dirty linen & bathrooms, you have chosen the right property.<br /><br />\ Cleanliness is a state of purity",Entire rental unit,entire_home,https://a0.muscache.com/im/pictures/hosting/Hosting-U3RheVN1cHBseUxpc3Rpbmc6ODYwODkzNQ%3D%3D/original/c99b566f-819a-4b39-8a74-6614fd9ec332.jpeg,30,"https://a0.muscache.com/im/pictures/hosting/Hosting-U3RheVN1cHBseUxpc3Rpbmc6ODYwODkzNQ%3D%3D/original/c99b566f-819a-4b39-8a74-6614fd9ec332.jpeg,https://a0.muscache.com/im/pictures/hosting/Hosting-U3RheVN1cHBseUxpc3Rpbmc6ODYwODkzNQ%3D%3D/original/4da6df9c-7479-4f46-9e83-a85d5de5d29f.jpeg,https://a0.muscache.com/im/pictures/339fe5e4-8738-44d3-b5f1-ad64ce3f7ef5.jpg,https://a0.muscache.com/im/pictures/a45b905f-36e6-43f9-9912-a0ac42bed217.jpg,https://a0.muscache.com/im/pictures/hosting/Hosting-U3RheVN1cHBseUxpc3Rpbmc6ODYwODkzNQ%3D%3D/original/8b18dbc4-d5de-4626-955b-66f70895148e.jpeg,https://a0.muscache.com/im/pictures/hosting/Hosting-U3RheVN1cHBseUxpc3Rpbmc6ODYwODkzNQ%3D%3D/original/ab0a6daf-0e8a-406c-8d46-6bb5a3b9c369.jpeg,https://a0.muscache.com/im/pictures/hosting/Hosting-U3RheVN1cHBseUxpc3Rpbmc6ODYwODkzNQ%3D%3D/original/673f7852-6181-4be1-a180-162ceeaeb587.jpeg,https://a0.muscache.com/im/pictures/hosting/Hosting-U3RheVN1cHBseUxpc3Rpbmc6ODYwODkzNQ%3D%3D/original/563a7f3e-06bd-4bea-bd63-196b829ea387.jpeg,https://a0.muscache.com/im/pictures/hosting/Hosting-U3RheVN1cHBseUxpc3Rpbmc6ODYwODkzNQ%3D%3D/original/a8a04dfc-c418-4986-9022-921f56695f06.jpeg,https://a0.muscache.com/im/pictures/hosting/Hosting-U3RheVN1cHBseUxpc3Rpbmc6ODYwODkzNQ%3D%3D/original/3e9c5c75-ca5f-4b00-b5e0-3a5d3c228010.jpeg,https://a0.muscache.com/im/pictures/hosting/Hosting-U3RheVN1cHBseUxpc3Rpbmc6ODYwODkzNQ%3D%3D/original/a004fd6c-1545-4fa2-b77b-86d8a1491aa0.jpeg,https://a0.muscache.com/im/pictures/hosting/Hosting-U3RheVN1cHBseUxpc3Rpbmc6ODYwODkzNQ%3D%3D/original/e1433129-7eee-4e65-8aab-5623f75d4cd4.jpeg,https://a0.muscache.com/im/pictures/hosting/Hosting-U3RheVN1cHBseUxpc3Rpbmc6ODYwODkzNQ%3D%3D/original/66f91b8e-fbe8-48ec-85e3-a2e79e3dcc69.jpeg,https://a0.muscache.com/im/pictures/hosting/Hosting-U3RheVN1cHBseUxpc3Rpbmc6ODYwODkzNQ%3D%3D/original/86fc5bfc-64cd-458d-a9ca-5bcd9dd6d895.jpeg,https://a0.muscache.com/im/pictures/hosting/Hosting-U3RheVN1cHBseUxpc3Rpbmc6ODYwODkzNQ%3D%3D/original/420f9fca-3903-43ed-922d-d1c172dc70f7.jpeg,https://a0.muscache.com/im/pictures/hosting/Hosting-U3RheVN1cHBseUxpc3Rpbmc6ODYwODkzNQ%3D%3D/original/e7b2adfb-7173-4471-ab60-3cfd204f2c57.jpeg,https://a0.muscache.com/im/pictures/hosting/Hosting-U3RheVN1cHBseUxpc3Rpbmc6ODYwODkzNQ%3D%3D/original/2ca99bc7-f876-4ba2-aba9-c19d65909e8f.jpeg,https://a0.muscache.com/im/pictures/hosting/Hosting-U3RheVN1cHBseUxpc3Rpbmc6ODYwODkzNQ%3D%3D/original/00267300-997b-435f-b9fa-df865b321ea2.jpeg,https://a0.muscache.com/im/pictures/hosting/Hosting-U3RheVN1cHBseUxpc3Rpbmc6ODYwODkzNQ%3D%3D/original/f90b4d42-06b8-410f-af75-73b3facf47ca.jpeg,https://a0.muscache.com/im/pictures/hosting/Hosting-U3RheVN1cHBseUxpc3Rpbmc6ODYwODkzNQ%3D%3D/original/5bb0db3a-3b42-44a4-b11e-e92de0d1ba15.jpeg,https://a0.muscache.com/im/pictures/hosting/Hosting-U3RheVN1cHBseUxpc3Rpbmc6ODYwODkzNQ%3D%3D/original/d3b15399-0309-489c-9ffa-aca576e90ae7.jpeg,https://a0.muscache.com/im/pictures/hosting/Hosting-U3RheVN1cHBseUxpc3Rpbmc6ODYwODkzNQ%3D%3D/original/e6b57cce-2e79-4e80-9555-4caa3d5e09f5.jpeg,https://a0.muscache.com/im/pictures/hosting/Hosting-U3RheVN1cHBseUxpc3Rpbmc6ODYwODkzNQ%3D%3D/original/7736dc6c-5e11-418c-b01c-de6837a95695.jpeg,https://a0.muscache.com/im/pictures/hosting/Hosting-U3RheVN1cHBseUxpc3Rpbmc6ODYwODkzNQ%3D%3D/original/5bdf4e84-f4ee-48d6-b852-36c7db21e2f4.jpeg,https://a0.muscache.com/im/pictures/hosting/Hosting-U3RheVN1cHBseUxpc3Rpbmc6ODYwODkzNQ%3D%3D/original/f05e7424-62aa-464b-8678-2e6b8e1d14ff.jpeg,https://a0.muscache.com/im/pictures/hosting/Hosting-U3RheVN1cHBseUxpc3Rpbmc6ODYwODkzNQ%3D%3D/original/17823e22-9a19-4a2f-b2bd-9dc480954f23.jpeg,https://a0.muscache.com/im/pictures/hosting/Hosting-U3RheVN1cHBseUxpc3Rpbmc6ODYwODkzNQ%3D%3D/original/6bc7c1ce-aa61-4105-81f5-26bcf82292f9.jpeg,https://a0.muscache.com/im/pictures/hosting/Hosting-8608935/original/74ba6be4-9cca-4505-a763-0bdc0ed1c317.jpeg,https://a0.muscache.com/im/pictures/hosting/Hosting-8608935/original/377b7432-1cd0-47f9-acbe-b0d4ad2a50d6.jpeg,https://a0.muscache.com/im/pictures/hosting/Hosting-8608935/original/c0b71b86-b5db-4e91-a043-63d5e2a2a9a8.jpeg",45290791,Khizar,,,true,12.906700,77.649940,12,3,6,3.0,false,"Hot water,Washer,Dryer,Hangers,Bed linens,Iron,Clothing storage,TV,Board games,Air conditioning,Ceiling fan,First aid kit,Wifi,Kitchen,Refrigerator,Microwave,Cooking basics,Dishes and silverware,Stove,Hot water kettle,Toaster,Blender,Rice maker,Dining table,Private entrance,Free parking on premises,Free street parking,Elevator,Luggage dropoff allowed,Smoking allowed,Long term stays allowed,Self check-in,Building staff,Cleaning before checkout",true,false,2,Moderate,2:00 PM,11:00 AM,false,false,INR,9,0,false,7,4.57,4.8,4.8,4.3,4.4,4.7,4.7,3031.0,259356.0,127.8,10932.1,0.066,0.076,8.2,697.9,9.5,811.3,2.0,3.4,24,51,341,365,387.0,33115.0,122.8,10507.7,0.033,0.033,4.2,359.4,4.2,359.4,2.0,3.0,3,0,87,90
8659336,"SARA, Spacious, Private, Family-Friendly Homestay.","Situated in HRBR, Kalyan Nagar you'll have easy access to a multitude of amenities & attractions in the vicinity. From trendy restaurants and cafes to shopping centers to entertainment venues, there is something for everyone to enjoy. Explore the bustling streets of this neighborhood and immerse yourself in the vibrant Bengaluru. Whether you're visiting for business, leisure or treatment, our peaceful & safe abode enables you to unwind & relax as it is secluded from surrounding hustle & bustle.<br /><br /><b>The space</b><br />It's an independent ground floor accommodation with lots of open outdoor spaces and a fruit garden.<br /><br /><b>Guest access</b><br />The house is on a 2400 Sqft  plot, besides the house itself the open areas such as the portico and the garden can also be accessed by the guests.",Entire home,entire_home,https://a0.muscache.com/im/pictures/03a7c2de-3048-44c3-9903-d60d39dab105.jpg,18,"https://a0.muscache.com/im/pictures/03a7c2de-3048-44c3-9903-d60d39dab105.jpg,https://a0.muscache.com/im/pictures/d41163df-d553-4d2c-bae5-7226cfe5ad2c.jpg,https://a0.muscache.com/im/pictures/c3dd7502-2174-47f0-b356-b962edb5ff2b.jpg,https://a0.muscache.com/im/pictures/6fd4026a-f0c8-41e5-a65f-36df6c044c50.jpg,https://a0.muscache.com/im/pictures/2782bba3-b046-40e7-a9d3-08118d84deb8.jpg,https://a0.muscache.com/im/pictures/ff01643f-0d38-48c7-87c8-7a51a0cf46b9.jpg,https://a0.muscache.com/im/pictures/8e24a57f-6594-4e08-aef1-1a22d4416381.jpg,https://a0.muscache.com/im/pictures/441b0b62-1dd2-494d-909d-11d0c94b4fd4.jpg,https://a0.muscache.com/im/pictures/a8fdb257-e2f9-4320-8045-152d08a3e482.jpg,https://a0.muscache.com/im/pictures/miso/Hosting-8659336/original/48df1c14-ff69-405b-9da0-aa03bd9ebf53.jpeg,https://a0.muscache.com/im/pictures/miso/Hosting-8659336/original/b45bc46d-bc7f-4fb7-924d-262ed3c4ad63.jpeg,https://a0.muscache.com/im/pictures/miso/Hosting-8659336/original/3f22fe2c-2512-4c23-8378-523549f2b151.jpeg,https://a0.muscache.com/im/pictures/miso/Hosting-8659336/original/d9b99849-8eec-42fc-bb6b-d1932dda89c9.jpeg,https://a0.muscache.com/im/pictures/miso/Hosting-8659336/original/b9d92e91-4f7b-4be4-887b-d5ae2fd259f9.jpeg,https://a0.muscache.com/im/pictures/miso/Hosting-8659336/original/3a43691a-1461-4746-8d02-351080266139.jpeg,https://a0.muscache.com/im/pictures/hosting/Hosting-U3RheVN1cHBseUxpc3Rpbmc6ODY1OTMzNg%3D%3D/original/03704a57-9fee-482a-b86c-df12cfbe82c4.jpeg,https://a0.muscache.com/im/pictures/hosting/Hosting-U3RheVN1cHBseUxpc3Rpbmc6ODY1OTMzNg%3D%3D/original/b07d0e86-0ed5-4fa9-8553-1baa114aa033.jpeg,https://a0.muscache.com/im/pictures/hosting/Hosting-8659336/original/b1fb5c58-23b7-4435-971e-883f920d3880.jpeg",45501195,Tahir,542905492,Syed Tabrez,true,13.018500,77.643900,5,2,4,2.0,false,"Air conditioning,Garden view,Bathtub,Hair dryer,Hot water,Washer,Essentials,Hangers,Bed linens,Iron,Drying rack for clothing,Clothing storage,TV,Ceiling fan,Wifi,Dedicated workspace,Kitchen,Refrigerator,Microwave,Cooking basics,Dishes and silverware,Freezer,Dishwasher,Stove,Oven,Hot water kettle,Blender,Dining table,Private entrance,Backyard,Free parking on premises,Free street parking,Long term stays allowed,Self check-in,Lockbox",,false,5,Moderate,3:00 PM,10:00 AM,true,true,INR,22,0,true,36,4.92,4.9,5.0,4.5,5.0,5.0,4.9,6079.0,520157.0,35.7,3054.7,0.447,0.543,15.9,1363.2,19.4,1658.6,5.4,13.6,163,65,202,365,589.0,50401.0,37.0,3167.0,0.178,0.32,6.3,539.1,11.3,970.4,4.0,16.0,16,40,74,90
8664958,"Furnished 1 BHK near Outer ring road, Marathahalli","Well furnished independent 1BHK  Flat for rent . weekly or monthly basis, opposite to Innovative Multiplex/ close to Outer ring road Marathahalli, Close to ECO SPACE, Bagmane Tech Park, Embessy Tech park, Intel, etc<br /><br /><b>The space</b><br />Enjoy a fully furnished independent 1 BHK apartment with modern furniture. The apartment is on the 2nd floor and has 1 bedroom for a comfortable stay. The place is very spacious and airy also you will be able enjoy morning sunlight in there. The house is very near and tidy, it is an ideal getaway for anybody visiting Bengaluru. It can accommodate 2 guests. Additional guest charges are Rs300 (Rs500 for extra mattresses).  The apartment is equipped with modern kitchen loaded with utensils, the guests are free to cook whatever they like. The place has wardrobe and enough plug points to charge your electronics. There is also a caretaker available on the property.<br /><br /><b>Guest access</b><br />The guests will have access to the kitchen,hall and balcony. Kitchen will be accessible all time and guests are free to enter there and whenever they like. There is also a washing machine available in the property.The guests will also have access to a beautiful terrace on request.<br /><br /><b>Other things to note</b><br />Access to the property by cab from the Outer ring road is a little roundabout and bit narrow. Once you checked in for your daily commutation you can walk up to the outer ring road which is just 150mtr and catch the public transportation. Any issues please post on Airbnb messenger or call the caretaker it will be attended, we are here to provide the best service. This flat is a 1-bed room, kitchen+ Hall on the third floor. The washing machine is placed at the commonplace at 3rd floor.",Entire condo,entire_home,https://a0.muscache.com/im/pictures/hosting/Hosting-8664958/original/14010178-1f08-47c3-a845-b3a3e9480776.jpeg,25,"https://a0.muscache.com/im/pictures/hosting/Hosting-8664958/original/14010178-1f08-47c3-a845-b3a3e9480776.jpeg,https://a0.muscache.com/im/pictures/hosting/Hosting-8664958/original/b3279b0b-e50e-4c44-8b24-b41ba6f82639.jpeg,https://a0.muscache.com/im/pictures/hosting/Hosting-8664958/original/1e8a5606-1c10-4f37-8297-60985855040b.jpeg,https://a0.muscache.com/im/pictures/hosting/Hosting-8664958/original/ba73b45c-4400-4468-ad17-d38ad8b303fa.jpeg,https://a0.muscache.com/im/pictures/hosting/Hosting-8664958/original/2997d633-a1b8-4fbc-a181-6c967db880e0.jpeg,https://a0.muscache.com/im/pictures/1c6e0477-7e5b-420f-a054-1b404ae3aa9a.jpg,https://a0.muscache.com/im/pictures/023a74f9-23ec-4165-9789-2a804c202a56.jpg,https://a0.muscache.com/im/pictures/3003ebd0-7fc9-47f0-ab25-5ad64ddb1dba.jpg,https://a0.muscache.com/im/pictures/bf513df7-2304-46a6-bd69-fb6846d6ca98.jpg,https://a0.muscache.com/im/pictures/f129fff9-50a6-4695-8e2c-78a02a33ef8f.jpg,https://a0.muscache.com/im/pictures/hosting/Hosting-8664958/original/7a9d56e5-76b8-4887-8018-2e7c603fd4fb.jpeg,https://a0.muscache.com/im/pictures/hosting/Hosting-8664958/original/74004a96-17a6-4b12-94a8-738c275697e7.jpeg,https://a0.muscache.com/im/pictures/hosting/Hosting-8664958/original/8d57128b-df6f-4392-baa7-ffa328cf48a1.jpeg,https://a0.muscache.com/im/pictures/hosting/Hosting-8664958/original/2b7ef7f1-65ef-4617-8f25-01c26b60dfb5.jpeg,https://a0.muscache.com/im/pictures/hosting/Hosting-8664958/original/1f0fe352-e740-43e8-b57b-973aa1f6f0ec.jpeg,https://a0.muscache.com/im/pictures/hosting/Hosting-8664958/original/f6c5299f-f239-488e-9552-25cf7a5e264a.jpeg,https://a0.muscache.com/im/pictures/hosting/Hosting-8664958/original/4121f0ff-2af8-4808-a0c6-a7fcc7cbe11a.jpeg,https://a0.muscache.com/im/pictures/hosting/Hosting-8664958/original/b1092805-d391-495f-9ff4-2872cbeaf84c.jpeg,https://a0.muscache.com/im/pictures/hosting/Hosting-8664958/original/5afa9ebe-9fa5-4f1e-92e8-9370155fdecc.jpeg,https://a0.muscache.com/im/pictures/hosting/Hosting-8664958/original/37e07efa-5aa5-4b3e-ba3b-91b58c1112d7.jpeg,https://a0.muscache.com/im/pictures/hosting/Hosting-8664958/original/0aa51bc5-345d-448f-b362-df3eeae8509b.jpeg,https://a0.muscache.com/im/pictures/hosting/Hosting-8664958/original/a5f72d47-8964-4ea0-9069-e2791fdfb999.jpeg,https://a0.muscache.com/im/pictures/hosting/Hosting-8664958/original/12cf25b6-9f22-4622-830a-cbaed21fbdf9.jpeg,https://a0.muscache.com/im/pictures/hosting/Hosting-8664958/original/eab74226-39df-41ce-99d1-af440ecb2694.jpeg,https://a0.muscache.com/im/pictures/hosting/Hosting-8664958/original/fcfdbcdc-4c68-43a8-8ece-41b7f7f916a4.jpeg",30540378,Dev,,,false,12.953500,77.701700,4,1,2,1.0,false,"Shampoo,Hot water,Washer,Dryer,Essentials,Hangers,Iron,TV,Exterior security cameras on property,Fire extinguisher,Wifi,Kitchen,Cooking basics,Dishes and silverware,Free parking on premises,Free street parking,Pets allowed,Smoking allowed,Long term stays allowed,Self check-in,Building staff",,false,1,Moderate,,11:00 AM,false,true,INR,10,0,true,42,4.6,4.6,4.8,4.7,4.8,4.4,4.3,970.0,83003.0,22.8,1953.4,0.107,0.113,2.5,213.3,2.6,226.4,1.0,3.3,39,21,326,365,491.0,42017.0,24.9,2132.6,0.211,0.275,5.2,447.8,6.8,584.1,1.0,6.3,19,21,71,90
8696450,The Green Nest,"A quaint home tucked away from all the pollution, surrounded by tall trees, a well landscaped garden and magnificent bonsais!! Close to this green nest are branded stores, super markets, medical facilities, coffee shops and some popular pubs!! :)<br /><br /><b>The space</b><br />Green Nest would easily qualify for a temple for an artist, since every cover of the house has an story to tell. The host Veena is always around to help and guide her guests with their local needs. She runs a very unique boutique at her nest offering some very interesting products!! She specialises in the art of Bonsai and is always willing and happy to share the technique of growing these miniature trees with her guests!<br /><br /><b>Guest access</b><br />Guests at our nest are free to access all common areas like the living room, the pretty back yard, the lush green garden and also our terrace space that's well landscaped too!! Minimal use of the kitchen at all times is also allowed.<br /><br /><b>During your stay</b><br />We are a family of just two of us in the house with our little pet Tipsy!! I am mostly around to help or guide my guests with what they can do in the city! I think its always wonderful meeting new people from different regions and professions!!<br /><br /><b>Other things to note</b><br />An absolute homely atmosphere with some delicious north and south Indian breakfast, spiced up with a great ambiance, is sure to make anyone's visit to our nest truly memorable!! :)<br /><br />And for those of you who wish to experience and learn authentic Indian food cooking, we have our in-house chef Ambika who conducts classes",Private room in bungalow,private_room,https://a0.muscache.com/im/pictures/89c17bec-856a-4052-b088-16c5a5aed2c6.jpg,17,"https://a0.muscache.com/im/pictures/89c17bec-856a-4052-b088-16c5a5aed2c6.jpg,https://a0.muscache.com/im/pictures/0f62848d-f0e6-44ad-821f-971f7f012a2f.jpg,https://a0.muscache.com/im/pictures/0e5dc000-4dad-4bbb-8307-202e70669af3.jpg,https://a0.muscache.com/im/pictures/75dd9442-58ce-458c-86a1-bd47e70ce9d3.jpg,https://a0.muscache.com/im/pictures/f6e25951-19a0-4776-b192-747259626379.jpg,https://a0.muscache.com/im/pictures/696da891-2557-484a-9f2b-5cdefa7bfeb1.jpg,https://a0.muscache.com/im/pictures/ca3da66e-bcb0-431b-b0f8-fdb2cd5a548b.jpg,https://a0.muscache.com/im/pictures/8fb4c70e-b9a4-41e0-9494-e170215402bf.jpg,https://a0.muscache.com/im/pictures/51690c66-2ed0-44ac-b787-32513ee6683b.jpg,https://a0.muscache.com/im/pictures/25bce220-1e0c-44d1-8b46-a4c82c32652a.jpg,https://a0.muscache.com/im/pictures/3aed5a9a-5f26-44c5-b040-7035a9c54b5b.jpg,https://a0.muscache.com/im/pictures/5c59e913-20bb-4709-8a22-5ab8d3432af7.jpg,https://a0.muscache.com/im/pictures/06e8ebfa-e3c0-4aa6-b494-0833fb637982.jpg,https://a0.muscache.com/im/pictures/374ac36b-0e3d-4f6a-bdba-0ec0ca469e78.jpg,https://a0.muscache.com/im/pictures/a31aa2d6-cadb-47a3-b1b4-a457803daa9a.jpg,https://a0.muscache.com/im/pictures/06b08b29-739e-4b28-ad61-ba103c5b1cfd.jpg,https://a0.muscache.com/im/pictures/32883923-77ed-4277-be04-e7747d357e99.jpg",43677139,Veena,,,false,12.980780,77.645140,,,2,0.0,false,"Garden view,Air conditioning,Hair dryer,Shampoo,Hot water,Washer,Dryer,Essentials,Hangers,Iron,TV,Children’s books and toys,Outdoor playground,Air conditioning,Wifi,Dedicated workspace,Kitchen,Refrigerator,Dishes and silverware,Coffee maker,Backyard,Free parking on premises,Luggage dropoff allowed,Breakfast,Smoking allowed,Long term stays allowed,Self check-in,Building staff",,false,1,Firm,10:00 AM,2:00 PM,true,false,INR,3,5,true,37,4.86,4.8,5.0,4.9,5.0,5.0,4.8,1964.0,168057.0,41.9,3589.4,0.132,0.145,5.3,455.5,5.9,502.3,1.0,5.3,48,34,317,365,0.0,0.0,44.4,3803.1,0.0,0.0,0.0,0.0,0.0,0.0,1.0,0.0,0,34,90,90
8854842,1 BHK AC Penthouse in Central location,"One bedroom air-conditioned apartment on top floor of an 5 storey apartment building in a centre location of Frazer Town. The apartment is accessible partially by the lift and last floor by stairs.<br /><br /><b>The space</b><br />Spacious One Bedroom Penthouse apartment on the top floor of an Apartment building.<br /><br />Bedroom:<br /><br />The bedroom is well lit. We provide 24*7 house keeping service. Recently furnished with good quality furniture. Modern day sliding door cupboard in the bedroom. Wooden Dressing table with a big mirror. Power Sockets near the bed with fan and light switches. 24*7 power supply with back up generator.<br /><br />Extra pillows and Blankets kept in the wardrobe for the guest to use. Clean and fresh Towels provided. Extra mattress can be provided on request for an extra charge.<br /><br />Bathroom<br /><br />Hygiene maintained even though it's small in size. It has modern day Cera & Jaguar bathroom fitting. Geyser for 24*7 hot water, 24*7 water supply, Shower.<br /><br />Kitchen<br /><br />Open modern day kitchen which connects to the living cum dinning room along with with an Induction Plate, Exhaust, a Electric hot water kettle crockery and cutlery and Utensils. Guest have full freedom to have take away food or cook a meal in the kitchen.<br /><br />Living cum Dining<br /><br />Flat screen LED TV with paid Tata Sky satellite service. Beautiful living room with a couch to hang out. Guest can rest in the living room watching TV or browsing free WiFi internet.<br /><br />Fridge with Freezer which supports all beverages. Metal oval Dining table with four chairs for the guests to enjoy a comfortable meal.<br /><br />Sufficient power sockets for charging of phones and laptops or other equipment.<br /><br />Security<br /><br />Main door comes with an Europa double lock for the safety and security of the guest. Bedroom door comes with a lock for extra privacy for the guest.<br /><br /><b>Guest access</b><br />Entire apartment is provided for the guest's use. Terrace access allowed on request (Safety Reasons). The apartment is accessed by the Lift or Staircase in the building. The apartment located opposite the common terrace of the building and you get a great view of the main Frazer town streets. There's a washing machine located on the terrace which the guests can use free of charge",Entire rental unit,entire_home,https://a0.muscache.com/im/pictures/ca5a091a-83b9-4663-9866-302a57411a4b.jpg,37,"https://a0.muscache.com/im/pictures/ca5a091a-83b9-4663-9866-302a57411a4b.jpg,https://a0.muscache.com/im/pictures/5538c754-9519-4024-ac85-c3ce2ca80df3.jpg,https://a0.muscache.com/im/pictures/95d00394-07c7-42d7-a38e-12d06c829bfe.jpg,https://a0.muscache.com/im/pictures/d9d9e100-7e4c-469a-b80c-50c9736fb6f4.jpg,https://a0.muscache.com/im/pictures/c5e06b04-bf9c-4e24-a437-4c7a781b0b6b.jpg,https://a0.muscache.com/im/pictures/3d371153-abf2-465b-96c0-2684e56af193.jpg,https://a0.muscache.com/im/pictures/4f8ae217-56d1-4382-a46e-8f05a47d917d.jpg,https://a0.muscache.com/im/pictures/0fb449fd-1d17-483e-8bc4-625de8a507fd.jpg,https://a0.muscache.com/im/pictures/57653906-bf29-4583-9c6e-c015a748f7f6.jpg,https://a0.muscache.com/im/pictures/64e57548-42b8-4f0f-8c0d-9860939276cc.jpg,https://a0.muscache.com/im/pictures/d752cbec-dad3-481b-af05-7796887489e6.jpg,https://a0.muscache.com/im/pictures/2b9a5e0a-a08d-4527-8313-4e11581a3a68.jpg,https://a0.muscache.com/im/pictures/1271a7f6-7120-474a-ad05-aaf4b5b08fd7.jpg,https://a0.muscache.com/im/pictures/14a2c426-ced6-46e9-aa33-c65fc5bc6d5d.jpg,https://a0.muscache.com/im/pictures/6782c889-4dda-4f96-9835-283514af60a7.jpg,https://a0.muscache.com/im/pictures/f89bf02c-a2a5-4cf2-beca-c46c2a849f03.jpg,https://a0.muscache.com/im/pictures/73a0099f-b0b2-4210-a5a7-e3c5f1d582e2.jpg,https://a0.muscache.com/im/pictures/2ddd0f06-d06e-4e1e-b8de-35d32b7dc1e4.jpg,https://a0.muscache.com/im/pictures/9159fb27-7448-4ca2-a6fe-593864723ee9.jpg,https://a0.muscache.com/im/pictures/5e236c32-9333-47c5-bc6a-13243bab1d6d.jpg,https://a0.muscache.com/im/pictures/f7993c5e-7201-4aed-926b-a08c8eb2e0e5.jpg,https://a0.muscache.com/im/pictures/3e0acdd2-5f38-418e-8551-5d4bf0a4c538.jpg,https://a0.muscache.com/im/pictures/8f9c1bf0-67df-4ca0-bb44-be01e6aec1aa.jpg,https://a0.muscache.com/im/pictures/b659a930-d2d8-421f-93dc-2db71810f1ef.jpg,https://a0.muscache.com/im/pictures/ed878b7c-7246-4eac-ac3c-210330fa18ea.jpg,https://a0.muscache.com/im/pictures/a397925f-b386-4609-aa6c-42cf8441f63a.jpg,https://a0.muscache.com/im/pictures/31f3c56a-cf1e-44ba-a142-1cee326e53e3.jpg,https://a0.muscache.com/im/pictures/767cee9d-8e65-40c4-8f09-c8689f4223c8.jpg,https://a0.muscache.com/im/pictures/b1a17332-5ed1-4eec-a33c-5165bd78d78c.jpg,https://a0.muscache.com/im/pictures/ee60133a-ea38-467b-a7c7-0579284363d6.jpg,https://a0.muscache.com/im/pictures/007b3c3e-cbc6-4390-b4d3-a68524892975.jpg,https://a0.muscache.com/im/pictures/87236531-31a4-493c-9f85-464eef87ea58.jpg,https://a0.muscache.com/im/pictures/19339b25-bb31-4048-a34c-c78c6ed1789f.jpg,https://a0.muscache.com/im/pictures/4a0acd09-78c0-4da9-94de-3543da17440e.jpg,https://a0.muscache.com/im/pictures/25bd0951-d044-42d9-984c-eae774555dad.jpg,https://a0.muscache.com/im/pictures/b7f398fd-4d95-4e5e-821d-bb736d96c597.jpg,https://a0.muscache.com/im/pictures/f2ab4cec-d684-4df1-aa14-19cbe70a992e.jpg",33791251,Omer,,,false,12.995000,77.616600,3,1,1,1.0,false,"Shampoo,Hot water,Essentials,Hangers,Bed linens,Room-darkening shades,Iron,TV,Air conditioning,Wifi,Kitchen,Private entrance,Free parking on premises,Elevator,Luggage dropoff allowed,Smoking allowed,Long term stays allowed,Self check-in,Building staff",,false,1,Moderate,2:00 PM,12:00 PM,false,true,INR,0,0,true,54,4.52,4.6,4.9,4.4,4.8,4.7,4.5,3907.0,334282.0,20.8,1780.6,0.523,0.581,10.7,915.8,11.9,1016.1,1.0,7.3,191,36,174,365,219.0,18737.0,22.1,1891.8,0.111,0.169,2.4,208.2,3.7,317.6,1.0,5.0,10,31,80,90
8995269,Organic Modern Retreat in mid city,"Experience the Hi-life in our bungalow in quiet area with amphitheater, parks (perfect for kids), lake access. Fast reach to Airport, city centre, shopping, food, activities, award winning international schools and a lot more. Our amenities include Gym, Organic garden, work ready fast Internet, Sat-TV, A/C and more. We care about making sure you have an amazing stay. <br /><br />We are not just amazing hosts but are working on offering you some fantastic experiences outside of our home.  Check with us!<br /><br /><b>The space</b><br />Welcome to our luxurious retreat! During your stay you will have exclusive access to our beautifully designed, bright house conveniently located on the street level. The house is complete with <br />(a) 2 Bed Rooms and 2 bath rooms: <br />A Master suite with a designer queen bed(cot). We have picked a luxurious mattress with a perfect balance of softness and firmness for complete comfort. We have the top quality soft cotton linens and warm comforters for extra coziness. Master suite is air conditioned, has architect designed sliding wardrobes and also a laptop friendly place. Master suite has an attached modern full bath with anytime instant hot water shower.<br />A spacious second bedroom also has a queen size bed with an equally luxurious mattress, linens, pillows and blankets. This room is also now air conditioned for your comfort, as Bangalore started to heat up. Architect designed sliding wardrobes to store everything you packed for your trip and more.<br />A second luxurious modern full bath room also with anytime hot water with solor heating and electric geyser.<br />(b) A Living and Dining room with an open floor plan. Our beautiful living room is decorated with paintings and artwork from local artists. Please enjoy them! We have high speed internet connection that many of our guests have used for their work while they stayed with us. We have Satellite TV connection with 200+ TV channels, Video DVDs, Chromecast and our collection of books to ensure you never get bored. There is a Day bed/ Divan in this great room area in case you need more space for an extra guest. <br />You want to cook during your trip? Great! We got you covered! We have a fully equipped kitchen with all the appliances. We support our guests who want to \Pay it Forward\"" when it comes to supplies. If you would like to order groceries before you arrive",Entire rental unit,entire_home,https://a0.muscache.com/im/pictures/c9465037-1b78-4041-aea5-1b932f833467.jpg,85,"https://a0.muscache.com/im/pictures/c9465037-1b78-4041-aea5-1b932f833467.jpg,https://a0.muscache.com/im/pictures/9d84154d-8d16-4726-94dd-ac0ef1eb8331.jpg,https://a0.muscache.com/im/pictures/8b191cc1-338e-4122-bbee-ae8a6490ab9a.jpg,https://a0.muscache.com/im/pictures/2011cbc3-3e7d-4885-ba53-635391f966e1.jpg,https://a0.muscache.com/im/pictures/e967e49b-55e9-4b1c-91d3-584d8565a9c3.jpg,https://a0.muscache.com/im/pictures/9f1e7fa3-0ec1-441d-8fe9-bacc7f8867bf.jpg,https://a0.muscache.com/im/pictures/d5bd7883-9f1e-40ca-b6a7-242ae2a266b7.jpg,https://a0.muscache.com/im/pictures/1e735d6a-9876-49f0-a074-34ac0119f3e1.jpg,https://a0.muscache.com/im/pictures/7741edfe-6943-4f35-b8f2-b6c9ff77567f.jpg,https://a0.muscache.com/im/pictures/674d5b99-ba6c-4ce4-aafe-19380072db73.jpg,https://a0.muscache.com/im/pictures/875c986e-ab2a-434b-b0c4-72a5ada55544.jpg,https://a0.muscache.com/im/pictures/30bab108-7043-476f-93dd-5def9f540ee2.jpg,https://a0.muscache.com/im/pictures/463bc2fb-98d6-434d-aa29-73e8b95bb576.jpg,https://a0.muscache.com/im/pictures/miso/Hosting-8995269/original/5537d5b6-447b-4351-96bf-8c1ddfb0a1c3.jpeg,https://a0.muscache.com/im/pictures/miso/Hosting-8995269/original/3eb25216-42f4-4091-9e86-a33db85d1861.jpeg,https://a0.muscache.com/im/pictures/miso/Hosting-8995269/original/c489092f-4116-424b-b7dc-b5096ef873e1.jpeg,https://a0.muscache.com/im/pictures/miso/Hosting-8995269/original/f4785047-0a81-4f4c-b4db-9c1d5fe80ce2.jpeg,https://a0.muscache.com/im/pictures/miso/Hosting-8995269/original/6b0501ff-806e-4f49-9ad3-c67bacbd2d7c.jpeg,https://a0.muscache.com/im/pictures/miso/Hosting-8995269/original/07f6e270-8aa2-4148-b90b-de52880c7f6b.jpeg,https://a0.muscache.com/im/pictures/miso/Hosting-8995269/original/76555cb5-33cf-4ce0-a6c5-8d909bf901fa.jpeg,https://a0.muscache.com/im/pictures/miso/Hosting-8995269/original/8d3e617b-1593-46c0-97f8-99c376abb45b.jpeg,https://a0.muscache.com/im/pictures/miso/Hosting-8995269/original/ba1a679b-ce70-4f75-8fee-88f7cb7bb3ba.jpeg,https://a0.muscache.com/im/pictures/miso/Hosting-8995269/original/9df0a1e0-cd63-497a-908b-255348a6fd52.jpeg,https://a0.muscache.com/im/pictures/miso/Hosting-8995269/original/53c48c64-645e-47dc-9158-fa02873190fd.jpeg,https://a0.muscache.com/im/pictures/miso/Hosting-8995269/original/03a6c7d9-d240-4df5-b6f9-c145f8b0cf95.jpeg,https://a0.muscache.com/im/pictures/miso/Hosting-8995269/original/c963d18b-1bea-48a2-8f9c-ce8dcdb5a0e3.jpeg,https://a0.muscache.com/im/pictures/miso/Hosting-8995269/original/672e7dbf-4c74-474a-bca5-801aef4c2ba1.jpeg,https://a0.muscache.com/im/pictures/miso/Hosting-8995269/original/77773a1f-9e08-416e-a11f-53456a983ece.jpeg,https://a0.muscache.com/im/pictures/miso/Hosting-8995269/original/f6333f55-f575-4eb4-bb25-f85f59b242fd.jpeg,https://a0.muscache.com/im/pictures/miso/Hosting-8995269/original/240526bf-591c-448c-8356-7ad7f7af70b3.jpeg,https://a0.muscache.com/im/pictures/miso/Hosting-8995269/original/75e23502-7ebb-4bcd-b81a-abcaf3737a02.jpeg,https://a0.muscache.com/im/pictures/miso/Hosting-8995269/original/dac34a9b-8f8c-4133-abd7-6d27118a4182.jpeg,https://a0.muscache.com/im/pictures/miso/Hosting-8995269/original/302ac648-e2dd-4fa7-a091-44f7d20d0350.jpeg,https://a0.muscache.com/im/pictures/miso/Hosting-8995269/original/acb8624f-0a66-44b8-bae1-492e73aef4a8.jpeg,https://a0.muscache.com/im/pictures/miso/Hosting-8995269/original/4d051855-761a-478a-ae47-5a98b992e445.jpeg,https://a0.muscache.com/im/pictures/miso/Hosting-8995269/original/6d15d9da-209e-468e-aed9-92610857e7ef.jpeg,https://a0.muscache.com/im/pictures/miso/Hosting-8995269/original/5007a57d-1be5-4a66-9326-470af56b3c88.jpeg,https://a0.muscache.com/im/pictures/miso/Hosting-8995269/original/549f8ab0-6f41-4430-9927-aca8ae02bc6c.jpeg,https://a0.muscache.com/im/pictures/miso/Hosting-8995269/original/7340b50b-0521-47a3-89cd-a289a9ebcd9f.jpeg,https://a0.muscache.com/im/pictures/miso/Hosting-8995269/original/f776be4b-7c0f-4df5-9d7f-71adaa672326.jpeg,https://a0.muscache.com/im/pictures/miso/Hosting-8995269/original/6f9e8aa9-b0ec-4e69-b06a-c232f49174a8.jpeg,https://a0.muscache.com/im/pictures/miso/Hosting-8995269/original/971a2bd5-910b-4e3e-9e86-a1d85e88b34e.jpeg,https://a0.muscache.com/im/pictures/miso/Hosting-8995269/original/bc8c2996-ca57-4f7c-90fa-13ea55dac65e.jpeg,https://a0.muscache.com/im/pictures/miso/Hosting-8995269/original/c0543993-bb8e-41ff-bbc3-b6e08873bf6a.jpeg,https://a0.muscache.com/im/pictures/miso/Hosting-8995269/original/8368a8f9-e779-4fea-aaeb-184227eff3d8.jpeg,https://a0.muscache.com/im/pictures/miso/Hosting-8995269/original/dbd86468-af65-488b-adad-203608d5267a.png,https://a0.muscache.com/im/pictures/miso/Hosting-8995269/original/1bc23be1-63bd-41bb-a593-d64a73a7ea36.png,https://a0.muscache.com/im/pictures/miso/Hosting-8995269/original/f007a7c2-d0a3-4a5a-aa08-da3ddd676ba8.png,https://a0.muscache.com/im/pictures/miso/Hosting-8995269/original/52cf7742-e0e8-47fc-867f-52b68c50975b.png,https://a0.muscache.com/im/pictures/miso/Hosting-8995269/original/5ab25f73-3a59-40f6-9434-327c9bbc9761.png,https://a0.muscache.com/im/pictures/miso/Hosting-8995269/original/9283da19-deb9-488e-a859-7d265a98f1f1.png,https://a0.muscache.com/im/pictures/miso/Hosting-8995269/original/5e64be1c-b13e-410e-bb30-09ec452fbdec.jpeg,https://a0.muscache.com/im/pictures/miso/Hosting-8995269/original/759b8dd2-a9b0-4748-8bdf-ccaffbae1baa.jpeg,https://a0.muscache.com/im/pictures/miso/Hosting-8995269/original/5d2a2ba4-8084-4692-99cc-053dde0c7628.png,https://a0.muscache.com/im/pictures/miso/Hosting-8995269/original/14c2d690-558c-4108-a719-450930cbb48e.png,https://a0.muscache.com/im/pictures/miso/Hosting-8995269/original/0b4902e9-08d9-49b6-ac3a-479d88ae4617.png,https://a0.muscache.com/im/pictures/miso/Hosting-8995269/original/9f024b22-eee1-403e-ac8f-dfe01af0afa4.png,https://a0.muscache.com/im/pictures/miso/Hosting-8995269/original/441c13fa-023a-4119-a619-e3c8f00bd18e.png,https://a0.muscache.com/im/pictures/miso/Hosting-8995269/original/10811c76-8927-4563-af67-ea642232ff66.png,https://a0.muscache.com/im/pictures/miso/Hosting-8995269/original/6d7c64e7-5f58-4a2f-b539-415f7a5c130f.png,https://a0.muscache.com/im/pictures/hosting/Hosting-U3RheVN1cHBseUxpc3Rpbmc6ODk5NTI2OQ==/original/26a83882-0c5e-425c-8813-80b6b98b7820.jpeg,https://a0.muscache.com/im/pictures/hosting/Hosting-U3RheVN1cHBseUxpc3Rpbmc6ODk5NTI2OQ==/original/a96f25c5-a453-4623-83e0-d0ea52bcd58c.jpeg,https://a0.muscache.com/im/pictures/hosting/Hosting-U3RheVN1cHBseUxpc3Rpbmc6ODk5NTI2OQ==/original/4900578d-1167-43b7-a13d-17506fe883d8.jpeg,https://a0.muscache.com/im/pictures/hosting/Hosting-U3RheVN1cHBseUxpc3Rpbmc6ODk5NTI2OQ==/original/166850b6-a86b-4603-a6b4-58c430f83b2a.jpeg,https://a0.muscache.com/im/pictures/hosting/Hosting-U3RheVN1cHBseUxpc3Rpbmc6ODk5NTI2OQ==/original/9dd975e0-7727-43ff-b697-06f0a98d9ba7.jpeg,https://a0.muscache.com/im/pictures/hosting/Hosting-U3RheVN1cHBseUxpc3Rpbmc6ODk5NTI2OQ==/original/3adaa544-ae45-4567-97a3-7bad1e5b466e.jpeg,https://a0.muscache.com/im/pictures/hosting/Hosting-U3RheVN1cHBseUxpc3Rpbmc6ODk5NTI2OQ==/original/5e5f26cf-d315-491a-bfdb-37c9b9cbc1a2.jpeg,https://a0.muscache.com/im/pictures/hosting/Hosting-U3RheVN1cHBseUxpc3Rpbmc6ODk5NTI2OQ==/original/a18881eb-cf18-40b5-b598-1b4629741808.jpeg,https://a0.muscache.com/im/pictures/hosting/Hosting-U3RheVN1cHBseUxpc3Rpbmc6ODk5NTI2OQ==/original/cb0c4bfe-bcc4-4b97-bc26-165276233d8d.jpeg,https://a0.muscache.com/im/pictures/hosting/Hosting-U3RheVN1cHBseUxpc3Rpbmc6ODk5NTI2OQ==/original/5c546d31-363d-4f01-b5de-9dbbbe6fc06f.jpeg,https://a0.muscache.com/im/pictures/hosting/Hosting-U3RheVN1cHBseUxpc3Rpbmc6ODk5NTI2OQ==/original/1c0a26a1-3dbc-4361-8d2b-6236fa64901a.jpeg,https://a0.muscache.com/im/pictures/hosting/Hosting-U3RheVN1cHBseUxpc3Rpbmc6ODk5NTI2OQ==/original/b30677bb-e9aa-4dcd-a191-c84ed6885df8.jpeg,https://a0.muscache.com/im/pictures/hosting/Hosting-U3RheVN1cHBseUxpc3Rpbmc6ODk5NTI2OQ==/original/825d9948-9ff0-445f-9dcd-1058712c2a38.jpeg,https://a0.muscache.com/im/pictures/hosting/Hosting-U3RheVN1cHBseUxpc3Rpbmc6ODk5NTI2OQ==/original/5667cc58-118c-477f-9d62-98574937ea98.jpeg,https://a0.muscache.com/im/pictures/hosting/Hosting-U3RheVN1cHBseUxpc3Rpbmc6ODk5NTI2OQ==/original/3bd81785-7df7-4a19-8761-b5a476b15535.jpeg,https://a0.muscache.com/im/pictures/hosting/Hosting-U3RheVN1cHBseUxpc3Rpbmc6ODk5NTI2OQ==/original/773aea3f-35f4-4ff3-b54b-7fb795832af4.jpeg,https://a0.muscache.com/im/pictures/hosting/Hosting-U3RheVN1cHBseUxpc3Rpbmc6ODk5NTI2OQ==/original/ea1d3d84-c27f-405b-b724-ef918d1775f5.jpeg,https://a0.muscache.com/im/pictures/hosting/Hosting-U3RheVN1cHBseUxpc3Rpbmc6ODk5NTI2OQ==/original/1a8e2e2b-33e4-4be9-89ae-e35d97edcb72.jpeg,https://a0.muscache.com/im/pictures/hosting/Hosting-U3RheVN1cHBseUxpc3Rpbmc6ODk5NTI2OQ==/original/417e2cdd-eb4e-42a6-87bc-428371a6770e.jpeg,https://a0.muscache.com/im/pictures/hosting/Hosting-U3RheVN1cHBseUxpc3Rpbmc6ODk5NTI2OQ==/original/2eaf2886-550b-4e82-a697-145cbff20d50.jpeg,https://a0.muscache.com/im/pictures/hosting/Hosting-U3RheVN1cHBseUxpc3Rpbmc6ODk5NTI2OQ==/original/c0b1f302-60e3-45a3-bf7a-0babef49c3cc.jpeg,https://a0.muscache.com/im/pictures/hosting/Hosting-U3RheVN1cHBseUxpc3Rpbmc6ODk5NTI2OQ==/original/355834f7-a58e-476a-870d-87cd607ed7b0.jpeg,https://a0.muscache.com/im/pictures/hosting/Hosting-U3RheVN1cHBseUxpc3Rpbmc6ODk5NTI2OQ==/original/60f13c5c-7e39-4926-8207-1c9a3acc3792.jpeg,https://a0.muscache.com/im/pictures/hosting/Hosting-U3RheVN1cHBseUxpc3Rpbmc6ODk5NTI2OQ==/original/cf2f1de0-3ea6-49db-81e8-3e64a764e58b.jpeg,https://a0.muscache.com/im/pictures/hosting/Hosting-U3RheVN1cHBseUxpc3Rpbmc6ODk5NTI2OQ==/original/9a1c3c87-9d56-4b44-a5ff-4cba0a74799f.jpeg",242258506,Chandru,"17679343,293156226","Ravi,Kamala",false,13.069510,77.615370,6,2,3,2.0,false,"Air conditioning,Garden view,Hair dryer,Cleaning products,Shampoo,Body soap,Bidet,Hot water,Washer,Essentials,Hangers,Bed linens,Extra pillows and blankets,Room-darkening shades,Iron,Drying rack for clothing,Safe,Mosquito net,Clothing storage,TV,Children’s books and toys,Air conditioning,Ceiling fan,Exterior security cameras on property,Carbon monoxide alarm,Fire extinguisher,Wifi,Dedicated workspace,Kitchen,Refrigerator,Microwave,Cooking basics,Dishes and silverware,Freezer,Stove,Hot water kettle,Coffee maker,Toaster,Blender,Rice maker,Dining table,Coffee,Lake access,Private entrance,Patio or balcony,Backyard,Free parking on premises,Free street parking,Gym,Single level home,Luggage dropoff allowed,Long term stays allowed,Self check-in,Lockbox",true,false,1,Strict,3:00 PM,10:00 AM,true,false,INR,6,0,true,193,4.87,4.8,4.9,4.7,4.9,4.7,4.8,1457.0,124671.0,37.2,3182.6,0.107,0.148,3.9,333.1,5.4,462.3,1.0,4.3,39,102,326,365,328.0,28067.0,40.5,3463.6,0.089,0.089,3.5,300.5,3.5,300.5,1.0,2.7,8,0,82,90
9080924,Studio Flat on Terrace with Jacuzzi,"The independent flat  is situated in Hebbal area closest to the Airport. Brigade Gateway, Bangalore Intn'l Exhibition Center & Manyta Tech Park are in close proximity. Supermarket, Malls, restaurants are a 5 minutes walk.<br /><br /><b>The space</b><br />The studio flat is complete with wardrobe, pantry and bathroom. The room has UPS power unit so that you have a hassle free stay in case of a power cut. You have your own independent entry. The flat is air conditioned with TV facility. For two persons the bed are king size and the third bed is a pullout bed. The room comes with a private Jacuzzi for you use. Enjoy a beer or read a book while cooling down in your own private Jacuzzi. However, Jacuzzi charges, which are nominal,  are separate.<br /><br /><b>Guest access</b><br />You have your own terrace where you can feel free to relax, enjoy a drink, get some sun or read a book. <br />If you have a two wheeler we can provide with a covered parking.  For car there is ample parking outside as it is a dead-end.<br />Due to security reasons, the main gate of the building is locked at night. Should you like to come late at night please let us know and we shall provide you with info as to how to enter.<br />In case you like a bonfire to be lit up the same can be arranged at an extra cost.<br /><br /><b>Other things to note</b><br />It is mandatory that at the time of arrival identification proof copy needs to be submitted.",Entire guest suite,entire_home,https://a0.muscache.com/im/pictures/24ae3ba0-0423-4d65-b3ef-0ee7e2ef263a.jpg,5,"https://a0.muscache.com/im/pictures/24ae3ba0-0423-4d65-b3ef-0ee7e2ef263a.jpg,https://a0.muscache.com/im/pictures/a6644976-12dd-42a2-9d0f-5c1dd7afd115.jpg,https://a0.muscache.com/im/pictures/ce8245c2-fdab-4ab2-9cb3-1aaaa2221b28.jpg,https://a0.muscache.com/im/pictures/2902f9cb-ceae-4cfb-ac81-6c6a7f21283b.jpg,https://a0.muscache.com/im/pictures/ba2d6299-1d8f-4597-a7ee-a8c222cde41a.jpg",18948322,Ashok G,,,true,13.032600,77.574410,3,1,3,1.0,false,"Shampoo,Hot water,Washer,Dryer,Essentials,Hangers,Extra pillows and blankets,Room-darkening shades,Iron,TV,High chair,Window guards,Air conditioning,Exterior security cameras on property,First aid kit,Wifi,Dedicated workspace,Refrigerator,Microwave,Dishes and silverware,Private entrance,Patio or balcony,Outdoor furniture,Outdoor dining area,Free parking on premises,Free street parking,Luggage dropoff allowed,Long term stays allowed,Host greets you",,false,2,Limited,10:00 AM,11:00 AM,true,false,INR,0,9,true,224,4.92,4.9,5.0,4.9,5.0,4.9,4.8,3021.0,258480.0,21.8,1867.6,0.381,0.389,8.3,708.2,8.5,724.0,2.0,9.3,139,8,226,365,815.0,69733.0,23.5,2010.8,0.4,0.439,9.1,774.8,9.9,850.4,2.0,7.2,36,8,54,90
9396923,2 BHK Designer Luxury Apartment,"This beautiful 2 BHK apartment is attractively furnished and lovingly maintained. Your days here are promised with cozy,cool and serene stay throughout. Comfortable for 4 and easy for 5 adults. There is definitely something royal about it at PrinceTown. Foodies may enjoy living here as we have traditional,chinese and continental dishes offerings within Prince Town. A full fledged kitchen provided can test your talents. Supermarkets are some footsteps away from entrance. This is a God's own land.<br /><br /><b>The space</b><br />*** All guests require prerequisite permission from the host before going ahead with the booking.<br /><br />Facilities:<br />> Round the clock security.<br />> Well kept drawing cum dining<br />> Bedrooms with wardrobe/shelves<br />> Modular kitchen<br />> Bathrooms with all modern amenities<br />> Balconies with cloth driers<br /> Our Personal care includes: Wifi, TV, Refrigerator, Microwave oven, Double burner gas connection, drinking water (RO), Blankets, Geyser, Shower bath, Washing machine, Cookware for essential cooking, plates and cups.<br /><br />You are even free to use personal utensils to cook food of your own taste provided the kitchen is maintained intact.. <br />Waste removal on daily basis. <br />A maid is available for cleaning on request (with additional payment).<br /><br /><b>Guest access</b><br />The entire apartment is open to the guests including car porch along with the amenities provided at PrinceTown garden, amphitheatre and children's park.<br /><br /><b>Other things to note</b><br />*** All guests require prerequisite permission from the host before going ahead with the booking.<br /><br />*Original  ID proof (Adhar/ passport)  should be submitted at the time of check in for viewing and a copy of the same should be handed over for the Host's reference. (Including Booker's ID proof if he/she is not one of the guests)<br />International guests may need to provide Visa, FRRO related documents also along with the passport.<br /><br />* Apartment is only for peaceful stay and only for number of guests mentioned . <br /><br />*Guest should not use apartment  for any kind of commercial purposes  /meeting / partying  or any kind of get together / functions etc<br /><br />*  Visitors are not allowed for the guests.<br /><br />* Food delivery is not allowed between 11.30 pm to 6 am. Midnight delivery allowed only for medical contingency.<br /><br />* Only personal luggage is allowed. Strictly No commercial or official goods, material is allowed.<br /><br />*  Moving  apartment furniture from its original place is not allowed<br /><br />*Garbages should be segregated and kept  separately outside the main door before 9am every day for removal . Guest who will not segregate waste according to instructions given will be issued a penalty by the society<br /><br />*Guests should keep all the used kitchen utensils,plates and other vessels washed and kept intact before the check out.<br /><br />*Guests are not allowed to take any photographs or clicks anywhere in the society's premises or common areas.<br /><br />*Abide by all rules set up by the community.",Entire rental unit,entire_home,https://a0.muscache.com/im/pictures/22c5719b-a1fd-4c00-9b1d-82ed99c38394.jpg,72,"https://a0.muscache.com/im/pictures/22c5719b-a1fd-4c00-9b1d-82ed99c38394.jpg,https://a0.muscache.com/im/pictures/bdd3430c-f12d-4df3-b221-08da97be749b.jpg,https://a0.muscache.com/im/pictures/39b9c1b0-dfcf-4551-927b-fa0e81a1b51c.jpg,https://a0.muscache.com/im/pictures/be18fcb1-b249-415c-8dad-a1325eade7a1.jpg,https://a0.muscache.com/im/pictures/c21abefe-d5cf-47ad-8a59-edd794789921.jpg,https://a0.muscache.com/im/pictures/ee90cb92-c2ad-40ab-86b9-ee2b5f3fc07a.jpg,https://a0.muscache.com/im/pictures/b4fdee3a-3e3b-43a4-abf0-2250e235e2cf.jpg,https://a0.muscache.com/im/pictures/dce182f4-4fb1-4be8-9c82-6aee090aa178.jpg,https://a0.muscache.com/im/pictures/f1d7f933-a003-473a-9ed0-fc3e3377fc48.jpg,https://a0.muscache.com/im/pictures/27bd277d-d998-479b-9d98-5e0b6281283e.jpg,https://a0.muscache.com/im/pictures/fb7bbe36-3903-45d2-950e-63c7ba0a91e7.jpg,https://a0.muscache.com/im/pictures/2241a912-64b3-483c-b64b-309871c6fad2.jpg,https://a0.muscache.com/im/pictures/75786888-e424-4f1e-9092-2c326e32050d.jpg,https://a0.muscache.com/im/pictures/9a06469a-e879-4104-adaf-ec18d5f5d636.jpg,https://a0.muscache.com/im/pictures/5597cdfc-9643-49fd-b8bb-8250d6ae218c.jpg,https://a0.muscache.com/im/pictures/6a852256-ba5d-4b93-b3d3-04cfe262a085.jpg,https://a0.muscache.com/im/pictures/32cd90cb-8e96-4096-b2db-0b65a30b4344.jpg,https://a0.muscache.com/im/pictures/82cffb6f-1ff5-4e5e-8979-95d83476123b.jpg,https://a0.muscache.com/im/pictures/8e0401e3-29a1-4d99-91cb-f600cb35dd6f.jpg,https://a0.muscache.com/im/pictures/cc710de2-ee03-48e5-8f93-57cafcbabc19.jpg,https://a0.muscache.com/im/pictures/d02ea82c-4c8c-44b6-b9e8-28e189d290a2.jpg,https://a0.muscache.com/im/pictures/3a2c9633-b908-40f6-b0c0-30918dd82154.jpg,https://a0.muscache.com/im/pictures/7f927369-61f3-4045-8689-9113b602591b.jpg,https://a0.muscache.com/im/pictures/37691c9a-3eca-4b91-af18-fc77b01f13de.jpg,https://a0.muscache.com/im/pictures/5cdf26ec-eb4c-4e87-afd4-e95a646d0f13.jpg,https://a0.muscache.com/im/pictures/8e21c767-b14a-48c2-bdf4-b819ecfb2f04.jpg,https://a0.muscache.com/im/pictures/11014600-9762-4fef-b23b-58e375beb012.jpg,https://a0.muscache.com/im/pictures/c78263a8-d677-4fb2-b159-8a2c929c90a3.jpg,https://a0.muscache.com/im/pictures/3fa243e1-9e91-409a-9d78-13352dd145a9.jpg,https://a0.muscache.com/im/pictures/715228d5-30ff-4d13-9b58-a3b1e9ffc7aa.jpg,https://a0.muscache.com/im/pictures/3e4dc278-22c8-4ded-992f-ee3a018759a8.jpg,https://a0.muscache.com/im/pictures/65579213-f19b-44ec-9665-c0ed2e4d4205.jpg,https://a0.muscache.com/im/pictures/91fc7c66-9416-4cb9-9db9-3fabeb5b51dd.jpg,https://a0.muscache.com/im/pictures/6836334a-320e-4aaf-8275-89559cb660f1.jpg,https://a0.muscache.com/im/pictures/aa44190b-9a7e-421e-8068-060021ee8372.jpg,https://a0.muscache.com/im/pictures/16c97f03-8b73-48fe-9430-093cc7219ed3.jpg,https://a0.muscache.com/im/pictures/1570b8dd-49df-4978-9aed-6d8962929ab4.jpg,https://a0.muscache.com/im/pictures/ca5c37ee-a99d-4034-b142-f188296779f4.jpg,https://a0.muscache.com/im/pictures/634220b7-ff95-482a-9f71-f2b519ff55bb.jpg,https://a0.muscache.com/im/pictures/57225a69-f067-4640-9109-2f70ad54f385.jpg,https://a0.muscache.com/im/pictures/63aecd09-ac5b-4712-bed7-d4f688bba3b2.jpg,https://a0.muscache.com/im/pictures/b22d986e-6fcb-48c7-8280-4f5c43aaaa01.jpg,https://a0.muscache.com/im/pictures/eadd6ab9-2978-4c6d-8010-b36980525adc.jpg,https://a0.muscache.com/im/pictures/47a1cc3d-41ca-40f0-82ee-3139268bee89.jpg,https://a0.muscache.com/im/pictures/5d9447cb-7f87-4316-ad91-76db60fae18a.jpg,https://a0.muscache.com/im/pictures/62da783f-077f-44f4-84e8-12d75b10bfae.jpg,https://a0.muscache.com/im/pictures/6647fb49-9e51-4c50-8c86-5c19a8e281aa.jpg,https://a0.muscache.com/im/pictures/0666b04f-f920-4994-af93-62642a76b1de.jpg,https://a0.muscache.com/im/pictures/74f7f46d-7495-4d6d-aba6-c678792a1412.jpg,https://a0.muscache.com/im/pictures/252421e2-6c4e-4f8d-a736-47fe737198fe.jpg,https://a0.muscache.com/im/pictures/9ee8c29e-1ca2-4afd-94ef-87bd7bfbeb8a.jpg,https://a0.muscache.com/im/pictures/e9f5c424-f53b-4a3e-b5c8-b2e780d7b62e.jpg,https://a0.muscache.com/im/pictures/297466c5-ebc3-4882-b7a4-889a3bfcb729.jpg,https://a0.muscache.com/im/pictures/5ff3caf7-868f-4e0b-9da9-81460d00a0b4.jpg,https://a0.muscache.com/im/pictures/ecf037f6-a614-4765-a2da-e125bed93e03.jpg,https://a0.muscache.com/im/pictures/652536f1-acb4-4ede-848c-8ce4f7a1c26f.jpg,https://a0.muscache.com/im/pictures/d93ddbb6-3829-4da8-988f-e2f814ce4f81.jpg,https://a0.muscache.com/im/pictures/1426592f-03ea-4430-916d-1185b2b7779a.jpg,https://a0.muscache.com/im/pictures/82b71c69-f0e2-4618-b660-d5527de27a3c.jpg,https://a0.muscache.com/im/pictures/43f101f6-d921-4b6d-b153-0eb96b60249d.jpg,https://a0.muscache.com/im/pictures/fc85c681-9a69-4bcf-b109-0962e4508c05.jpg,https://a0.muscache.com/im/pictures/e646a0ab-cc4e-4ad6-9a1e-ce16adfcaa61.jpg,https://a0.muscache.com/im/pictures/5c957ef0-743f-4a0e-a24a-6105a4bbca5a.jpg,https://a0.muscache.com/im/pictures/b8120c04-3ef4-4e71-92fa-fd12185a798c.jpg,https://a0.muscache.com/im/pictures/2b394ae5-7dfa-42a8-a2d7-82a0d4d8c2e3.jpg,https://a0.muscache.com/im/pictures/b0861090-b882-4352-990f-aa78540f766f.jpg,https://a0.muscache.com/im/pictures/51259c1c-a136-4ebe-8f67-ed02267f9a8d.jpg,https://a0.muscache.com/im/pictures/2d3f9413-2708-4c66-88c3-50f632eafcfe.jpg,https://a0.muscache.com/im/pictures/052f1bfb-f2a4-4119-8ed8-0c2660ab3f81.jpg,https://a0.muscache.com/im/pictures/3252956f-59a8-42e1-ba18-cd94a94737b5.jpg,https://a0.muscache.com/im/pictures/hosting/Hosting-9396923/original/9027754d-0c91-4c81-b7ca-e973d33c8b35.jpeg,https://a0.muscache.com/im/pictures/hosting/Hosting-9396923/original/9b272f0a-fa5f-4b58-a99f-ea42df6b7fe9.jpeg",48737967,Poonam,,,true,13.061900,77.518700,4,2,2,2.0,false,"Garden view,Air conditioning,Shampoo,Body soap,Hot water,Washer,Dryer,Essentials,Hangers,Bed linens,Extra pillows and blankets,Room-darkening shades,Iron,Drying rack for clothing,Clothing storage,Ethernet connection,TV,Exercise equipment,Window guards,Outdoor playground,Ceiling fan,Heating,Exterior security cameras on property,Smoke alarm,Fire extinguisher,First aid kit,Wifi,Dedicated workspace,Kitchen,Refrigerator,Microwave,Cooking basics,Dishes and silverware,Freezer,Stove,Oven,Hot water kettle,Wine glasses,Blender,Rice maker,Dining table,Private entrance,Laundromat nearby,Patio or balcony,Backyard,Free parking on premises,Free street parking,Elevator,Single level home,Smoking allowed,Long term stays allowed,Host greets you",,false,2,Strict,1:00 PM,12:00 PM,true,true,INR,6,0,true,187,4.74,4.8,4.8,4.8,4.8,4.7,4.7,2508.0,214601.0,46.7,3993.1,0.159,0.159,6.7,576.7,6.7,576.7,2.1,6.4,58,0,307,365,0.0,0.0,54.8,4686.3,0.0,0.0,0.0,0.0,0.0,0.0,2.3,0.0,0,0,90,90
9498389,Studio apartment,,Entire rental unit,entire_home,https://a0.muscache.com/im/pictures/932a80e9-119c-46b1-b774-76b88d954d7c.jpg,18,,49224582,Karthik,,,false,12.975560,77.598270,2,,2,1.0,false,"Hair dryer,Shampoo,Washer,Dryer,Essentials,Hangers,Iron,TV,Air conditioning,Exterior security cameras on property,Smoke alarm,Wifi,Kitchen,Refrigerator,Dishes and silverware,Coffee maker,Free parking on premises,Elevator,Gym,Smoking allowed,Self check-in,Building staff",,false,1,Flexible,,,,,INR,0,0,true,22,4.45,4.2,4.6,4.4,4.2,4.6,4.2,2068.0,176953.0,68.0,5817.2,0.09,0.09,5.7,484.8,5.7,484.8,1.0,8.3,33,0,332,365,0.0,0.0,76.8,6569.7,0.0,0.0,0.0,0.0,0.0,0.0,1.0,0.0,0,0,90,90
9499587,Luxury Double Bedroom Apartment,"The Luxury Double bedroom apartments at Mélange are really big with 1250 sq. ft.of designed luxury and oversized comforts. Elegance and expanse is the hallmark of this well-planned living space.<br /><br /><b>The space</b><br />The Luxurious apartments at Melangé offer a comfortable stay at the heart of the city. The rooms are beautifully furnished. The apartment has a bedroom, bathroom and living area with all necessary facilities for a comfortable stay. There is also a study table conducive to work. Guests also have access to a fully stocked kitchen where they can prepare delicacies !<br /><br /><b>Guest access</b><br />In addition to the apartment, guests will also have access to the following facilities - <br />Internet<br />Television <br />Parking <br />Laundry<br />Gym<br /><br /><b>Other things to note</b><br />We offer Pick up and Drop facility from Airport / Railway Station to our guests at an additional charge.<br />The front office will also help arrange for cabs at an additional charge.<br />Menus from all nearby restaurants have been placed in the rooms for the convenience of the guests. Guests can order from these restaurants and have have food delivered to their rooms.",Entire rental unit,entire_home,https://a0.muscache.com/im/pictures/a721174a-abd1-4e2d-939a-aae0d3a4ad4f.jpg,22,"https://a0.muscache.com/im/pictures/a721174a-abd1-4e2d-939a-aae0d3a4ad4f.jpg,https://a0.muscache.com/im/pictures/41fc98c3-06d3-4683-9870-6aea0dc83dc5.jpg,https://a0.muscache.com/im/pictures/f00dbe5c-c577-4c98-a569-640a9634ea48.jpg,https://a0.muscache.com/im/pictures/3d06be45-25f6-4629-bf9c-d5c7f431ebaf.jpg,https://a0.muscache.com/im/pictures/d77a6f2b-af26-4d92-b445-dbb2c94a2f22.jpg,https://a0.muscache.com/im/pictures/4462fcc5-eeb4-4d49-951c-d7f972370e02.jpg,https://a0.muscache.com/im/pictures/75c0131b-aa65-4ae4-8296-7ea53ec28ba2.jpg,https://a0.muscache.com/im/pictures/3656b521-40d1-4b00-b9b8-15fb7b0ca969.jpg,https://a0.muscache.com/im/pictures/802d5116-5422-4ffe-89f8-f61162ba1b20.jpg,https://a0.muscache.com/im/pictures/b715765b-bed1-42bd-8432-4cf411be5afd.jpg,https://a0.muscache.com/im/pictures/8d3be0be-9422-447a-ad77-db08fa2f4487.jpg,https://a0.muscache.com/im/pictures/8d32b667-7c2a-47b5-a479-32ad4817194c.jpg,https://a0.muscache.com/im/pictures/7feab6ea-36ff-40d5-b5be-5d407532f19c.jpg,https://a0.muscache.com/im/pictures/103008f7-c937-44c4-b5e7-570cbddcee4d.jpg,https://a0.muscache.com/im/pictures/79ee8e17-f82e-43fb-94e2-b79f4ec27c5f.jpg,https://a0.muscache.com/im/pictures/c487d53b-5604-41bb-bc33-01e467eaf707.jpg,https://a0.muscache.com/im/pictures/7d046afa-baba-49ab-9d07-0e539f32b663.jpg,https://a0.muscache.com/im/pictures/6644f7e4-8366-4875-baff-9dfd5ae9e5b7.jpg,https://a0.muscache.com/im/pictures/e483bcf0-156c-4e8b-acb4-c3d92b709472.jpg,https://a0.muscache.com/im/pictures/8576a014-6b2a-4750-900b-883c5548d5e7.jpg,https://a0.muscache.com/im/pictures/2469208a-a906-46c6-9fb6-f41a092da3d1.jpg,https://a0.muscache.com/im/pictures/miso/Hosting-9499587/original/ad59ad04-d1c1-4b9b-b186-1932197e1954.jpeg",49224582,Karthik,,,false,12.971270,77.596030,4,2,4,2.0,false,"Hair dryer,Shampoo,Washer,Dryer,Essentials,Hangers,Iron,TV,Air conditioning,Exterior security cameras on property,Smoke alarm,Kitchen,Free parking on premises,Elevator,Gym,Smoking allowed,Self check-in,Building staff",false,false,1,Flexible,1:00 PM,11:00 AM,false,false,INR,1,0,false,33,4.67,4.6,4.8,4.7,4.6,4.9,4.6,3905.0,334142.0,110.4,9449.0,0.099,0.099,10.7,914.0,10.7,914.0,1.0,5.1,36,0,329,365,0.0,0.0,113.3,9694.8,0.0,0.0,0.0,0.0,0.0,0.0,1.0,0.0,0,0,90,90
10059855,Private room with a view (for women and pets),"If you're a WOMAN and looking for a home away from home, look no further. Come share my ground floor apartment with me and my two indie dogs. Your doggo is also welcome, for a tiny fee. <br /><br />The room I am renting overlooks my backyard. It has a lovely old desk, cupboard space, a toilet and a comfy bed. <br /><br />There's wifi, a well-stocked kitchen, washing machine, fridge, living room & dining area.<br /><br />I work freelance and am in and out of Bangalore, so you'll mostly have the place to yourself.<br /><br /><b>The space</b><br />Guests get the best room in my 2bhk, with a direct view of the little garden I maintain at the back. I grow turmeric, spinach, basil, chillies and it's shaded by a mulberry, guava and what we think is an avocado tree. <br /><br />I live with my dog Bender. Don't worry, he won't be allowed into your room. Unless you want him there. But he's strictly not allowed on the furniture.<br /><br />I'm looking for women guests because I live alone. However, people of the male species are also welcome on references and recommendations.<br /><br /><b>Guest access</b><br />You’ll get a private room and bathroom, but you’ll also be able to access the rest of the house.<br /><br /><b>During your stay</b><br />I mainly work out of home, except for a couple of days a week. I'll be around to help you settle in and answer any questions you have.<br /><br /><b>Other things to note</b><br />I provide lunch and dinner for an extra cost. My house help makes the best dal, fish curry and veggies. But my kitchen is also open if you'd like to whip something up yourself. I have a giant fridge to store leftovers.<br /><br />I am very particular about waste disposal, and maintain my own compost bins. The wet waste is a breeze, but all plastics and other materials need to be washed and dried before being discarded. My house help takes care of most of it, so I only ask that you follow the (I promise you, it's painless) process.",Private room in condo,private_room,https://a0.muscache.com/im/pictures/miso/Hosting-10059855/original/0595cc97-b4c7-405f-8725-dc60f88afc52.jpeg,17,"https://a0.muscache.com/im/pictures/miso/Hosting-10059855/original/0595cc97-b4c7-405f-8725-dc60f88afc52.jpeg,https://a0.muscache.com/im/pictures/miso/Hosting-10059855/original/73aa1337-b8fd-4c3d-8754-af32f06b21bb.jpeg,https://a0.muscache.com/im/pictures/miso/Hosting-10059855/original/415d42da-cc21-4116-b954-584ed0e6ab7e.jpeg,https://a0.muscache.com/im/pictures/miso/Hosting-10059855/original/7afca99a-55ff-4536-b080-938a57378e85.jpeg,https://a0.muscache.com/im/pictures/miso/Hosting-10059855/original/92cee57a-ab8f-4f79-b350-29123c086647.jpeg,https://a0.muscache.com/im/pictures/miso/Hosting-10059855/original/f87d3475-461c-449f-a3d7-0502f34a3048.jpeg,https://a0.muscache.com/im/pictures/miso/Hosting-10059855/original/5503835d-b1dd-43f8-850c-aa88455678b0.jpeg,https://a0.muscache.com/im/pictures/miso/Hosting-10059855/original/1f4b8304-aefc-4509-98d6-9909954209f7.jpeg,https://a0.muscache.com/im/pictures/miso/Hosting-10059855/original/0edb8df3-bfb7-4cfd-87ff-0a142ecd3d52.jpeg,https://a0.muscache.com/im/pictures/miso/Hosting-10059855/original/80f74947-93cd-4a13-9ed1-83466467e473.jpeg,https://a0.muscache.com/im/pictures/miso/Hosting-10059855/original/57ddbad3-ac2a-4c48-9e0b-5d7e54c4544c.jpeg,https://a0.muscache.com/im/pictures/miso/Hosting-10059855/original/c3bb4ec6-cae0-45de-9442-2f690a3b2697.jpeg,https://a0.muscache.com/im/pictures/miso/Hosting-10059855/original/ac18053d-f6e1-4364-a47c-9e44407113cd.jpeg,https://a0.muscache.com/im/pictures/miso/Hosting-10059855/original/edd15582-198d-4e2d-b823-b5802359dbaf.jpeg,https://a0.muscache.com/im/pictures/miso/Hosting-10059855/original/31d2b689-8110-49d6-9242-877a1e223280.jpeg,https://a0.muscache.com/im/pictures/hosting/Hosting-10059855/original/33494f29-9a98-45b5-9cc3-4656c6d9a169.jpeg,https://a0.muscache.com/im/pictures/hosting/Hosting-10059855/original/5b90f359-5533-4a38-86f0-d2f234d4be18.jpeg",51624328,Natasha Catherine,,,false,12.996230,77.612190,,,1,0.0,false,"Garden view,Hot water,Washer,Essentials,Bed linens,Clothing storage,Ceiling fan,Lock on bedroom door,Exterior security cameras on property,Wifi,Dedicated workspace,Kitchen,Refrigerator,Cooking basics,Dishes and silverware,Freezer,Stove,Oven,Hot water kettle,Coffee maker,Blender,Rice maker,Dining table,Coffee,Backyard,Free street parking,Pets allowed,Luggage dropoff allowed,Breakfast,Smoking allowed,Long term stays allowed,Cleaning before checkout",false,false,1,Moderate,12:00 PM,11:00 AM,false,false,INR,1,0,false,11,4.91,4.6,5.0,4.4,4.8,4.8,4.8,686.0,58693.0,13.4,1150.5,0.14,0.26,1.9,160.1,3.5,298.1,1.0,12.8,51,169,314,365,170.0,14548.0,13.6,1166.6,0.133,0.308,1.9,160.7,4.3,370.8,1.0,6.0,12,51,78,90
10082854,Spacious Studio with King Bed,"Clover - Flapjack is a Air-conditioned Studio Apartment at Koramangala 4th block located on the ground floor near Hole in the wall cafe.. Suitable for guest travelling with Families & Corporate. Walk able distance to most of the Restaurants & shopping malls. Forum mall is just about 1 km & Indiranagar / Embassy Golf links is 15min drive from our property & 30Kms from Airport<br /><br /><b>The space</b><br />Clover - Flapjack is a Air-conditioned Studio Apartment at Koramangala 4th block located on the ground floor.  Suitable for guest travelling with Families & Corporate. Walk able distance to most of the Restaurants & shopping malls. Forum mall is just about 1 km & Indiranagar / Embassy Golf links is 15min drive from our property & 30Kms from Airport<br /><br /><b>Guest access</b><br />It's an independent air conditioned Studio apartment where guests have access to Wireless Internet ( 4G ), Kitchenette, Uninterrupted Power Supply,  Safe and Secure living spaces with Security Guard & CCTV protection. <br /><br />Microwave, Induction Stove, Fridge, Cutlery & Crockery, etc.<br /><br /><b>Other things to note</b><br />We have our caretaker at the property to help you with the keys.<br /><br />Laundry - We do not provide laundry service.<br />Tumbledry laundry down the road.<br /><br />Car Park - Street Parking only, We do not have parking inside the premises.<br /><br />An early check-in & late checkout is subject to availability & charges might be applicable.  Kindly keep us posted on that, we shall certainly try our best to accommodate you. <br /><br />Since we are on  the main road.. it could be a little noisy due to traffic as we are close to most happening places in Koramangala.",Entire serviced apartment,entire_home,https://a0.muscache.com/im/pictures/hosting/Hosting-10082854/original/791cd377-680e-4310-93a7-0f474e6dd5d2.jpeg,12,"https://a0.muscache.com/im/pictures/hosting/Hosting-10082854/original/791cd377-680e-4310-93a7-0f474e6dd5d2.jpeg,https://a0.muscache.com/im/pictures/08b96b3e-b6b7-4de1-aa0c-c3ca37c36d06.jpg,https://a0.muscache.com/im/pictures/hosting/Hosting-10082854/original/6e891619-f1bc-4686-b7be-c0e84bbf2763.jpeg,https://a0.muscache.com/im/pictures/hosting/Hosting-10082854/original/5e2034e1-d3b6-4c36-8d56-00ef5d486459.jpeg,https://a0.muscache.com/im/pictures/hosting/Hosting-10082854/original/fc813c2f-d6e3-4f8a-b5cc-30f920801723.jpeg,https://a0.muscache.com/im/pictures/9acecf1d-a7be-419d-9aff-c7ee7176ddeb.jpg,https://a0.muscache.com/im/pictures/hosting/Hosting-10082854/original/8fd7711f-364f-4490-aa7e-05286dc8d7e3.jpeg,https://a0.muscache.com/im/pictures/9ce67946-4aee-4572-b4c7-6adc8b352731.jpg,https://a0.muscache.com/im/pictures/bf68389a-245a-46b8-afcb-665a30ed1b62.jpg,https://a0.muscache.com/im/pictures/891a6fbe-fc31-4b54-9847-b7a613c76146.jpg,https://a0.muscache.com/im/pictures/30f3374d-1ba6-4f05-8131-23708ad685c5.jpg,https://a0.muscache.com/im/pictures/hosting/Hosting-10082854/original/1b329213-253f-40c8-b8d0-18f4bc000266.jpeg",25846878,Meghna Sagar,,,false,12.933800,77.626700,2,,1,1.0,false,"Hair dryer,Shampoo,Hot water,Essentials,Hangers,Bed linens,Iron,Clothing storage,TV,Air conditioning,Exterior security cameras on property,Wifi,Dedicated workspace,Kitchen,Refrigerator,Microwave,Cooking basics,Dishes and silverware,Stove,Private entrance,Luggage dropoff allowed,Long term stays allowed,Self check-in,Building staff",,false,1,Moderate,3:00 PM,12:00 PM,false,true,INR,3,0,true,122,4.48,4.6,4.8,4.4,4.8,4.8,4.4,970.0,83002.0,23.4,2001.8,0.101,0.109,2.6,225.3,2.8,241.1,1.0,12.3,37,24,328,365,126.0,10782.0,23.7,2024.2,0.056,0.056,1.4,116.9,1.4,116.9,1.0,5.0,5,0,85,90
10083156,Studio with Bathtub in the heart of Koramangala,"This cozy Studio with bathtub is located in the heart of Koramangala 4th Block, known for its vibrant atmosphere and upscale neighbourhood.  <br />Just a stone's throw away from the popular 'The Hole In The Wall Cafe', this space is perfect for couples seeking a comfortable stay in Bangalore.<br /><br /><b>The space</b><br />We have a total of 9 airbnb listings in the same building<br /><br />Address : Koramangala 4th block, main road<br />✔ Studio with 2guest capacity <br />✔ Ground Floor with a Patio <br />✔ Close proximity to St. Johns Medical College<br />✔ Free Street Car parking <br />✔ High-Speed Free WIFI<br />✔ Check-in: 3pm Onwards<br />✔ Check-out: By 11am<br /><br />As you step into this Studio, a blend of cosy and comfort greets you, Simple layout with fantastic location in Bangalore.<br /><br />★ LIVING ROOM★<br /><br />✔ Single seater Sofa<br />✔  TV with Tatasky<br />✔ Table for 2<br /><br />★ KITCHEN★<br /><br />The kitchenette is perfect for a quick meal or reheating food, making it perfect for a quick snack or simple breakfast.<br /><br />✔ Induction Stove<br />✔ Microwave<br />✔ Refrigerator<br />✔ Two Complimentary water bottle is provided upon arrival<br />✔ Hot Water Kettle<br />✔ Sink with dish soap and scrub<br />✔ Kadai, Pan, Glasses, Coffee Mugs<br /><br />★ SLEEPING ARRANGEMENTS - Queen Bed<br /><br />Our carefully selected premium bedding offers highest quality sleeping experience.<br /><br />✔ Can comfortably sleep 2 adults with its queen size bed. Iron Stand and Iron box are provided upon request. The room has an ensuite bathroom. <br /><br />✔ Single seater Sofa with a TV & a Two seater dining table<br /><br /><br />★ BATHROOMS ★<br />The studio comes with a bathtub for a relaxed stay! Stocked with fresh towels and toiletries(soap and shampoo)<br /><br />✔ Mirror<br />✔ Toilet<br />✔ Hand Shower & Bathtub<br />✔ Towels<br />✔ Hair Dryer<br /><br /><b>Guest access</b><br />You have sole access to the entire studio. No sharing!<br /><br /><b>Other things to note</b><br />* NO SMOKING inside the studio* Please step outside!<br /><br />* Valid ID proofs of guests & visitors is mandatory* Please share it once the booking is confirmed! <br /><br />*We have our caretaker at the property to help you with Check in*<br /><br />*Laundry - We do not provide laundry service*<br />Tumbledry laundry down the road.<br /><br />*Car Park - Street Parking only, We do not have parking inside the premises*<br /><br />*An early check-in & late checkout is subject to availability & charges might be applicable.  Kindly keep us posted on that, we shall certainly try our best to accommodate you*<br /><br />*Since we are on  the main road.. it could be a little noisy due to traffic as we are close to most happening places in Koramangala*<br /><br />*In case of power cuts only lights and fans work.  AC/gysers/microwave will not be functional.",Entire serviced apartment,entire_home,https://a0.muscache.com/im/pictures/hosting/Hosting-10083156/original/bacb11e4-c87c-4086-94d7-b804e215718a.jpeg,12,"https://a0.muscache.com/im/pictures/hosting/Hosting-10083156/original/bacb11e4-c87c-4086-94d7-b804e215718a.jpeg,https://a0.muscache.com/im/pictures/hosting/Hosting-10083156/original/493b5965-aed3-4f86-9366-b46c821fe2a8.jpeg,https://a0.muscache.com/im/pictures/miso/Hosting-10083156/original/21cc4fa3-9d44-4b17-b326-92a9cc19557d.jpeg,https://a0.muscache.com/im/pictures/hosting/Hosting-10083156/original/17ae2b49-9c49-4ae4-bc0a-b71822d910c5.jpeg,https://a0.muscache.com/im/pictures/hosting/Hosting-10083156/original/77d61a85-be2a-4cb6-91b3-19a0b3bd5542.jpeg,https://a0.muscache.com/im/pictures/miso/Hosting-10083156/original/7a4a692c-8323-470f-b54b-bd467f5df6f1.jpeg,https://a0.muscache.com/im/pictures/b57310ca-9dbd-484c-b130-9f2d60f601b2.jpg,https://a0.muscache.com/im/pictures/59a79ce2-a8a8-4c8c-b090-564b19edf1bd.jpg,https://a0.muscache.com/im/pictures/1bcf5f15-931a-4c1a-b759-38c20f56d389.jpg,https://a0.muscache.com/im/pictures/e7b8ce0e-94f4-44e1-8ece-133a5e96fcca.jpg,https://a0.muscache.com/im/pictures/hosting/Hosting-10083156/original/547dd3fe-421c-4f2e-a4ad-018b0c4615fb.jpeg,https://a0.muscache.com/im/pictures/hosting/Hosting-10083156/original/e05b8e2e-335c-4210-8424-48b09ea6a953.jpeg",25846878,Meghna Sagar,,,false,12.933800,77.626700,2,,1,1.0,false,"Bathtub,Hair dryer,Shampoo,Body soap,Hot water,Essentials,Hangers,Bed linens,Iron,Clothing storage,TV,Air conditioning,Portable fans,Exterior security cameras on property,First aid kit,Wifi,Dedicated workspace,Kitchen,Refrigerator,Microwave,Cooking basics,Dishes and silverware,Stove,Hot water kettle,Toaster,Dining table,Private entrance,Laundromat nearby,Free street parking,Luggage dropoff allowed,Long term stays allowed,Self check-in,Building staff,Cleaning before checkout",,false,1,Moderate,3:00 PM,11:00 AM,false,true,INR,1,0,true,208,4.43,4.5,4.8,4.4,4.8,4.8,4.2,735.0,62895.0,25.8,2209.7,0.077,0.077,2.0,170.7,2.0,170.7,1.0,2.8,28,0,337,365,230.0,19682.0,26.1,2231.5,0.1,0.1,2.5,216.8,2.5,216.8,1.0,3.0,9,0,81,90
10091323,Unique Penthouse with a Big Balcony and Projector.,"Indulge in relaxation at this super private penthouse featuring a huge covered balcony spanning 11 by 18 feet, complete with a cozy hammock and stunning views. The balcony can easily convert into a closed space for added privacy, creating the perfect atmosphere to unwind. If you're fortunate, you may even catch a glimpse of the full moon while enjoying your favorite movie with a glass of wine<br /><br />Nestled in tranquil surroundings away from main road traffic its just 1.4 km from Bagmane Busines Park.<br /><br /><b>The space</b><br />*3rd and 4th Guest can sleep in sofa cum bed. ask for extra bed sheets.<br /><br />NOTE : Ask Projector from Care taker, He will help you in setting it up. it can only be used after 6 pm or dark, and only in Balcony not any other space. <br /><br />Projector is complimentary  ****Based on Availability*****. <br /> if u r booking only for the projector, confirm for the same before u book.<br /><br />NOTE: For Covered Car Parking plz confirm before booking, EV Charging is available we will provide 15 Amp Socket. (chargeable @200 Flat per day).<br /><br />You can Setup Sofa cum Bed Out Side as show in Pics, its your responsibility to Keep it inside During Rainy Days, If found Wet We Will Charge 2000/-.<br /><br />Early Check in and Late check out will be charged at 800/- payable at check in. based on availability.<br /><br />Entire Place is yours with full privacy.<br /><br />NOTE: <br />*This Property is 1.2 KM from the Outer Ring Road *<br />*3rd and 4th Guest can sleep in sofa cum bed. ask for extra bed sheets.<br />*Check In - after 10 Pm will attract service charge of 250/- you can give it to the security.<br />*GYM is there for basic Fitness only*.<br /><br />***While Using Sofa cum bed outside, plz clean the space with mop provided. will charge if it found dirty***<br /><br /><b>Guest access</b><br />Co Host Will Help you out in checkin.<br /><br /><b>Other things to note</b><br />Lift is there till 5th Floor, you have to take staircase to reach 6th floor.",Entire place,entire_home,https://a0.muscache.com/im/pictures/hosting/Hosting-10091323/original/1a9d9cb0-642b-45fa-81c1-f2dc3b3efb76.jpeg,5,"https://a0.muscache.com/im/pictures/hosting/Hosting-10091323/original/1a9d9cb0-642b-45fa-81c1-f2dc3b3efb76.jpeg,https://a0.muscache.com/im/pictures/hosting/Hosting-10091323/original/06b41f90-188e-4ce2-a61d-f610e05bc519.jpeg,https://a0.muscache.com/im/pictures/hosting/Hosting-10091323/original/6facf1ec-9b6d-45be-8c42-69311a6693cf.jpeg,https://a0.muscache.com/im/pictures/af500fcd-7fb1-4d5d-956a-63d869a6a03b.jpg,https://a0.muscache.com/im/pictures/hosting/Hosting-10091323/original/cc35db91-a473-4959-9866-0693ad718ac4.jpeg",46534780,Aravind,491967325,Laxman,true,12.970240,77.691750,4,1,2,1.0,false,"Hair dryer,Cleaning products,Shampoo,Hot water,Washer,Essentials,Hangers,Bed linens,Extra pillows and blankets,Room-darkening shades,Iron,Drying rack for clothing,Mosquito net,Clothing storage,Ethernet connection,TV,Exercise equipment,Air conditioning,Ceiling fan,Exterior security cameras on property,First aid kit,Wifi,Dedicated workspace,Kitchen,Refrigerator,Microwave,Cooking basics,Dishes and silverware,Stove,Hot water kettle,Patio or balcony,Hammock,Outdoor dining area,Free parking on premises,Free street parking,Elevator,EV charger,Gym,Luggage dropoff allowed,Smoking allowed,Long term stays allowed,Self check-in,Keypad,Cleaning before checkout",true,false,1,Firm,2:00 PM,11:00 AM,true,false,INR,2,0,true,112,4.97,5.0,5.0,5.0,5.0,4.7,4.8,1361.0,116458.0,47.8,4087.6,0.079,0.085,3.7,315.8,4.0,339.0,1.0,2.1,29,25,336,365,398.0,34056.0,44.3,3787.8,0.1,0.1,4.4,374.6,4.4,374.6,1.0,1.5,9,0,81,90
10117195,Furnished private room for family,"Well furnished private room good for corporate guests visiting with family  who look for homely atmosphere in a peaceful locality but close to main road and all amenities with wifi, kitchen, washing machine, house keeping, DTH TV, etc<br /><br /><b>The space</b><br />I welcome you to stay in a very spacious furnished private room. Room has  attached washroom. Every room is equipped with a beautiful bed, LED TV with DTH connection, wardrobe and wifi. Guest has access to spacious  Living area and kitchen. The guests have access to  elevator  and the house is equipped with modern furniture.<br /><br />The place is very spacious and airy also you will be able enjoy morning sunlight in there. The house is very neat and tidy, it is an ideal getaway for anybody visiting Bengaluru. The room is air conditioned Electricity charges for using the Air condition will be extra. The apartment is equipped with modern kitchen loaded with utensils, the guests are free to cook whatever they like. The place has a dining table and enough plug points to charge your electronics. There is also a caretaker cook and house keeping boy available on the property.<br />It can accommodate 3 guests with additional beds. Additional guest charges are Rs300 (Rs500 for extra mattresses)<br /><br /><b>Guest access</b><br />The guests will have access to the kitchen, hall and balcony. Shared Kitchen will be accessible all time and guests are free to enter there and whenever they like. There is also a washing machine available in the property. The guests will also have access to a beautiful terrace on request.<br /><br /><b>Other things to note</b><br />https://www.facebook.com/LovedaleGuesthouse<br />Guest can cook themselves or take the service of the cook",Private room in serviced apartment,private_room,https://a0.muscache.com/im/pictures/hosting/Hosting-10117195/original/87cad0ab-6915-4373-b7ad-0a5ce18e7026.jpeg,14,"https://a0.muscache.com/im/pictures/hosting/Hosting-10117195/original/87cad0ab-6915-4373-b7ad-0a5ce18e7026.jpeg,https://a0.muscache.com/im/pictures/hosting/Hosting-10117195/original/2181c963-c740-4e72-9624-d74addf16460.jpeg,https://a0.muscache.com/im/pictures/cb712199-df00-4293-a8b8-59d405c4f004.jpg,https://a0.muscache.com/im/pictures/hosting/Hosting-10117195/original/4797d536-c9b9-4493-9124-a413e17ac821.jpeg,https://a0.muscache.com/im/pictures/hosting/Hosting-10117195/original/81218aea-c147-4455-8265-14497dd81bbb.jpeg,https://a0.muscache.com/im/pictures/hosting/Hosting-10117195/original/e4437036-81e6-4f23-ad72-d13291e7e020.jpeg,https://a0.muscache.com/im/pictures/hosting/Hosting-10117195/original/14d34f4e-d4f5-4c0a-8c01-2c8812a2efab.jpeg,https://a0.muscache.com/im/pictures/hosting/Hosting-10117195/original/ce991587-9103-4802-868e-8b9c8567a85b.jpeg,https://a0.muscache.com/im/pictures/hosting/Hosting-10117195/original/f02b83c3-08f3-4cc1-acdc-fb66ef573b4d.jpeg,https://a0.muscache.com/im/pictures/hosting/Hosting-10117195/original/02f771b2-0d09-4fbb-9ad7-7289f01ec974.jpeg,https://a0.muscache.com/im/pictures/hosting/Hosting-10117195/original/23c11c1e-7c2c-40b0-9cbb-76c122304158.jpeg,https://a0.muscache.com/im/pictures/hosting/Hosting-10117195/original/36cc34d5-1126-4154-9724-86d77a6157b3.jpeg,https://a0.muscache.com/im/pictures/hosting/Hosting-10117195/original/5011df9d-4be2-4dc5-b00b-c25eb3734899.jpeg,https://a0.muscache.com/im/pictures/hosting/Hosting-10117195/original/0f149b28-7c9d-4337-8bb1-9c99f02b745e.jpeg",30540378,Dev,,,false,12.955800,77.707300,2,1,2,1.0,false,"Hair dryer,Shampoo,Hot water,Washer,Essentials,Hangers,Iron,TV,Air conditioning,Fire extinguisher,Wifi,Kitchen,Cooking basics,Free parking on premises,Elevator,Pets allowed,Smoking allowed,Long term stays allowed,Self check-in,Building staff",,false,1,Moderate,,11:00 AM,false,true,INR,3,0,true,24,4.38,4.4,4.6,4.2,4.7,4.4,4.3,196.0,16771.0,19.4,1658.8,0.027,0.027,0.5,44.5,0.5,44.5,1.0,2.0,10,0,355,365,105.0,8984.0,20.2,1724.5,0.056,0.056,1.1,97.0,1.1,97.0,1.0,2.5,5,0,85,90
10203476,Spacious room with Balcony | Noise-Pollution Free,"This is a simple spacious room in our 3BHK house with an attached balcony and bathroom. We're located in a spacious, clean, pollution-free and serene neighbourhood. Easy Uber & Ola pickups. Also, there is a tree park for jogging,  couple of supermarkets and we are located close to Manyata Tech Park. Pubs, restaurants, fine dining and south Indian restaurants famous for Masala dosas & idlis are all located close to our place.<br /><br /><b>The space</b><br />This is a pretty spacious bedroom, enough for you to workout in.<br /><br /><b>Guest access</b><br />The Kitchen, Living & Bedroom you're going to stay in are all accessible.<br /><br /><b>During your stay</b><br />My parents are at home the whole day, so yeah! you guys can take help anytime you want.<br /><br /><b>Other things to note</b><br />We recommend you install ola, and uber into your smartphones before travelling to India since it makes for easy transport. <br /><br />Would expect our guests to treat this nest as their home and maintain cleanliness in the rooms. <br />If food is ordered from out, we would appreciate if you came over to the dining area to have it rather than messing up the rooms. We will be happy to help you with the crockery and cutlery for the same.<br />Minimal use of the kitchen at all times is also allowed.<br />Kindly switch off all lights, fan, and geyser when you are leaving the room.<br />If you are a smoker, kindly step out of the room to the garden or terrace area for a smoke. Do not smoke in the rooms.<br />We would be happy if you kept us informed about your day's plans, so we know when to expect you back home.<br /><br />Getting around<br />Auto (tuk-tuk) and bus available within 500m. Taxi can be booked for pickup from home.<br />Distance from airport : Approximately 30 km.<br />Distance from train station: Bangalore City Railway Station (14 km), Cantonment Railway Station (7.3 km)<br /><br />Meal<br />Breakfast/Lunch/Dinner not included in the tariff.<br />(But you have free access to the Kitchen. And you have apps like swiggy, zomato and blinkit, where can get food delivered in less than 15 minutes)<br /><br />Amenities<br />Drinking water (RO purified) freely available.<br /><br />Laundry <br />Common Washing machine is available for Rs.100 per wash. <br /><br />Internet<br />Free WiFi.<br /><br />Use Ola share for transport. (Works out cheaper). Or rapido for bike taxis<br />Zomato, swiggy for food.<br /><br />Sites of tourist interest <br />Parks/Lakes: Cubbon Park (13 km), Lal Bagh (15.5 km), Ulsoor Lake (6 ms), Sankey Tank (9.5 km)<br />Places of worship: St. Marks Cathedral (9.4 Km), Bull Temple (15.6 km), ISKCON Temple (15.4 km), <br />Museums: Visvesvaraya Museum (10.3 km), National Gallery of Modern Art (12.4 km)<br />Govt/Historic buildings: High Court (9.2 km), Vidhana Soudha (9.2 km)<br />Shopping: Brigade road (8.2 km), MG Road (7.2m), UB City (9.1 km), Commercial street (7.1 km), Kammanahalli Main Road (1.1 km)<br /><br />Only the individual who made the booking is permitted to stay in the property.",Private room in home,private_room,https://a0.muscache.com/im/pictures/ca52442e-3b76-4804-b7f0-c988b58edaab.jpg,26,"https://a0.muscache.com/im/pictures/ca52442e-3b76-4804-b7f0-c988b58edaab.jpg,https://a0.muscache.com/im/pictures/9c2ee462-b95e-4359-98ca-6c2205857ba8.jpg,https://a0.muscache.com/im/pictures/98c0e61e-191d-43f5-b7ba-340586323031.jpg,https://a0.muscache.com/im/pictures/03b07cae-6ab7-4a87-a240-55f1656ef61e.jpg,https://a0.muscache.com/im/pictures/411c82ba-1fa8-408f-9b8b-ebe75223ba92.jpg,https://a0.muscache.com/im/pictures/c75ea1fb-b51b-4d22-ba78-897332434063.jpg,https://a0.muscache.com/im/pictures/a7bca192-425d-4ee7-b8b5-b879fbc1bd4f.jpg,https://a0.muscache.com/im/pictures/f66b3ea5-22e8-428a-b087-aeb963fff7cd.jpg,https://a0.muscache.com/im/pictures/346e7e36-fa8a-4d0e-a6a2-371956ce3a28.jpg,https://a0.muscache.com/im/pictures/233cfc89-57ff-4236-81df-89cb5430308b.jpg,https://a0.muscache.com/im/pictures/e5d14634-bf67-4e10-99fc-a04d4bb4eaed.jpg,https://a0.muscache.com/im/pictures/0922bccc-abe4-4c24-95ee-668dcd8b26c9.jpg,https://a0.muscache.com/im/pictures/8d9f1323-8346-4739-b831-8eb9e7718dc7.jpg,https://a0.muscache.com/im/pictures/1b4c25ec-a95b-4fa4-b549-9b98fd89c0cf.jpg,https://a0.muscache.com/im/pictures/bd773863-e7f1-42ed-8b5b-7d4fb5eb0e5a.jpg,https://a0.muscache.com/im/pictures/bad1f39b-9b07-4373-9b41-81dfe717628f.jpg,https://a0.muscache.com/im/pictures/20af3839-13a9-467c-a3d4-44bd01d52bd5.jpg,https://a0.muscache.com/im/pictures/08124c16-8631-4538-ba33-8bf8124b71aa.jpg,https://a0.muscache.com/im/pictures/642c53f3-a363-4eef-b7fe-55ae083fd09f.jpg,https://a0.muscache.com/im/pictures/8e21892c-1fae-47de-842e-e16ed3fb0e84.jpg,https://a0.muscache.com/im/pictures/d21c0bc4-38e0-48ea-a4bb-98011161fdde.jpg,https://a0.muscache.com/im/pictures/121a8b31-1844-4c87-823c-72b30c0a7955.jpg,https://a0.muscache.com/im/pictures/8b9d112d-d865-406b-88b1-31c55d4d41a0.jpg,https://a0.muscache.com/im/pictures/miso/Hosting-10203476/original/e3a99bfd-6edc-4c65-9ad4-c9233cb40723.png,https://a0.muscache.com/im/pictures/miso/Hosting-10203476/original/87965c90-dd1e-44e5-8932-ff218064e51b.png,https://a0.muscache.com/im/pictures/hosting/Hosting-U3RheVN1cHBseUxpc3Rpbmc6MTAyMDM0NzY%3D/original/5c6b167c-b01c-493e-b641-efce7effe714.jpeg",64253277,Simon,"52419527,98455179","Manish,Maria",false,13.016000,77.639300,,,1,0.0,false,"Hair dryer,Shampoo,Hot water,Washer,Dryer,Essentials,Hangers,Iron,TV,Children’s books and toys,Heating,Lock on bedroom door,Exterior security cameras on property,First aid kit,Wifi,Dedicated workspace,Kitchen,Refrigerator,Cooking basics,Dishes and silverware,Patio or balcony,Backyard,Free parking on premises,Free street parking,Luggage dropoff allowed,Breakfast,Smoking allowed,Long term stays allowed,Host greets you",,false,2,Flexible,1:00 PM,12:00 PM,true,true,INR,0,0,true,81,4.91,4.9,5.0,4.9,5.0,4.7,4.9,2477.0,211954.0,12.2,1043.7,0.575,0.575,6.8,580.7,6.8,580.7,2.0,9.1,210,0,155,365,373.0,31919.0,14.2,1212.3,0.289,0.289,4.1,354.7,4.1,354.7,2.0,6.5,26,0,64,90
10343413,NoMads Cozy Comforts - HSR Layout,"RENOVATED 3 bedroom Luxurious Spacious Duplex Apartment with A/C and Satellite tv in rooms, 3 spacious living areas, Binge watch on Smart TV Netflix/Amazon Prime/Hotstar/Extreme, a cozy corner, 2 high-speed Wi-Fi connections,  fully equipped kitchen with utensils and crockery.<br /><br />* All reviews for this property can be viewed also on NoMads Group Stays, Deal - Book 6 nights,  get 2 nights free & Service Apartment with car & Driver.<br /><br /><b>The space</b><br />It's all about old fashioned hospitality. It sure is HOME away from HOME. Happy Travels.<br /><br />If you have any reservations about dirty linen & bathrooms, you have chosen the right property.<br /><br />\ Cleanliness is a state of purity",Entire rental unit,entire_home,https://a0.muscache.com/im/pictures/hosting/Hosting-U3RheVN1cHBseUxpc3Rpbmc6MTAzNDM0MTM%3D/original/20ac89e8-8ae6-4ac9-8102-f88297854e50.jpeg,28,"https://a0.muscache.com/im/pictures/hosting/Hosting-U3RheVN1cHBseUxpc3Rpbmc6MTAzNDM0MTM%3D/original/20ac89e8-8ae6-4ac9-8102-f88297854e50.jpeg,https://a0.muscache.com/im/pictures/hosting/Hosting-U3RheVN1cHBseUxpc3Rpbmc6MTAzNDM0MTM%3D/original/bceca249-f9e9-4679-8ad3-d4a346bb54f3.jpeg,https://a0.muscache.com/im/pictures/1bad54a1-4619-4266-8f85-f31cd6e7721d.jpg,https://a0.muscache.com/im/pictures/hosting/Hosting-U3RheVN1cHBseUxpc3Rpbmc6MTAzNDM0MTM%3D/original/093b885a-4489-40a2-b9eb-713a7a7c78cb.jpeg,https://a0.muscache.com/im/pictures/hosting/Hosting-U3RheVN1cHBseUxpc3Rpbmc6MTAzNDM0MTM%3D/original/dbcaf85b-44c4-4751-abf2-ec8c92f22bc4.jpeg,https://a0.muscache.com/im/pictures/hosting/Hosting-U3RheVN1cHBseUxpc3Rpbmc6MTAzNDM0MTM%3D/original/3d8f46a2-abf1-4055-aeba-daa2a2ec3b81.jpeg,https://a0.muscache.com/im/pictures/hosting/Hosting-U3RheVN1cHBseUxpc3Rpbmc6MTAzNDM0MTM%3D/original/e7107ac8-d12c-466c-8158-b61cf12eb38a.jpeg,https://a0.muscache.com/im/pictures/hosting/Hosting-U3RheVN1cHBseUxpc3Rpbmc6MTAzNDM0MTM%3D/original/416fee8f-f7e0-4dbb-b8cc-9bdb25691048.jpeg,https://a0.muscache.com/im/pictures/hosting/Hosting-U3RheVN1cHBseUxpc3Rpbmc6MTAzNDM0MTM%3D/original/889701c8-d601-4e30-ae5b-589e8d014dc0.jpeg,https://a0.muscache.com/im/pictures/hosting/Hosting-U3RheVN1cHBseUxpc3Rpbmc6MTAzNDM0MTM%3D/original/806d5a68-b088-4c87-ab86-e3827229107d.jpeg,https://a0.muscache.com/im/pictures/hosting/Hosting-U3RheVN1cHBseUxpc3Rpbmc6MTAzNDM0MTM%3D/original/7a9e70a0-eb4a-4780-a906-96436856c590.jpeg,https://a0.muscache.com/im/pictures/hosting/Hosting-U3RheVN1cHBseUxpc3Rpbmc6MTAzNDM0MTM%3D/original/0e3a895a-f503-4b2a-b303-7b8ec5ddfde0.jpeg,https://a0.muscache.com/im/pictures/hosting/Hosting-U3RheVN1cHBseUxpc3Rpbmc6MTAzNDM0MTM%3D/original/8bf2413c-eb4a-44ef-904c-db52b77ae10d.jpeg,https://a0.muscache.com/im/pictures/hosting/Hosting-U3RheVN1cHBseUxpc3Rpbmc6MTAzNDM0MTM%3D/original/fd8547cd-1200-4330-b578-2420256d481d.jpeg,https://a0.muscache.com/im/pictures/hosting/Hosting-U3RheVN1cHBseUxpc3Rpbmc6MTAzNDM0MTM%3D/original/e78cea7e-3b28-4376-af1a-feb2a972e86a.jpeg,https://a0.muscache.com/im/pictures/hosting/Hosting-U3RheVN1cHBseUxpc3Rpbmc6MTAzNDM0MTM%3D/original/cf3ae3cb-bd70-4f63-b8f5-6c7669e789e7.jpeg,https://a0.muscache.com/im/pictures/hosting/Hosting-U3RheVN1cHBseUxpc3Rpbmc6MTAzNDM0MTM%3D/original/b9a4367d-f109-48a3-888d-d5ebce779980.jpeg,https://a0.muscache.com/im/pictures/hosting/Hosting-U3RheVN1cHBseUxpc3Rpbmc6MTAzNDM0MTM%3D/original/613cea9f-04b7-449a-90c1-8e2a0803d4d6.jpeg,https://a0.muscache.com/im/pictures/hosting/Hosting-U3RheVN1cHBseUxpc3Rpbmc6MTAzNDM0MTM%3D/original/eca05477-c4c8-4062-8d3e-af297ec19cf0.jpeg,https://a0.muscache.com/im/pictures/hosting/Hosting-U3RheVN1cHBseUxpc3Rpbmc6MTAzNDM0MTM%3D/original/284f23e0-8e7f-456e-8726-17b5e8906e07.jpeg,https://a0.muscache.com/im/pictures/hosting/Hosting-U3RheVN1cHBseUxpc3Rpbmc6MTAzNDM0MTM%3D/original/88bd98d3-dbcd-4027-a2f7-a502daf83d33.jpeg,https://a0.muscache.com/im/pictures/hosting/Hosting-U3RheVN1cHBseUxpc3Rpbmc6MTAzNDM0MTM%3D/original/03c067ca-e8c6-4c4e-82f7-4019a72eab89.jpeg,https://a0.muscache.com/im/pictures/hosting/Hosting-U3RheVN1cHBseUxpc3Rpbmc6MTAzNDM0MTM%3D/original/d5267cd2-1686-4b94-bf88-dcd87b6b82eb.jpeg,https://a0.muscache.com/im/pictures/hosting/Hosting-U3RheVN1cHBseUxpc3Rpbmc6MTAzNDM0MTM%3D/original/63f98634-d1b3-4771-b440-e4e120e3361f.jpeg,https://a0.muscache.com/im/pictures/hosting/Hosting-U3RheVN1cHBseUxpc3Rpbmc6MTAzNDM0MTM%3D/original/ca7d0a56-355e-4e60-8fa5-66de95dc385d.jpeg,https://a0.muscache.com/im/pictures/hosting/Hosting-10343413/original/d81e9773-e5f2-46e4-b5df-d506e8ce3097.jpeg,https://a0.muscache.com/im/pictures/hosting/Hosting-10343413/original/8a123a57-f7e8-48c9-882a-7fdf03ad6e6c.jpeg,https://a0.muscache.com/im/pictures/hosting/Hosting-10343413/original/451e83c4-7739-4dfc-b8f7-3c154280ba0b.jpeg",45290791,Khizar,,,true,12.913520,77.645920,12,3,9,3.0,false,"Bathtub,Hot water,Washer,Dryer,Hangers,Bed linens,Iron,Clothing storage,TV,Board games,Air conditioning,Ceiling fan,First aid kit,Wifi,Kitchen,Refrigerator,Microwave,Cooking basics,Dishes and silverware,Stove,Hot water kettle,Toaster,Blender,Rice maker,Dining table,Private entrance,Laundromat nearby,Free parking on premises,Free street parking,Elevator,Luggage dropoff allowed,Smoking allowed,Long term stays allowed,Self check-in,Building staff,Cleaning before checkout",,false,2,Moderate,2:00 PM,11:00 AM,false,false,INR,8,0,true,57,4.82,4.9,5.0,4.7,5.0,4.8,4.8,20401.0,1745677.0,129.1,11045.3,0.449,0.449,55.3,4732.0,55.3,4732.0,2.0,4.4,164,0,201,365,3010.0,257562.0,134.4,11503.1,0.244,0.244,32.8,2808.5,32.8,2808.5,2.0,2.8,22,0,68,90
10474881,400 - Bengaluru Large Private Pent House,"**!!! Atithi Devo Bhava !!!**  <br /><br />Welcome to your home away from home in South Bengaluru! Nestled in a peaceful residential neighborhood off Kanakapura Road, this cozy 2-bedroom apartment is perfect for families, business travelers, or long stays. Conveniently located just a short walk from the Doddakallasandra Metro Station (Green Line) and multiple bus stops, our home offers easy access to key parts of the city.<br /><br />Note: Out of 2 bedrooms rooms, only one bedroom has Air-condition.<br /><br /><b>The space</b><br />Located on the **fourth floor** of a secure residential building, the apartment offers:<br /><br />- 🌐 **Fast, reliable WiFi** – ideal for remote work  <br />- 🔌 **Inverter backup** – keeps essentials running for up to 3 hours during outages  <br />- 🍽️ Fully equipped **kitchen** – gas stove, cooking utensils, RO purifier, and more  <br />- 🧺 **In-unit washing machine**  <br />- 🛗 **Elevator access**  <br />- 🧳 24/7 **self check-in** via doorman  <br />- 🚘 **Parking available** on request (car/bike)  <br />- 🔑 **Private entrance** with lockable gate<br /><br />---<br /><br />### 📍 Location Highlights<br /><br />- 🚌 **3 min walk** to Doddakallasandra / Konanakunte City bus stop  <br />- 🚇 **10 min walk (500m)** to Doddakallasandra Metro Station (Green Line)  <br />- 🛒 **BigMarket** grocery store – 300 ft away  <br />- 🛍️ **Metro Cash & Carry** – 1.2 km  <br />- 🚗 **Bannerghatta National Park** – 20-min drive  <br />- 🧘 **Art of Living International Center** – 15-min drive  <br />- 🏥 Close to hospitals, eateries, shopping centers & ISKCON temple<br /><br /><b>Guest access</b><br />Guests have full access to the entire unit via a private, independent entrance. Keys will be provided during check-in – please confirm your arrival time for a smooth process.<br /><br /><b>Other things to note</b><br />- 🚧 **Construction work** is ongoing in the nearby area – minimal disruption expected.  <br />- 📸 We request guests to take a few pictures at check-in for reference, as we expect the home to be returned in the same clean and tidy condition.  <br />- ❄️ **air conditioning** – only one bedroom has AC.  <br />- 🔐 Exterior security cameras are installed for your safety.<br />- ♻️ **Waste segregation is mandatory** – please separate **wet and dry waste** into the designated bins provided. Help us keep the environment clean and follow community waste management rules.<br />- 🔇 **Strictly no parties, gatherings, events, or loud noises** – this is a peaceful residential neighborhood, and we ask all guests to respect the quiet hours and community norms.<br />- 🚫 **Do not rearrange or relocate** any **furniture, electronics, or appliances** – everything has been thoughtfully placed for your comfort and safety.",Entire rental unit,entire_home,https://a0.muscache.com/im/pictures/13ae38c7-eb45-43e8-8c8d-fb2adfb7e7f6.jpg,5,"https://a0.muscache.com/im/pictures/13ae38c7-eb45-43e8-8c8d-fb2adfb7e7f6.jpg,https://a0.muscache.com/im/pictures/72507cf0-78cc-4653-8dbb-e3037ac84246.jpg,https://a0.muscache.com/im/pictures/16242d08-04ca-4162-aeb1-280d5199c9de.jpg,https://a0.muscache.com/im/pictures/6882381f-b690-434c-8421-387eb4d95940.jpg,https://a0.muscache.com/im/pictures/345da095-6d51-4c9e-bb88-3de5078f452b.jpg",53981787,Rakesh,,,true,12.886560,77.556950,5,2,3,2.0,false,"Hair dryer,Hot water,Washer,Hangers,Bed linens,Room-darkening shades,Iron,Drying rack for clothing,TV,Window guards,Air conditioning,Ceiling fan,Exterior security cameras on property,Smoke alarm,Carbon monoxide alarm,Wifi,Kitchen,Refrigerator,Microwave,Dishes and silverware,Stove,Blender,Trash compactor,Dining table,Private entrance,Patio or balcony,Free parking on premises,Free street parking,Elevator,Doorman,Luggage dropoff allowed,Long term stays allowed,Self check-in,Building staff",,false,7,Firm,2:00 PM,11:00 AM,true,false,INR,0,0,true,212,4.87,4.9,4.9,4.8,4.9,4.6,4.8,5613.0,480281.0,31.3,2675.5,0.496,0.5,15.4,1315.8,15.5,1326.7,7.0,8.2,181,3,184,365,1445.0,123645.0,32.9,2817.1,0.489,0.506,16.1,1373.8,16.6,1421.2,7.0,11.0,44,3,46,90
10552253,"Fully furnished 3BHK Service Apartment, Bangalore","Is a Premium Furnished Serviced Apartment for Guests & Corporates @ BEL road,<br />Landmark: Next to Dollars colony  near Devasandra Signal<br />Availability :  1 Apartment of  3 bedroom .<br />Total  Occupancy : 6 adults + 2 children<br /><br /><b>The space</b><br />Elevator facility<br />Hot & Cold water<br />Air-conditioned rooms<br />Digital safe locker.<br />Tata Sky HD TV connection  room<br />Wi – Fi facility in all rooms<br />Individual mini-refrigerators  <br />24 hrs security with CCTV<br /><br /><b>Guest access</b><br />-Access to Entire Apartment will be provided.<br />-Family & Kids Friendly<br /><br />Other Facilities include :<br />-Laundry Service <br />-Car Parking<br />-Eco-friendly LED lighting <br />-100% Power back up <br />-High Speed Wifi<br />-Running Hot & Cold Water<br />-Slim LED TV's in all Rooms<br />-Tea/Cofee maker<br />-Rooms with good view<br />-Ironing board (on Request)",Entire rental unit,entire_home,https://a0.muscache.com/im/pictures/293ab474-4689-4e45-9a37-f29b18a41669.jpg,37,"https://a0.muscache.com/im/pictures/293ab474-4689-4e45-9a37-f29b18a41669.jpg,https://a0.muscache.com/im/pictures/307aec50-05b4-4ec7-b99a-4ca327c55e72.jpg,https://a0.muscache.com/im/pictures/9b17992b-2801-4e88-a61f-78014faa0a0a.jpg,https://a0.muscache.com/im/pictures/9795656f-d506-4a81-bef8-61ddf609eede.jpg,https://a0.muscache.com/im/pictures/a2cc0cc2-ecd8-4c26-b1c1-432b676f7746.jpg,https://a0.muscache.com/im/pictures/1862ad80-12c7-42bd-adb5-c58cb44474c8.jpg,https://a0.muscache.com/im/pictures/4488c0d1-d0de-4416-b9f3-54ad5fe65bbd.jpg,https://a0.muscache.com/im/pictures/530cf70f-e47e-4b0d-b264-aeb4cb99fe4e.jpg,https://a0.muscache.com/im/pictures/5ee5bbd9-d6c3-41b0-95cd-71ab93d021e4.jpg,https://a0.muscache.com/im/pictures/94f4bc53-2532-4223-9dd1-3578f6460a03.jpg,https://a0.muscache.com/im/pictures/d6c9aa8c-ddb3-4726-8bec-7979a9f3373d.jpg,https://a0.muscache.com/im/pictures/4047ba51-be2f-457e-a36d-bcc00d59e5bd.jpg,https://a0.muscache.com/im/pictures/0c1eacf2-2079-4f46-b08f-010893d326b6.jpg,https://a0.muscache.com/im/pictures/4e06fa48-d8cf-4d90-880d-b377b5c6a77f.jpg,https://a0.muscache.com/im/pictures/23fcb1ab-3c76-40a0-bf3e-bc8ff922be34.jpg,https://a0.muscache.com/im/pictures/c9a4a627-c2d7-4569-a6a5-443082b6f623.jpg,https://a0.muscache.com/im/pictures/6fc0ab2c-57a1-4327-9461-96de19dfb5ce.jpg,https://a0.muscache.com/im/pictures/a187e968-9da9-4237-ab4a-328b51144172.jpg,https://a0.muscache.com/im/pictures/59f71907-5354-4ea7-8c39-ff58be550e38.jpg,https://a0.muscache.com/im/pictures/df7f9eb6-f92a-4cd5-bcb0-86e4c50a2337.jpg,https://a0.muscache.com/im/pictures/84a0d813-fcab-4475-8ac6-bf582fde5851.jpg,https://a0.muscache.com/im/pictures/5b49d081-e950-4446-873f-36db7e42836c.jpg,https://a0.muscache.com/im/pictures/75437a33-f5b0-46ff-a0e8-97bf59f86ac2.jpg,https://a0.muscache.com/im/pictures/de62730d-0363-47ff-ba00-7030721073ef.jpg,https://a0.muscache.com/im/pictures/d2880554-9639-41f7-bc79-9cb4e92c964e.jpg,https://a0.muscache.com/im/pictures/7d6281a7-b8da-4939-a211-51f244c64182.jpg,https://a0.muscache.com/im/pictures/ded76ca2-d925-4746-b8f7-4ee2dd430de4.jpg,https://a0.muscache.com/im/pictures/740b3f08-3f0f-4432-a067-9a8899cb3841.jpg,https://a0.muscache.com/im/pictures/0d32774a-feaa-49f4-96ef-6ee3b01d9892.jpg,https://a0.muscache.com/im/pictures/32e231ec-e803-45de-b6ba-4bc47efbe568.jpg,https://a0.muscache.com/im/pictures/e3b3dd55-18f7-46e8-9b4b-51c5e06db8ba.jpg,https://a0.muscache.com/im/pictures/b2070f01-6379-4205-af90-e13d22ec6545.jpg,https://a0.muscache.com/im/pictures/c35b48ab-19a9-4740-a540-e595cf9718a0.jpg,https://a0.muscache.com/im/pictures/2cb6889f-1174-4f87-b321-b959aaa21eab.jpg,https://a0.muscache.com/im/pictures/288e976d-df84-4d81-834e-ecc349ed1bf5.jpg,https://a0.muscache.com/im/pictures/965b1a14-5aba-4b9f-b2ca-332491cd07e1.jpg,https://a0.muscache.com/im/pictures/2a368621-67db-4f03-a4b9-54b1784fbaf5.jpg",54426965,Shamshuddin,320259796,Imran,true,13.039047,77.565555,6,3,6,3.0,false,"Shampoo,Body soap,Hot water,Washer,Essentials,Hangers,Bed linens,Room-darkening shades,Iron,Drying rack for clothing,Safe,Clothing storage,TV,Window guards,Air conditioning,Ceiling fan,Exterior security cameras on property,Fire extinguisher,First aid kit,Wifi,Dedicated workspace,Kitchen,Refrigerator,Microwave,Dishes and silverware,Mini fridge,Stove,Free parking on premises,Elevator,Self check-in,Building staff",false,false,1,Flexible,12:00 PM,11:00 AM,false,false,INR,0,0,true,26,4.77,4.9,4.9,4.8,4.9,4.7,4.5,1208.0,103365.0,74.1,6340.7,0.047,0.047,3.3,283.2,3.3,283.2,1.0,5.7,17,0,348,365,0.0,0.0,79.3,6781.7,0.0,0.0,0.0,0.0,0.0,0.0,1.0,0.0,0,0,90,90
10580198,One bedroom Studio at Koramangala 4th block,"1 Bed Room Studio in Koramangala 4th block with attached bathroom located on the ground floor with well equipped kitchenette. Located in the Heart of Bengaluru, suitable for Couples, Family & Corporate guests. Forum mall is just about 1 km & Indiranagar is about 15 min drive.<br /><br /><b>The space</b><br />You will have sole access to the entire Studio with spacious bathroom. It can comfortably accommodate 2 people & a child. Kindly choose the no. of guests accordingly.<br /><br />Clean bed sheets and towels are provided. Linens are changed 4 days once for guests staying for a week or more. <br />This place is also ideal and affordable for people coming for official work as most of software companies are around. (Embassy Golf link is about 10-15 min drive)<br />Walking distance to restaurants, banks, library, grocery stores, parks, ATM's etc..<br />Large size rooms are very comfortable will lots of storage space and baths/toilets clean and equipped. <br /><br />We can help you get taxis/cab  while you are here.<br /><br />There are also lot of options to order from neighborhood restaurants.(Swiggy)<br /><br /><b>Guest access</b><br />It's a private 1 Bed Room Studio where guests have access to Wireless Internet, Kitchenette, Uninterrupted Power Supply,  Safe and Secure living spaces with Security Guard & CCTV protection. <br /><br />Microwave, Induction Stove, Fridge, Cutlery & Crockery, etc<br /><br /><b>Other things to note</b><br />We have our caretaker at the property to help you with the keys.<br /><br />Laundry - We do not provide laundry service.<br />Tumbledry laundry is located down the road.<br /><br />Car Park - Street Parking only, We do not have parking inside the premises.<br /><br />An early check-in & late checkout is subject to availability & charges might be applicable.  Kindly keep us posted on that, we shall certainly try our best to accommodate you. Charges may be applicable<br /><br />Since we are on  the main road.. it could be a little noisy due to traffic as we are close to most happening places in Koramangala.",Entire serviced apartment,entire_home,https://a0.muscache.com/im/pictures/hosting/Hosting-10580198/original/a9d38b7c-bfd6-4f61-8322-8f7bad37dffe.jpeg,12,"https://a0.muscache.com/im/pictures/hosting/Hosting-10580198/original/a9d38b7c-bfd6-4f61-8322-8f7bad37dffe.jpeg,https://a0.muscache.com/im/pictures/hosting/Hosting-10580198/original/f197b243-141b-43cb-8ae8-0a05ff4bdec5.jpeg,https://a0.muscache.com/im/pictures/hosting/Hosting-10580198/original/75a6409e-5d09-4df4-8048-c6417d5077c4.jpeg,https://a0.muscache.com/im/pictures/hosting/Hosting-10580198/original/3901bd12-a16d-493e-8db3-b644431363d8.jpeg,https://a0.muscache.com/im/pictures/miso/Hosting-10580198/original/c1031888-fc97-4f28-b55d-453d67a1e272.jpeg,https://a0.muscache.com/im/pictures/hosting/Hosting-10580198/original/0e865461-d3ea-4a9a-8c43-681e81b4c25a.jpeg,https://a0.muscache.com/im/pictures/miso/Hosting-10580198/original/31fb05c5-c071-4e09-beab-80f84e4dee1d.jpeg,https://a0.muscache.com/im/pictures/miso/Hosting-10580198/original/a0d9b7e0-3d1e-4757-8dba-22723e0b1986.jpeg,https://a0.muscache.com/im/pictures/miso/Hosting-10580198/original/37c4626e-4e3f-405a-91b5-125c09ca8ac1.jpeg,https://a0.muscache.com/im/pictures/9fff0dd8-155c-49ab-b4ef-88d95ef3173e.jpg,https://a0.muscache.com/im/pictures/hosting/Hosting-10580198/original/3ee87941-d0a8-46cb-8642-aa602cd956e1.jpeg,https://a0.muscache.com/im/pictures/hosting/Hosting-10580198/original/796e0514-7bf4-4d1d-be23-8a5af60eb65c.jpeg",25846878,Meghna Sagar,,,false,12.933800,77.626700,2,1,1,1.0,false,"Bathtub,Hair dryer,Shampoo,Hot water,Essentials,Hangers,Bed linens,Iron,Clothing storage,TV,Air conditioning,Ceiling fan,Exterior security cameras on property,Wifi,Dedicated workspace,Kitchen,Refrigerator,Microwave,Cooking basics,Dishes and silverware,Stove,Hot water kettle,Dining table,Private entrance,Laundromat nearby,Free street parking,Single level home,Luggage dropoff allowed,Long term stays allowed,Self check-in,Building staff,Cleaning before checkout",true,false,1,Firm,3:00 PM,11:00 AM,false,true,INR,3,0,false,115,4.56,4.6,4.8,4.4,4.8,4.9,4.5,1391.0,119022.0,23.4,1998.9,0.17,0.172,3.7,316.9,3.8,321.3,1.0,3.3,62,5,303,365,577.0,49371.0,22.4,1917.6,0.278,0.278,6.3,537.1,6.3,537.1,1.0,5.0,25,0,65,90
10935326,Ac Private room at Koramangala 4th block,"Cosy & compact AC  Private room on the first floor with an attached bathroom. This room has an interconnecting door as well to another room .<br /><br /><b>The space</b><br />You will have sole access to the private room. It can accommodate 2 people only.<br /><br />Clean bed sheets and towels are provided upon arrival.<br /><br />This place is also ideal and affordable for people coming for official work as most of software companies are around. (Embassy Golf link is about 10-15 min drive)<br />Walking distance to restaurants, banks, library, grocery stores, parks, ATM's etc..<br /><br />There are also lot of options to order from neighborhood restaurants.(Swiggy/Zomato delivers food to our property)<br /><br /><b>Guest access</b><br />It's an independent air conditioned compact room where guests have access to Wireless Internet (airtel is our service provider). you can enjoy with common huge balcony space shared by other guests. Uninterrupted Power Supply,  Safe and Secure living spaces with CCTV protection.<br /><br /><b>Other things to note</b><br />We have our caretaker at the property to help you with the keys!<br /><br />Laundry - We do not provide laundry service.<br />Tumbledry laundry down the road.<br /><br />An early check-in & late checkout is subject to availability & charges might be applicable.  Kindly keep us posted on that, we shall certainly try our best to accommodate you. <br /><br />Since we are on  the main road.. it could be a little noisy due to traffic as we are close to most happening places in Koramangala.",Entire loft,entire_home,https://a0.muscache.com/im/pictures/hosting/Hosting-10935326/original/efb7b0ab-12ea-46d3-b49b-c0b424bf6e81.jpeg,12,"https://a0.muscache.com/im/pictures/hosting/Hosting-10935326/original/efb7b0ab-12ea-46d3-b49b-c0b424bf6e81.jpeg,https://a0.muscache.com/im/pictures/hosting/Hosting-10935326/original/961f3aef-9388-40f6-9008-ed4929e4c537.jpeg,https://a0.muscache.com/im/pictures/hosting/Hosting-10935326/original/69c34667-849d-4bf3-a13c-cf5ccc9295b1.jpeg,https://a0.muscache.com/im/pictures/hosting/Hosting-10935326/original/8fa2f478-aa31-45f9-8c5f-8b859e88d9ce.jpeg,https://a0.muscache.com/im/pictures/hosting/Hosting-10935326/original/d4e85655-d553-4abc-a3a0-61e96d6860e7.jpeg,https://a0.muscache.com/im/pictures/hosting/Hosting-10935326/original/8bec034b-a97f-4633-b1b3-0fd5b62fea6a.jpeg,https://a0.muscache.com/im/pictures/1ab18522-7705-4112-8d15-786851eeca71.jpg,https://a0.muscache.com/im/pictures/hosting/Hosting-10935326/original/227b4a69-2889-4273-9789-a827b6488c35.jpeg,https://a0.muscache.com/im/pictures/hosting/Hosting-10935326/original/444eb946-9cd4-439d-9697-874671db592a.jpeg,https://a0.muscache.com/im/pictures/hosting/Hosting-10935326/original/be493ea9-141a-4866-b8c5-29cbf5602ca4.jpeg,https://a0.muscache.com/im/pictures/hosting/Hosting-10935326/original/c1952d53-6ffb-4f37-b602-5e322ae849ea.jpeg,https://a0.muscache.com/im/pictures/hosting/Hosting-10935326/original/ae9ec868-c687-4277-8878-2c05aeb57450.jpeg",25846878,Meghna Sagar,,,false,12.933600,77.626700,2,1,1,1.0,false,"Hair dryer,Shampoo,Body soap,Hot water,Bed linens,Iron,Mosquito net,TV,Window guards,Air conditioning,Portable fans,Exterior security cameras on property,Wifi,Dedicated workspace,Microwave,Private entrance,Laundromat nearby,Patio or balcony,Free street parking,Luggage dropoff allowed,Long term stays allowed,Self check-in,Building staff,Cleaning before checkout",true,false,1,Moderate,2:00 PM,11:00 AM,false,true,INR,2,0,false,94,4.54,4.6,4.9,4.5,4.8,4.8,4.5,762.0,65203.0,16.8,1437.9,0.115,0.115,2.0,172.1,2.0,172.1,1.0,2.0,42,0,323,365,323.0,27638.0,16.6,1423.4,0.2,0.2,3.5,295.7,3.5,295.7,1.0,1.8,18,0,72,90
11171073,42 Mangalam,"In the heart of city - Benson Town -Millers Road<br />Nestled in the first floor of a charming contemporary home;10 mins drive from MG Road & UB City;this stylish bed & bath,stunning balcony comes with some home cooked scrumptious vegetarian food.<br /><br /><b>The space</b><br />Tastefully designed, contemporary residence which opens out into the terrace. Airy, open spaces.Mangalam Guesthouse is  charming & cosy house in Bangalore run by a family. It is located in the heart of the open air of Bangalore.Our home is a one-of-a-kind neat, clean, modern bungalow with a garden retreat to boot! It has all amenities including rooms with modern en-suite bathrooms<br /><br />A independent bedroom in a 5 bedroom, 5 bathroom house. Completely furnished rooms and all amenities in the bathroom,The room have private bathrooms, free Wi-Fi,towel sets, soaps, shampoos and slippers,water to drink.The house and its rooms are large. From the balcony it's a perfect place for sitting, reading, eating, doing nothing at all<br /><br /><b>Guest access</b><br />Guests have access to our living area and dining room to have their meals ( vegetarian only )<br /><br />Guest can also use our Deck area in case, they would like to dry any of their clothes<br /><br /><b>During your stay</b><br />My family will always go the extra mile to make sure we provide the best of Bangalore to you and are always happy to help<br /><br /><b>Other things to note</b><br />Airport Services (7/24):  If you want to be picked up, please send us your flight details (flight number and the arrival time) and list of passengers' names (the transfers are private -not shared- and the prices are not per person and the total cost is up to 4 people). <br /><br />We can also help you arranging tours provided through a travel agency with special prices for our guests. Even pick up drop facility can be arranged from any other transport terminus ( bus stop,railway station ) of the city.",Private room in home,private_room,https://a0.muscache.com/im/pictures/9d8a17c3-7703-4bf7-a260-db0b88c69fe9.jpg,5,"https://a0.muscache.com/im/pictures/9d8a17c3-7703-4bf7-a260-db0b88c69fe9.jpg,https://a0.muscache.com/im/pictures/2d651672-15ab-4397-8279-97cda880d0ea.jpg,https://a0.muscache.com/im/pictures/2c7bb2bf-5ea9-410a-98d1-9bbe9dd37a4c.jpg,https://a0.muscache.com/im/pictures/b617158b-7af2-40c1-a431-11c7898e87d6.jpg,https://a0.muscache.com/im/pictures/20200a2b-8219-41ca-92aa-4dd946282446.jpg",29924053,Sangeetha,,,true,12.995240,77.604260,,2,2,0.0,false,"Hot water,Washer,Essentials,Hangers,Bed linens,Room-darkening shades,Exterior security cameras on property,First aid kit,Wifi",false,false,2,Moderate,1:00 PM,12:00 PM,true,false,INR,16,0,true,71,4.86,4.8,4.9,4.9,4.9,4.6,4.8,1625.0,139054.0,20.9,1790.7,0.186,0.186,4.0,343.5,4.0,343.5,2.0,6.8,68,0,297,365,363.0,31063.0,23.6,2021.4,0.144,0.144,3.5,299.5,3.5,299.5,2.0,4.3,13,0,77,90
11977900,"Vibrant, Centrally located & Comfortable Apartment","My house is spacious with a clean and modern design. It is in a secure apartment building with an elevator, air conditioning & is fully furnished. This house is very close to great bars such as Koramangala Social and many restaurants and fun shops, bang in the heart of Koramangala.<br /><br />Amenities include: Game (Xbox)/ Enjoy the view (Balcony & Swing) / Cook on Demand (kitchen with cookware) / Read (mini Library)/ Coffee Machine/ Board Games/ Microwave/ Club House & Pool/ Washing Machine/Dishwasher<br /><br /><b>The space</b><br />My apartment specifics are here:<br /><br />-2 bed rooms with their respective bathrooms and air conditioners<br />-a vibrant kitchen with beautiful crockery to use <br />-living space where i have a tv, xbox, board games, rocking chair<br />-a nice balcony with a love seat for you to enjoy<br />-parking space<br /><br />Great Services also available on request:<br /><br />1. Premium Laundry<br />2. Maid- Daily Cleaning or according to your convenience<br />3. Cook for all meals on demand<br /><br /><b>Guest access</b><br />You will have access to the complete house and will get your own key as soon as you arrive. You can come and go as you wish.<br /><br /><b>Other things to note</b><br />Access to many varieties of Teas and Coffee Machine. House also has (SENSITIVE CONTENTS HIDDEN) cast, xbox and bose speakers and air conditioners in both bedrooms too. It is a comfortable home. Guests are also welcome to use the pool.",Entire rental unit,entire_home,https://a0.muscache.com/im/pictures/miso/Hosting-11977900/original/b368b087-a0a0-4ec3-8799-e3fbdd0ae1da.jpeg,5,"https://a0.muscache.com/im/pictures/miso/Hosting-11977900/original/b368b087-a0a0-4ec3-8799-e3fbdd0ae1da.jpeg,https://a0.muscache.com/im/pictures/miso/Hosting-11977900/original/66368edc-0240-45f7-abae-e503411b4706.jpeg,https://a0.muscache.com/im/pictures/miso/Hosting-11977900/original/5f4217b1-9724-4b17-a12b-dde64778fb3e.jpeg,https://a0.muscache.com/im/pictures/miso/Hosting-11977900/original/035b8e56-a8a5-4eef-a352-dcc699349355.jpeg,https://a0.muscache.com/im/pictures/miso/Hosting-11977900/original/425bdc49-c1f0-4c51-abe6-bcf625316e7f.jpeg",33960745,Nidhi,21173476,Abhinav,true,12.941420,77.620050,4,2,2,2.0,false,"Pool view,Hair dryer,Shampoo,Conditioner,Body soap,Hot water,Shower gel,Washer,Essentials,Hangers,Bed linens,Extra pillows and blankets,Room-darkening shades,Drying rack for clothing,Clothing storage,TV,Game console,Books and reading material,Children’s books and toys,Outdoor playground,Air conditioning,Ceiling fan,First aid kit,Wifi,Dedicated workspace,Kitchen,Refrigerator,Microwave,Cooking basics,Dishes and silverware,Freezer,Dishwasher,Stove,Hot water kettle,Coffee maker,Wine glasses,Baking sheet,Blender,Dining table,Coffee,Private entrance,Patio or balcony,Backyard,Outdoor furniture,Free parking on premises,Free street parking,Pool,Elevator,Gym,Paid parking on premises,Doorman,Single level home,Luggage dropoff allowed,Long term stays allowed,Self check-in,Keypad,Cleaning before checkout",false,false,5,Moderate,12:00 PM,12:00 PM,true,false,INR,33,0,false,35,4.94,4.9,4.8,4.8,5.0,4.9,4.9,2336.0,199889.0,78.0,6670.0,0.079,0.46,6.0,516.7,35.0,2993.5,5.0,2.4,29,302,336,365,449.0,38421.0,84.3,7215.3,0.056,0.2,4.6,395.5,16.6,1423.9,5.0,5.0,5,65,85,90
13400094,Silver Springs Residence 2,"Our cool and luxurious two bedroom apartment comfortably fits four guests and is centrally located on a quite street, just a five minutes drive away from kamanahalli main road which has all major shopping brands and major restaurants. The international airport is just thirty minutes away.<br /><br /><b>The space</b><br />Spacious Two bedroom flat on the First floor with a large Living cum Dinning room, Kitchen with utility.<br /><br />Bedroom 1:<br /><br />The bedroom is well lit. We provide house keeping service. Recently furnished with good quality furniture. Medium sized Wardrobe with wooden Dressing table with a big mirror. Power Sockets near the bed with fan and light switches. A/C available only in this bedroom, 24*7 power supply with back up generator.<br /><br />Extra pillows and Blankets kept in the wardrobe for the guest to use. Clean and fresh Towels provided.<br /><br />Bathroom<br /><br />Ensuite bathroom. Hygiene maintained. It has modern day bathroom fittings. Geyser for 24*7 hot water, 24*7 water supply, Shower.<br /><br /><br />Bedroom 2:<br /><br />The bedroom is well lit. We provide house keeping service. Recently furnished with good quality furniture. Medium size Wardrobe with wooden Dressing table with a big mirror. <br />The room has a ceiling fan. Power Sockets near the bed with fan and light switches. 24*7 power supply with back up generator.<br /><br />Extra pillows and Blankets kept in the wardrobe for the guest to use. Clean and fresh Towels provided.<br /><br />Bathroom<br /><br />Shared bathroom. Hygiene maintained. It has modern day fittings. Geyser for 24*7 hot water, 24*7 water supply, Shower.<br /><br /><br />Kitchen<br /><br />Open modern day kitchen which connects to the living cum dinning room along with with an Induction Plate, Exhaust, a Electric hot water kettle crockery and cutlery and Utensils. Guest have full freedom to have take away food or cook a meal in the kitchen.<br /><br />Fridge with Freezer which supports all beverages.<br /><br />Living cum Dining<br /><br />Smart LED TV with OTT Apps . Beautiful living room with a couch to hang out. Guest can rest in the living room watching TV or browsing free WiFi internet.<br /><br />Wodden Dining table with four chairs for the guests to enjoy a comfortable meal.<br /><br />Sufficient power sockets for charging of phones and laptops or other equipment.<br /><br />Security<br /><br />Main door comes with a double lock for the safety and security of the guest. Both Bedroom doors comes with a lock for extra privacy for the guest.<br /><br /><b>Guest access</b><br />Entire apartment is provided for the guest's use. Terrace access allowed on request (Safety Reasons). The apartment is accessed by the Lift or Staircase in the building.",Entire rental unit,entire_home,https://a0.muscache.com/im/pictures/0e1ce8c8-a450-4292-85f3-f7dc890e3653.jpg,35,"https://a0.muscache.com/im/pictures/0e1ce8c8-a450-4292-85f3-f7dc890e3653.jpg,https://a0.muscache.com/im/pictures/5b09234e-b5ec-468d-8fa8-d292b0fe790f.jpg,https://a0.muscache.com/im/pictures/e33d07eb-4e0e-430a-8f22-5692d6e6c29d.jpg,https://a0.muscache.com/im/pictures/db13a1d5-15ae-4726-9a37-68e894c06945.jpg,https://a0.muscache.com/im/pictures/96177599-92d6-4d75-ab42-b5d964e31585.jpg,https://a0.muscache.com/im/pictures/33ced04d-b9cb-494b-9fc8-10d6f573a664.jpg,https://a0.muscache.com/im/pictures/b48caffd-226c-4749-8d85-14f73d449d49.jpg,https://a0.muscache.com/im/pictures/95b35504-2ba8-4bb9-b6f2-6d41451e2342.jpg,https://a0.muscache.com/im/pictures/2fa22cbb-10f6-4dd5-972e-176acae23545.jpg,https://a0.muscache.com/im/pictures/2c424e2b-ed96-4873-b1e9-3a808e3627de.jpg,https://a0.muscache.com/im/pictures/19dac791-2e1e-4ec9-adce-cec04e59940a.jpg,https://a0.muscache.com/im/pictures/fd4a6531-4126-469d-8139-0a5fd57ad3cf.jpg,https://a0.muscache.com/im/pictures/2370b638-f62d-4efe-ba9e-4068ec41fa42.jpg,https://a0.muscache.com/im/pictures/207bd836-7568-4751-8a9b-03bf24a830b3.jpg,https://a0.muscache.com/im/pictures/ddd9dd9f-c490-449c-bcd7-fbbacb6c5ee5.jpg,https://a0.muscache.com/im/pictures/99c80c9d-639d-4387-a863-bc62aab5df05.jpg,https://a0.muscache.com/im/pictures/3bb5f7c6-c12f-498b-9a29-8e5e5f90192c.jpg,https://a0.muscache.com/im/pictures/33bd3bd6-e337-4d62-85a5-59faee63ff34.jpg,https://a0.muscache.com/im/pictures/f4529f22-4296-4a56-8beb-df322861d970.jpg,https://a0.muscache.com/im/pictures/b6987710-be07-408f-93e0-49a907938da2.jpg,https://a0.muscache.com/im/pictures/8d17a652-8873-477c-8ce2-78c53ae1dde3.jpg,https://a0.muscache.com/im/pictures/97b21b51-3684-48c4-8505-20f4398d9736.jpg,https://a0.muscache.com/im/pictures/948f657b-0ca1-415b-88ab-9b791636ccda.jpg,https://a0.muscache.com/im/pictures/3868c850-1aa0-4aad-af35-aa52becddaa1.jpg,https://a0.muscache.com/im/pictures/566ce7aa-a242-4a32-86c5-2a6c4b0eadf8.jpg,https://a0.muscache.com/im/pictures/7bcfdb66-0f22-43a9-ab84-e02e685d59a8.jpg,https://a0.muscache.com/im/pictures/a17f11aa-3b04-4071-b718-1b231bf85e67.jpg,https://a0.muscache.com/im/pictures/491a21b0-c9e6-4c7d-b7e1-69771edbbc22.jpg,https://a0.muscache.com/im/pictures/49324933-42c4-4f41-92ff-1efaafbc18e3.jpg,https://a0.muscache.com/im/pictures/eb33ae4b-e5c1-419d-88a6-5eb3e6c613e2.jpg,https://a0.muscache.com/im/pictures/47d6d065-40cd-4516-88df-8238f5e6b3cd.jpg,https://a0.muscache.com/im/pictures/552d3925-7b52-4a77-a409-3aa641d040ed.jpg,https://a0.muscache.com/im/pictures/d04dd62b-b121-498d-aae0-6bbc9e5640eb.jpg,https://a0.muscache.com/im/pictures/d979978e-03aa-4826-b7b2-922ce56366fb.jpg,https://a0.muscache.com/im/pictures/ce7bfddf-2e6e-4e85-b015-1a663fcb2785.jpg",68978688,Abdul,,,false,13.017740,77.629220,4,2,2,2.0,false,"Hot water,Washer,Dryer,Essentials,Hangers,Iron,TV,Air conditioning,Ceiling fan,First aid kit,Wifi,Kitchen,Refrigerator,Microwave,Cooking basics,Dishes and silverware,Stove,Rice maker,Dining table,Patio or balcony,Free parking on premises,Free street parking,Elevator,Smoking allowed,Long term stays allowed,Self check-in,Building staff",false,false,2,Firm,1:00 PM,12:00 PM,false,false,INR,6,0,false,68,4.76,4.7,4.9,4.6,4.8,4.7,4.7,1970.0,168564.0,50.3,4305.6,0.121,0.145,5.3,453.4,6.4,544.4,1.7,7.3,44,61,321,365,0.0,0.0,43.5,3722.2,0.0,0.0,0.0,0.0,0.0,0.0,1.7,0.0,0,45,90,90
13565486,Sunny's Brook - Private AC room with kitchenette,"Our place is in a quiet neighbourhood which is free from the city noise and pollution, this makes our place unique and special..  Is good for parents visiting their wards in Sambhram Institute of Tech /Shristhi School of Design.  quick  access to restaurants. located 100 mts from the bus stop , located 45 minutes drive to the BIAL airport . located away from the hustle bustle of traffic. easily accesible our area is peaceful and has a decent neighborhood..we are located 11 km from BIEC<br /><br /><b>The space</b><br />we are located in North Bangalore. People come to this part of town  for cycling and recreational activities as we are located in close proximity to hesargatta lake and scenic farm lands . You will find everything you need like restaurants, supermarkets, groceries, hospitals, schools, colleges, ATMs, petrol pumps etc in close vicinity.<br /><br />Bangalore International Exhibition Center - 11 kms<br />Hesaraghatta - 12 kms<br />MS Ramaiah Institute of Technology - 10 kms<br />Jalahalli Metro station - 8  kms<br />Yelahanka - 5 kms.<br />Srishti Institute of Art, Design and Technology - 6 km<br />Indian Institute of Horticulture -8 km <br />IAIM Healthcare- 4  Kms<br />Aditya Farms - 3 km<br />Sambhram Institute of Technology- 100 mtrs <br />Sambhram Roost - 3 km <br />Kalathur Farms- 3 km <br />Yeswanthpur Railway Station- 8 kms<br />Malleswaram 18th Cross- 11 kms<br />Majestic city - 15 kms<br />Manyata Tech park - 14 kms<br />Shivajinagar - 15 kms<br />Airforce station Jalahalli - 2 kms<br /><br />World Trade Center - 10 kms<br />Orion Mall - 10 kms<br />Mantri Mall - 13 kms<br />Mekhri Circle - 11 kms<br />Acharya Institute of Technology- 8 kms<br />Sapthagiri college of Engineering - 7 kms<br />MS Ramaiah Medical College - 10 kms<br />Bharath Electronics limited circle - 6 kms<br />IISC - 9 kms<br />National Public School Yelhanka - 6km<br />Country Club Yelhanka - 10 km <br />Mallaya Aditi International School - 6  kms<br />Kendriya Vidyalaya No 1 - 7 kms<br />Kendriya Vidyalaya No 2- 5 kms<br />Bangalore International Airport- 30 kms<br />Aveksha Hospital - 1 kms<br />Nagappa Hadli Hospital - 500 meters<br />Ramaiah Hospital - 8 kms<br />Narayan Nethralaya Eye Hospital - 11 kms<br />Aster CMI Hospital - 12 kms<br />Airforce station Yelahanka - 15 kms<br />Columbia Asia Hospital Hebbal- 11 kms<br />Vikram Hospital - 14 kms<br />Baptist Hospital - 17 kms<br /><br /><b>Guest access</b><br />They are free to access the ground floor and all the outside areas of the premises.<br /><br /><b>Other things to note</b><br />Please follow the rules mentioned by us in Airbnb. Please ensure that you keep the house neat and clean as we don’t have a dedicated house keeping and we don’t charge extra for guests as cleaning charges. If you require house keeping on daily basis you can pay Rs 100 to the house keeper directly and get it cleaned. Extra Pillows  are kept in Almirah for use.  Please switch off the outside lights before going to bed every night and please close the gates when you get in and get out of the home.",Private room in guest suite,private_room,https://a0.muscache.com/im/pictures/c58c5ff1-08ad-4187-8c97-040e48e52f60.jpg,17,"https://a0.muscache.com/im/pictures/c58c5ff1-08ad-4187-8c97-040e48e52f60.jpg,https://a0.muscache.com/im/pictures/4cf21462-b74f-4914-9295-ac9da276b0eb.jpg,https://a0.muscache.com/im/pictures/miso/Hosting-13565486/original/27e11d3f-ba3c-4100-a7e3-341ca95baaab.jpeg,https://a0.muscache.com/im/pictures/miso/Hosting-13565486/original/013a8647-e3be-4ed5-a843-3d4029eb602b.jpeg,https://a0.muscache.com/im/pictures/dbbfab9a-bca0-4132-a6ec-6c8d94d020a0.jpg,https://a0.muscache.com/im/pictures/6d9e0fb4-563f-47e2-9c74-cfa487e013d6.jpg,https://a0.muscache.com/im/pictures/miso/Hosting-13565486/original/cccd0da5-64e0-47c1-9e38-5f6490f3e8d3.jpeg,https://a0.muscache.com/im/pictures/miso/Hosting-13565486/original/b3cefbd7-7167-4036-9a7e-7c64a20b493f.jpeg,https://a0.muscache.com/im/pictures/miso/Hosting-13565486/original/8106dae7-ed83-44c6-a48e-457ea4d35e3f.jpeg,https://a0.muscache.com/im/pictures/miso/Hosting-13565486/original/009805f9-6390-4715-8e44-e44705ac0892.jpeg,https://a0.muscache.com/im/pictures/miso/Hosting-13565486/original/7f7e3b50-e6c7-46be-a831-c98cb756772e.jpeg,https://a0.muscache.com/im/pictures/46787d22-96fe-4e23-9a4d-da153ae2d6ae.jpg,https://a0.muscache.com/im/pictures/c4b8f441-483e-4dc6-846a-de5cf1154c87.jpg,https://a0.muscache.com/im/pictures/f3bb3c7c-a370-4a6f-92d0-f7b08bd44581.jpg,https://a0.muscache.com/im/pictures/4e1bed9f-e02f-451c-a116-34c352c340ca.jpg,https://a0.muscache.com/im/pictures/51443a1c-38ce-4594-a87a-7b858402432f.jpg,https://a0.muscache.com/im/pictures/miso/Hosting-13565486/original/5e53987e-e5f8-4ed8-8ad1-13f235d78d65.jpeg",78075112,Shiju,,,true,13.081100,77.548300,,,1,0.0,false,"Hot water,Washer,Hangers,Bed linens,Extra pillows and blankets,Iron,Drying rack for clothing,Mosquito net,Clothing storage,Books and reading material,Air conditioning,Ceiling fan,Lock on bedroom door,Wifi,Kitchen,Refrigerator,Dishes and silverware,Stove,Hot water kettle,Private entrance,Free street parking,Pets allowed,Luggage dropoff allowed,Smoking allowed,Long term stays allowed,Host greets you",false,false,2,Flexible,2:00 PM,11:00 AM,false,true,INR,3,5,false,38,4.68,4.7,4.9,4.6,4.9,4.7,4.6,240.0,20541.0,11.6,991.9,0.06,0.06,0.6,54.2,0.6,54.2,2.0,7.3,22,0,343,365,41.0,3508.0,12.6,1080.9,0.033,0.033,0.4,36.1,0.4,36.1,2.0,3.0,3,0,87,90
13701577,Cute and Cozy private room on the outskirts,"My place is close to restaurants and dining. You’ll love my place because of the ambiance, the comfy bed, the neighborhood, and of course the hosts! :). My place is good for couples and solo adventurers.<br /><br /><b>The space</b><br />There is a private room for you,  however you are free to use all other spaces such as the spacious living room, the balcony outside as well as the kitchen. make yourself a nice cup of tea, sit in the balcony and read the morning paper before heading out to explore the beautiful city of Bangalore.  The other rooms are occupied by me and my mom. Perfectly friendly people no worries! :)<br /><br /><b>During your stay</b><br />Any sort of help or guidance will be provided at anytime. call me and see it for yourself!",Private room in rental unit,private_room,https://a0.muscache.com/im/pictures/miso/Hosting-13701577/original/0c9fc80e-23af-474f-84c2-fd6c689a45bb.jpeg,8,"https://a0.muscache.com/im/pictures/miso/Hosting-13701577/original/0c9fc80e-23af-474f-84c2-fd6c689a45bb.jpeg,https://a0.muscache.com/im/pictures/miso/Hosting-13701577/original/19e2a450-c55c-464e-b17c-eca69dcbdc1c.jpeg,https://a0.muscache.com/im/pictures/miso/Hosting-13701577/original/f252cd20-2506-42ae-bfdc-59d5fb714649.jpeg,https://a0.muscache.com/im/pictures/miso/Hosting-13701577/original/02de5d45-e46f-4c7b-b1be-7b798c8a67cb.jpeg,https://a0.muscache.com/im/pictures/miso/Hosting-13701577/original/6e5a94cf-6517-497f-9ccd-b2eceba7955c.jpeg,https://a0.muscache.com/im/pictures/68a9c91a-01aa-48eb-9d8b-1ec156cbf936.jpg,https://a0.muscache.com/im/pictures/miso/Hosting-13701577/original/df4d3eb0-3b7f-4534-a4d1-38f7cf971847.jpeg,https://a0.muscache.com/im/pictures/miso/Hosting-13701577/original/2146325d-eebd-4d8b-843c-778741a608f4.jpeg",75594511,Swetanshu,368896213,Rajshree,true,12.850490,77.656590,,,1,0.0,false,"Bathtub,Cleaning products,Shampoo,Hot water,Essentials,Hangers,Bed linens,Extra pillows and blankets,Iron,Drying rack for clothing,Safe,Clothing storage,Books and reading material,Lock on bedroom door,First aid kit,Wifi,Pocket wifi,Refrigerator,Microwave,Dishes and silverware,Dishwasher,Stove,Oven,Coffee maker,Wine glasses,Dining table,Patio or balcony,Free street parking,Pool,Elevator,Gym,Host greets you",,false,1,Moderate,,,true,false,INR,1,5,true,88,4.98,5.0,5.0,5.0,5.0,5.0,4.9,955.0,81724.0,15.3,1311.7,0.175,0.182,2.6,221.3,2.7,230.1,1.0,3.8,64,14,301,365,106.0,9071.0,16.1,1381.5,0.067,0.067,1.2,99.8,1.2,99.8,1.0,6.0,6,0,84,90
13707553,"Luxury 3 Bedroom Apartment, Cul-de-sac, Bangalore","Find your tranquil Bangalore haven. This bright, airy luxury apartment offers comfort & convenience. In a quiet CHICO Square cul-de-sac, enjoy 3  bedrooms, two with ensuite, each with a balcony. Perks: basement parking, Wi-Fi, full kitchen, 65\ Smart TV",Entire rental unit,entire_home,https://a0.muscache.com/im/pictures/airflow/Hosting-13707553/original/f0e8f087-905d-4a24-a8eb-dab1c281f557.jpg,41,"https://a0.muscache.com/im/pictures/airflow/Hosting-13707553/original/f0e8f087-905d-4a24-a8eb-dab1c281f557.jpg,https://a0.muscache.com/im/pictures/airflow/Hosting-13707553/original/0f8fd1e2-8d00-4a05-8023-275905ebaad9.jpg,https://a0.muscache.com/im/pictures/airflow/Hosting-13707553/original/7b607969-6a99-490a-b848-2bc7f666daba.jpg,https://a0.muscache.com/im/pictures/airflow/Hosting-13707553/original/3c9621a8-b37c-4924-ac37-49d33dfc4e3b.jpg,https://a0.muscache.com/im/pictures/airflow/Hosting-13707553/original/f718b41b-12ab-46fc-b19d-9a21d60540b8.jpg,https://a0.muscache.com/im/pictures/airflow/Hosting-13707553/original/e79ae0e6-ff53-4af6-8798-fe1c027094e7.jpg,https://a0.muscache.com/im/pictures/airflow/Hosting-13707553/original/b0580d11-7bd2-4227-80d8-6a166c057c0d.jpg,https://a0.muscache.com/im/pictures/airflow/Hosting-13707553/original/e3ec0455-a8da-4e2d-bed4-a1bae290dbe7.jpg,https://a0.muscache.com/im/pictures/airflow/Hosting-13707553/original/287800dc-4c90-4554-93bc-3282d31ef7d6.jpg,https://a0.muscache.com/im/pictures/airflow/Hosting-13707553/original/ff6a06dc-4a23-4817-b093-ab6b333bca41.jpg,https://a0.muscache.com/im/pictures/airflow/Hosting-13707553/original/7291fd27-dbae-4b88-a81d-cb01dce84f5b.jpg,https://a0.muscache.com/im/pictures/airflow/Hosting-13707553/original/805335ba-f0b3-4925-b9e0-e0198849fbd0.jpg,https://a0.muscache.com/im/pictures/airflow/Hosting-13707553/original/22f4b15d-ba86-4781-9c06-843a033d8140.jpg,https://a0.muscache.com/im/pictures/airflow/Hosting-13707553/original/0726d801-2d00-40da-a652-9aca2a77f58a.jpg,https://a0.muscache.com/im/pictures/airflow/Hosting-13707553/original/902c50d2-3aaf-4470-83c6-d44ad1b244c4.jpg,https://a0.muscache.com/im/pictures/airflow/Hosting-13707553/original/d44c0acd-a385-4109-81c3-6c277f37493d.jpg,https://a0.muscache.com/im/pictures/airflow/Hosting-13707553/original/02ab5045-f006-4323-a231-96fc7b688634.jpg,https://a0.muscache.com/im/pictures/airflow/Hosting-13707553/original/747f1a8f-b5d4-4a2a-8751-f465d819a08b.jpg,https://a0.muscache.com/im/pictures/airflow/Hosting-13707553/original/22b32069-7c23-4adf-9761-e9a74ba8ba09.jpg,https://a0.muscache.com/im/pictures/airflow/Hosting-13707553/original/c1dee65a-7c44-4793-9473-56e27e0c912e.jpg,https://a0.muscache.com/im/pictures/airflow/Hosting-13707553/original/35ab2fdb-7c7f-4e37-8fbe-075a88991a42.jpg,https://a0.muscache.com/im/pictures/airflow/Hosting-13707553/original/7368da43-183e-4fce-85b5-d01a0e45b7ab.jpg,https://a0.muscache.com/im/pictures/airflow/Hosting-13707553/original/c094fb73-53a5-49ee-a61e-419f91c7d423.jpg,https://a0.muscache.com/im/pictures/airflow/Hosting-13707553/original/efb433b7-e7fc-4e19-92a1-32648cad81f6.jpg,https://a0.muscache.com/im/pictures/airflow/Hosting-13707553/original/54a3d469-fc47-4c9e-be6d-b20a254b42d9.jpg,https://a0.muscache.com/im/pictures/airflow/Hosting-13707553/original/196fb535-60b5-4629-b111-0d66fa9c7e95.jpg,https://a0.muscache.com/im/pictures/airflow/Hosting-13707553/original/250686ab-9ae8-460f-990f-b8684504d2f4.jpg,https://a0.muscache.com/im/pictures/airflow/Hosting-13707553/original/bd9fd3db-d9cc-4204-9a1a-44551bf24d28.jpg,https://a0.muscache.com/im/pictures/airflow/Hosting-13707553/original/c5da3347-f23d-4b39-93fa-538e95b55219.jpg,https://a0.muscache.com/im/pictures/airflow/Hosting-13707553/original/7f447a47-242e-4af7-88cb-b71db06553de.jpg,https://a0.muscache.com/im/pictures/airflow/Hosting-13707553/original/28c98042-681f-419a-a267-7decaf0dd030.jpg,https://a0.muscache.com/im/pictures/airflow/Hosting-13707553/original/ca1a1eab-e006-4a19-b31f-0258636e23d4.jpg,https://a0.muscache.com/im/pictures/airflow/Hosting-13707553/original/889259a5-addd-4d2b-938a-71fad9216a90.jpg,https://a0.muscache.com/im/pictures/airflow/Hosting-13707553/original/7c42f03d-1e26-4259-8dc6-2f92840eac93.jpg,https://a0.muscache.com/im/pictures/airflow/Hosting-13707553/original/c66153a2-0849-4bc6-906a-10c4af413fff.jpg,https://a0.muscache.com/im/pictures/airflow/Hosting-13707553/original/a6627783-c4d6-42da-901e-decc95b42771.jpg,https://a0.muscache.com/im/pictures/airflow/Hosting-13707553/original/d9b84904-ee42-4dbd-8ee9-0256fe52f729.jpg,https://a0.muscache.com/im/pictures/airflow/Hosting-13707553/original/334348ce-e476-4608-8c39-1017418a80c6.jpg,https://a0.muscache.com/im/pictures/869756b8-af2b-4f74-981b-e5362eb48ee0.jpg,https://a0.muscache.com/im/pictures/4af07201-a9bb-435c-93e8-4a082aedc37a.jpg,https://a0.muscache.com/im/pictures/hosting/Hosting-U3RheVN1cHBseUxpc3Rpbmc6MTM3MDc1NTM=/original/f0ee44a2-7625-4e8e-b86e-8d3682077132.jpeg",80744023,Tom,79893067,Anthony,false,13.005900,77.623100,6,3,3,2.5,false,"Bathtub,Hair dryer,Cleaning products,Bidet,Hot water,Washer,Dryer,Essentials,Hangers,Bed linens,Extra pillows and blankets,Iron,Drying rack for clothing,Safe,Clothing storage,Ethernet connection,TV,Crib,High chair,Window guards,Outlet covers,Air conditioning,Ceiling fan,Exterior security cameras on property,Smoke alarm,Carbon monoxide alarm,First aid kit,Wifi,Dedicated workspace,Kitchen,Refrigerator,Microwave,Cooking basics,Dishes and silverware,Freezer,Stove,Hot water kettle,Wine glasses,Toaster,Blender,Dining table,Laundromat nearby,Patio or balcony,Free parking on premises,Free street parking,Elevator,Gym,Single level home,Luggage dropoff allowed,Long term stays allowed,Self check-in,Smart lock,Cleaning before checkout",,false,9,Moderate,12:00 PM,12:00 PM,false,true,INR,0,0,true,22,4.82,4.6,4.9,4.7,5.0,4.7,4.7,2983.0,255255.0,76.9,6578.2,0.112,0.135,8.2,699.3,9.8,839.7,8.6,4.1,41,61,324,365,284.0,24302.0,87.3,7469.2,0.033,0.083,3.2,270.0,7.9,675.1,12.5,1.0,3,54,87,90
13980734,"Kanagawa - 450m from JP Nagar metro, Green Line","Thank you for considering my Airbnb.  Please read before booking.<br /><br />Please introduce yourselves - Include information about yourself and your interests, your reason for this trip, accompanying guests if any, when you will be arriving, and what your routine will be. <br /><br />It will help me recommend if my home is a good match for your stay requirements.<br /><br /><b>The space</b><br />You just found the B&B for your stay in South Bangalore. That is if you prefer to indulge in a serene escape from the city.  <br /><br />Its a 5 minute walk from the JP Nagar Station on the Bangalore Metro - Green Line. <br /><br />Well suited for international travellers, couples,  business travellers and families with kids. <br /><br />Nourishing breakfast (typically traditional south indian)  is included.<br /><br />Your private room is furnished with a queen bed with a comfortable spring mattress. A study table along with  ample storage for your luggage in the closet. <br /><br />The room has a clean and modern bathroom attached<br /><br /><b>Guest access</b><br />I have access to high speed Wifi but cannot provide any guarantees.  I have an exercise space which you are free to use after 9:00 am.   If you prefer to cook yourself  and the kitchen is free, you are welcome to use it. Just be forewarned that your host might want to join in the meal :-)<br /><br /><b>During your stay</b><br />I'm happy to help you in your travels. Let me know if you need information or assistance getting here -  from the airport, railway station or if you driving to Bangalore. <br /><br />If you need any information or assistance to plan you holiday I can make some suggestions or point you in the right direction. <br /><br />If you are on a business visit and need some information or assistance to connect to a specific audience or set of resources I can offer support.<br /><br />If you are an international traveller and would like to connect to  your compatriots I can suggest a relevant gathering place.<br /><br /><b>Other things to note</b><br />You have access to many restaurants  within a 3 km radius and the area is well serviced by most food and grocery delivery services",Private room in home,private_room,https://a0.muscache.com/im/pictures/hosting/Hosting-U3RheVN1cHBseUxpc3Rpbmc6MTM5ODA3MzQ%3D/original/436f081f-a64f-4a0c-a245-f05ce6419e8a.jpeg,16,"https://a0.muscache.com/im/pictures/hosting/Hosting-U3RheVN1cHBseUxpc3Rpbmc6MTM5ODA3MzQ%3D/original/436f081f-a64f-4a0c-a245-f05ce6419e8a.jpeg,https://a0.muscache.com/im/pictures/e0857119-7c80-4cba-ace2-7606e1abe61c.jpg,https://a0.muscache.com/im/pictures/hosting/Hosting-U3RheVN1cHBseUxpc3Rpbmc6MTM5ODA3MzQ%3D/original/fc13bf0d-8b4c-48e4-96ab-1b502b3d8779.jpeg,https://a0.muscache.com/im/pictures/hosting/Hosting-U3RheVN1cHBseUxpc3Rpbmc6MTM5ODA3MzQ%3D/original/b8fee581-4d07-4caf-9208-616e334f3caa.jpeg,https://a0.muscache.com/im/pictures/e1e8f459-b447-4d6a-9b4b-bd5bc60cd33c.jpg,https://a0.muscache.com/im/pictures/hosting/Hosting-U3RheVN1cHBseUxpc3Rpbmc6MTM5ODA3MzQ%3D/original/5e63b0d3-0613-4ce7-9d38-5e5be94b8c26.jpeg,https://a0.muscache.com/im/pictures/hosting/Hosting-U3RheVN1cHBseUxpc3Rpbmc6MTM5ODA3MzQ%3D/original/a920166a-f501-41de-87d8-7924eef87752.jpeg,https://a0.muscache.com/im/pictures/hosting/Hosting-U3RheVN1cHBseUxpc3Rpbmc6MTM5ODA3MzQ%3D/original/644b975d-4bcb-4686-a9a3-902b3e96bcf8.jpeg,https://a0.muscache.com/im/pictures/hosting/Hosting-U3RheVN1cHBseUxpc3Rpbmc6MTM5ODA3MzQ%3D/original/7c7b9bf3-2c33-419c-8ec4-bf71f109541d.jpeg,https://a0.muscache.com/im/pictures/4ea288d4-c670-4560-b3e0-b512753404b4.jpg,https://a0.muscache.com/im/pictures/9676e3b4-1dcf-4a31-bd7d-4b39715761e7.jpg,https://a0.muscache.com/im/pictures/bda80409-8a5a-4f6b-95c6-dc7e15cd389b.jpg,https://a0.muscache.com/im/pictures/40f780bc-2e2f-4844-a250-10b703121f16.jpg,https://a0.muscache.com/im/pictures/6e184af2-b2b3-465f-bc53-d0773efd4050.jpg,https://a0.muscache.com/im/pictures/a2f3a287-2c42-4a1b-86c0-a001a43e0f0f.jpg,https://a0.muscache.com/im/pictures/miso/Hosting-13980734/original/84e0291b-0e05-4bb2-ad87-67ec770587c4.png",83412622,Julian,,,true,12.909900,77.574600,,,1,0.0,false,"Hair dryer,Shampoo,Conditioner,Body soap,Hot water,Washer,Essentials,Hangers,Bed linens,Extra pillows and blankets,Iron,Drying rack for clothing,Clothing storage,Children’s books and toys,Board games,Air conditioning,Ceiling fan,Heating,Lock on bedroom door,Exterior security cameras on property,Wifi,Dedicated workspace,Kitchen,Refrigerator,Microwave,Cooking basics,Dishes and silverware,Freezer,Dishwasher,Stove,Oven,Hot water kettle,Coffee maker,Wine glasses,Toaster,Baking sheet,Blender,Rice maker,Barbecue utensils,Coffee,BBQ grill,Gym,Luggage dropoff allowed,Breakfast,Host greets you",,false,4,Moderate,11:00 AM,10:00 AM,true,true,INR,0,9,true,81,4.98,5.0,5.0,5.0,5.0,4.8,5.0,3103.0,265523.0,18.0,1536.8,0.474,0.49,8.5,727.5,8.8,752.2,3.7,5.6,173,12,192,365,543.0,46462.0,18.3,1565.0,0.3,0.3,6.0,516.2,6.0,516.2,4.0,9.0,27,0,63,90
14000799,StressBuster Stay at Great Price BrigadeMetropolis,Hi 👋<br /><br />🎊BONANZA OFFER🍻🥳 Book and Get 20% Off on Returning Booking!<br /><br />🏛️Space in my 3 Bedroom Guest Service Apartment at<br />Brigade Metropolis🌳<br />GarudacharpalyaⓂ️Station 🚉<br />ITPL Main Road<br />Relax Unwind as in your own home(even BETTER) on a Workation<br />✅ Serviced & Cleaned by Expert Maids.<br /><br />🏢Office<br />FRONT GATE<br />📍EY → 5min🚶‍♀️Summit Towers<br />📍ITPL → 6Ⓜ️+ 150m<br />📍SAP → 3Ⓜ️+200m<br />📍KR Puram → 2Ⓜ️<br />BACK GATE<br />📍Amazon Centre → 1km🚶<br />📍Bagmane Tech →1.5km/15min🚶‍♀️<br />📍Google Ananta → 2.5km,Private room in rental unit,private_room,https://a0.muscache.com/im/pictures/hosting/Hosting-14000799/original/685facdc-e950-4c9b-97e5-7f7dbe559885.jpeg,56,"https://a0.muscache.com/im/pictures/hosting/Hosting-14000799/original/685facdc-e950-4c9b-97e5-7f7dbe559885.jpeg,https://a0.muscache.com/im/pictures/hosting/Hosting-14000799/original/d2a37c92-150f-445c-9eea-fe2ed81ed864.jpeg,https://a0.muscache.com/im/pictures/hosting/Hosting-14000799/original/e4526bcc-0540-43d2-8e2d-e906f1cddd62.jpeg,https://a0.muscache.com/im/pictures/7e4c083d-bd63-4b7d-9f00-0c668d3015be.jpg,https://a0.muscache.com/im/pictures/796f8445-9241-4f8d-98cb-77c9013b4c21.jpg,https://a0.muscache.com/im/pictures/hosting/Hosting-14000799/original/b679e61d-6ebd-4d5a-bbc0-76ed2c37603c.jpeg,https://a0.muscache.com/im/pictures/687bfa8f-20da-45c0-8d3b-fe39cd4c6786.jpg,https://a0.muscache.com/im/pictures/4edfaee9-0787-405c-82c6-659b9a0e358b.jpg,https://a0.muscache.com/im/pictures/hosting/Hosting-14000799/original/08f32691-5d69-44d8-be2b-d431925a020b.jpeg,https://a0.muscache.com/im/pictures/hosting/Hosting-14000799/original/867d0e61-1778-48be-9aaa-92b7df9390e1.jpeg,https://a0.muscache.com/im/pictures/hosting/Hosting-14000799/original/40d783bf-3d53-4fcb-947e-d743ff45d828.jpeg,https://a0.muscache.com/im/pictures/hosting/Hosting-14000799/original/31828751-4e49-42a2-88b6-0287e026894d.jpeg,https://a0.muscache.com/im/pictures/hosting/Hosting-14000799/original/ac0a2ed6-03a8-4022-adbb-369800ac9c04.jpeg,https://a0.muscache.com/im/pictures/hosting/Hosting-14000799/original/42985396-45b8-47df-b734-3e64285376c5.jpeg,https://a0.muscache.com/im/pictures/hosting/Hosting-14000799/original/eb4d70ed-8089-4bb6-91a8-994061557cf8.jpeg,https://a0.muscache.com/im/pictures/hosting/Hosting-14000799/original/f7277a36-e330-4c3c-95f3-368c54b8bfcd.jpeg,https://a0.muscache.com/im/pictures/hosting/Hosting-14000799/original/87d45943-a353-4cc2-b260-d122750cd8c6.jpeg,https://a0.muscache.com/im/pictures/hosting/Hosting-14000799/original/59ded44e-edf4-4f18-b773-f0712864f4fe.jpeg,https://a0.muscache.com/im/pictures/hosting/Hosting-14000799/original/83113d06-73a3-4c4c-8e4c-0cf7efce9e1e.jpeg,https://a0.muscache.com/im/pictures/hosting/Hosting-14000799/original/f23c57b1-8a10-4686-bb5a-7ea275b8eafe.jpeg,https://a0.muscache.com/im/pictures/hosting/Hosting-14000799/original/792ae9df-d046-4089-99c1-431ac2340536.jpeg,https://a0.muscache.com/im/pictures/hosting/Hosting-14000799/original/ee359686-e276-41be-9adf-96a3339e6771.jpeg,https://a0.muscache.com/im/pictures/hosting/Hosting-14000799/original/f7de73d7-1600-4497-9763-4565a9045884.jpeg,https://a0.muscache.com/im/pictures/hosting/Hosting-14000799/original/527561a5-4648-4c85-8008-de9f16b16bfb.jpeg,https://a0.muscache.com/im/pictures/hosting/Hosting-14000799/original/de717048-e764-49eb-863f-a8dc7aada078.jpeg,https://a0.muscache.com/im/pictures/hosting/Hosting-14000799/original/def1b29c-cdad-4c90-b29a-2bd1e9614852.jpeg,https://a0.muscache.com/im/pictures/hosting/Hosting-14000799/original/d6a31a8a-4c2d-4177-9332-32322ebc9546.jpeg,https://a0.muscache.com/im/pictures/hosting/Hosting-14000799/original/dead74ba-dcbd-4c0e-ad06-d3157afc3ced.jpeg,https://a0.muscache.com/im/pictures/hosting/Hosting-14000799/original/0fedb220-1349-42d4-91b6-db9de10a6539.jpeg,https://a0.muscache.com/im/pictures/hosting/Hosting-14000799/original/e4a517a8-9614-4de1-94a5-e5bc976ad0e8.jpeg,https://a0.muscache.com/im/pictures/hosting/Hosting-14000799/original/03dc7e72-84e6-4cc9-83f4-78fa63eaab33.jpeg,https://a0.muscache.com/im/pictures/hosting/Hosting-14000799/original/6a2ac6a2-9fe2-4fed-9c9b-97c8c4aef4ab.jpeg,https://a0.muscache.com/im/pictures/hosting/Hosting-14000799/original/a19ce3e9-9b32-401a-b87b-982b1dc5fb8e.jpeg,https://a0.muscache.com/im/pictures/hosting/Hosting-14000799/original/e8c71f21-7f88-4555-9203-808e4b94a5f6.jpeg,https://a0.muscache.com/im/pictures/hosting/Hosting-14000799/original/a2a091a0-9f28-4d34-9ba7-a3b4405d6e61.jpeg,https://a0.muscache.com/im/pictures/hosting/Hosting-14000799/original/2f17c5b7-f527-4a52-8651-f0c3e2be375d.jpeg,https://a0.muscache.com/im/pictures/hosting/Hosting-14000799/original/61b357e1-e6e2-4573-8f50-fb331611c6fb.jpeg,https://a0.muscache.com/im/pictures/hosting/Hosting-14000799/original/71bc0ff7-42bc-4e45-aa3a-0a331823d3b3.jpeg,https://a0.muscache.com/im/pictures/hosting/Hosting-14000799/original/105e9b70-fb2c-4705-af16-5f2144e16ce8.jpeg,https://a0.muscache.com/im/pictures/hosting/Hosting-14000799/original/bcf4177d-1d42-4570-a3d8-2b2c2ad6393c.jpeg,https://a0.muscache.com/im/pictures/hosting/Hosting-14000799/original/ff0115b4-1a81-4621-90ec-c6918cc235fe.jpeg,https://a0.muscache.com/im/pictures/hosting/Hosting-14000799/original/4b08f878-8175-42e6-a369-e0f471841ab8.jpeg,https://a0.muscache.com/im/pictures/hosting/Hosting-14000799/original/90d28a41-22b9-443e-a743-74412f340f1b.jpeg,https://a0.muscache.com/im/pictures/hosting/Hosting-14000799/original/5fd6579a-9c77-47e5-a9e8-c82734d8fc2f.jpeg,https://a0.muscache.com/im/pictures/hosting/Hosting-14000799/original/fde5889a-190e-4f9a-9a7e-4d60c92efa1f.jpeg,https://a0.muscache.com/im/pictures/hosting/Hosting-14000799/original/956495c8-f8c0-4379-9053-cb1034f64d2b.jpeg,https://a0.muscache.com/im/pictures/hosting/Hosting-14000799/original/76899003-e0c4-490a-99e5-c7baeca36c5d.jpeg,https://a0.muscache.com/im/pictures/hosting/Hosting-14000799/original/cdbc95dc-80b3-4ee6-b22c-fac39ba1c65a.jpeg,https://a0.muscache.com/im/pictures/hosting/Hosting-14000799/original/9c44f902-213b-4121-8c1e-798a66504185.jpeg,https://a0.muscache.com/im/pictures/hosting/Hosting-14000799/original/17fdc19f-d829-41bd-803d-434142046fd9.jpeg,https://a0.muscache.com/im/pictures/hosting/Hosting-14000799/original/1f6544f2-6311-4153-a2c3-c623c74e4885.jpeg,https://a0.muscache.com/im/pictures/hosting/Hosting-14000799/original/728d9f3a-98df-4de0-9d32-aa29617da13a.jpeg,https://a0.muscache.com/im/pictures/hosting/Hosting-14000799/original/b5bbc44b-921e-4c12-b91c-be4b39692530.jpeg,https://a0.muscache.com/im/pictures/hosting/Hosting-14000799/original/17e1bc6f-90d6-4859-b65a-068080b0c876.jpeg,https://a0.muscache.com/im/pictures/hosting/Hosting-14000799/original/170a0bd5-84ef-4ff7-abaa-489c951aec1b.jpeg,https://a0.muscache.com/im/pictures/hosting/Hosting-14000799/original/9f919425-7bbe-4c33-bf66-653ebfe6891f.jpeg",3014091,SuSh Hospitality,,,true,12.990600,77.702600,2,2,2,2.0,false,"Garden view,Hair dryer,Cleaning products,Shampoo,Conditioner,Body soap,Hot water,Shower gel,Washer,Dryer,Essentials,Hangers,Bed linens,Extra pillows and blankets,Room-darkening shades,Iron,Drying rack for clothing,Clothing storage,Exercise equipment,Outdoor playground,Ceiling fan,Fire extinguisher,Wifi,Dedicated workspace,Kitchen,Refrigerator,Cooking basics,Dishes and silverware,Mini fridge,Freezer,Stove,Oven,Hot water kettle,Coffee maker,Toaster,Blender,Rice maker,Dining table,Coffee,Patio or balcony,Backyard,Free parking on premises,Free street parking,Elevator,EV charger,Pets allowed,Luggage dropoff allowed,Self check-in,Smart lock,Cleaning before checkout",,false,2,Firm,11:00 AM,12:00 PM,true,true,INR,3,6,true,82,4.94,5.0,5.0,4.9,5.0,5.0,4.8,4486.0,383862.0,29.6,2530.9,0.411,0.411,12.1,1033.4,12.1,1033.4,1.6,4.3,150,0,215,365,1551.0,132715.0,37.6,3219.2,0.456,0.456,17.0,1457.5,17.0,1457.5,1.2,6.8,41,0,49,90
14455547,Private Room in Charming Bungalow with Garden (GF),"We are a  family home + our friendly Labrador located between Indiranagar and Whitefield. <br /><br />Google is a short walk away if you've come on a work trip, if not, you are 15 minutes away from Central Bangalore (via Namma Metro) & 6 from the bars and restaurants of Indiranagar. If all you want is some R&R, enjoy our garden, everything you need is right at your doorstep - supermarket, bowling alley or micro brewery. <br /><br />We are proud to be superhosts and to be featured on Airbnb's work collection.<br /><br /><b>The space</b><br />Picture Perfect!<br />Many of our guests take photos of our garden, our friendly Labrador, and sometimes of the complimentary breakfast which could be dosa, idlies, poha,  fruit and freshly brewed coffee and if your in luck you will be served a slice of home made cake,  cookies or brownies with your cup of tea.<br /><br />We like to spend time with our guests sometimes to talk shop, share a recipe or have an interesting conversation. Many of our guests come back and we look forward to having them stay with us every now and again.<br /><br /><b>Guest access</b><br />Guests are welcome to use the common areas which include the living & dining area, study, verandahs & garden. <br />We don’t allow parties in the space, but if you have a friend dropping by, they’re welcome to sit in the verandah or garden. Just a small request — the facilities provided are for registered guests only.<br /><br /><b>During your stay</b><br />Guests can reach us on e.mail and text messages.",Private room in bungalow,private_room,https://a0.muscache.com/im/pictures/d7548483-733b-40f1-a7d4-a1074fd38be7.jpg,5,"https://a0.muscache.com/im/pictures/d7548483-733b-40f1-a7d4-a1074fd38be7.jpg,https://a0.muscache.com/im/pictures/6d0e3226-3057-4fd2-b8a5-f577a1482b41.jpg,https://a0.muscache.com/im/pictures/d2ebffb7-4d9b-415a-a1d8-4cb4887ff4ab.jpg,https://a0.muscache.com/im/pictures/b9a9f40f-95b4-485e-b580-24eef8db62cf.jpg,https://a0.muscache.com/im/pictures/0ed48cf8-144b-4391-8355-6dd650c85e5f.jpg",33770194,Kamini,,,true,12.991240,77.660600,,,1,0.0,false,"Garden view,Hair dryer,Cleaning products,Shampoo,Body soap,Hot water,Washer,Essentials,Hangers,Bed linens,Iron,Clothing storage,Piano,Books and reading material,Air conditioning,Ceiling fan,Lock on bedroom door,Smoke alarm,Carbon monoxide alarm,First aid kit,Wifi,Dedicated workspace,Refrigerator,Microwave,Dishes and silverware,Dishwasher,Stove,Hot water kettle,Coffee maker,Wine glasses,Toaster,Dining table,Laundromat nearby,Patio or balcony,Backyard,Outdoor furniture,Outdoor dining area,Free parking on premises,Free street parking,Luggage dropoff allowed,Breakfast,Smoking allowed,Self check-in,Building staff,Cleaning before checkout",,false,2,Moderate,1:00 PM,12:00 PM,true,false,INR,0,8,true,114,4.92,5.0,4.9,5.0,4.9,4.8,4.8,6936.0,593500.0,52.7,4509.1,0.37,0.401,19.0,1626.0,20.6,1761.1,2.0,5.6,135,28,230,365,1686.0,144270.0,60.9,5207.3,0.311,0.384,18.7,1603.0,23.1,1976.3,2.0,7.0,28,17,62,90
14859586,SINGLE ROOM STUDIO WITH PRIVATE ENTRY,"TRANQUIL SERVICED APARTMENTS( Devarachikkanahalli Main Road).Our Single Room Studio Room with Attached Bathroom is comfortable for upto 2 Guest.All the basic amenities are provided<br />Close to IIM B ,Koramangala and JP Nagar , BTM and HSR Layouts<br />Tranquil Serviced Apartments Bengaluru, India, welcomes you to the world of executive luxury and elegance. Budget accommodation in Bangalore is no longer a difficulty as we provide you with serviced apartments at a reasonable rate for Short/ Long term stay<br /><br /><b>The space</b><br />It is spacious zen Inspired single room  with a minimalistic look yet having all the basic amenities one requires for a comfortable stay. Perfect for Travellers, Bachelors and even Couples/Families . The room is on the ground floor of a 3 storeyed apartment with separate entry to it. It has TV with cable (HD Channels), Study Table with Chair. Attached Bathroom with geyser and 24 hour water supply. Also basic toiletries like Soap,toothpaste,towel are provided. Free Wifi.<br />Double cot which is  comfortable for 2 people. We provide kettle with tea bags ,sugar and milk powder.<br />The USP of the place is the cleanliness and neatness maintained at all times. I'm sure you will enjoy your stay at our cozy space.<br />No interefernce from Anyone.Has a Private Entry and not attcahed to any flat.<br />Smoking permitted in the open area outside the Studio (NOT INSIDE FLAT)<br /><br />We give you the advantage of being at home and at the same time enables you to enjoy all the real pleasures of a hotel. We facilitate a comfortable and peaceful stay in a cost effective manner so that our customers get utmost satisfaction for the money they invest.Our Serviced Apartments is near Bomanahalli (Devarchikkanahalli Main Road) which ensure convenience, easy access and are very close to the software Hub, IIM(B) & Koramangala. Surrounded by nice eateries and shopping places makes it an easy place for Business People and travelers.<br /><br /><b>Guest access</b><br />Guests are free to access:<br />* TV with cable(HD channels)<br />* Free Wi-Fi<br />* Hot water<br />* Double Bed<br />* Blankets, pillows<br />* Soap and Toothpaste<br />* Fresh Linens and Towel<br />* Kettle with tea bags ,sugar and milk powder<br />* Wall mount fan<br />* 2 and 4 wheeler parking available<br />* 2 bottles drinking water per day<br />* Plates ,spoons,tea cup ,glasses<br /><br /><b>Other things to note</b><br />- STRICTLY NO SMOKING INSIDE FLAT. Can smoke in the open area Adjoining the flat.<br />- Need to maintain cleanliness and decorum of the space as well as building.<br />- NO COOKIG ALLOWED in the Studio Room<br />- Incase guest require Housekeeping ,please inform host via sms/call<br />((For Long stay- housekeeping is provided every 3rd Day.For short stay : 2-3 days, houskeeping will be done at the time of check out. In between if houskeeping is required ,it would be charged for extra))<br />- Non AC Studio (Wall Mount Fan in the Rooms)<br />- PARTY / GET-TOGETHER / BIRTHDAY - NOT ALLOWED<br />ANY DAMAGES WILL BE CHARGED ON THE SPOT.<br />* HOST TO BE INFORMED about bringing in extra guests / Visitors (MANDATORY)-MAX upto 2 guest permitted in Total<br />* Guests Staying Longer than 2 Hours will be charged and ID Proof is (MANDATORY)<br /> <br />***PLEASE KEEP ME AS POINT OF COMMUNICATION FOR ANY ASSISTANCE. KINDLY DO NOT DIRECTLY APPROACH STAFF***",Entire serviced apartment,entire_home,https://a0.muscache.com/im/pictures/c1e87aac-e55d-4bc5-9415-3559ee33f1ea.jpg,24,"https://a0.muscache.com/im/pictures/c1e87aac-e55d-4bc5-9415-3559ee33f1ea.jpg,https://a0.muscache.com/im/pictures/a1c45dfc-3a03-44a4-b72d-a84fa8d872dc.jpg,https://a0.muscache.com/im/pictures/5ca4f77c-43bf-4937-9fed-bb5232435807.jpg,https://a0.muscache.com/im/pictures/7723c100-a4f4-4394-97ef-697c25a70a40.jpg,https://a0.muscache.com/im/pictures/5b36da3e-ed01-486c-a654-fcac28d33e34.jpg,https://a0.muscache.com/im/pictures/51693f6b-b012-49ce-96f5-809d09316795.jpg,https://a0.muscache.com/im/pictures/e3829c2f-26b0-43f3-b0a0-14e798bb8156.jpg,https://a0.muscache.com/im/pictures/aea38149-52e9-4003-80bd-4347afeeb8c1.jpg,https://a0.muscache.com/im/pictures/fb2f44c6-d88a-4c9c-9c91-e2b281909b49.jpg,https://a0.muscache.com/im/pictures/302d919e-3da6-4647-b703-7cceca03bce0.jpg,https://a0.muscache.com/im/pictures/5eac5940-5264-4e5d-985a-4214a0e305fd.jpg,https://a0.muscache.com/im/pictures/47aa0389-a370-4463-ad88-134866212988.jpg,https://a0.muscache.com/im/pictures/4e391cf8-1696-41e4-9628-c6aa1d59d0b4.jpg,https://a0.muscache.com/im/pictures/d30bcde9-2944-4404-9eb6-26c3647e5b66.jpg,https://a0.muscache.com/im/pictures/3afb4f52-aed0-4dcc-9227-c2eb5a8b9fb9.jpg,https://a0.muscache.com/im/pictures/cee1b942-af2b-40e9-98e7-f43099b62df8.jpg,https://a0.muscache.com/im/pictures/32a07d4c-91ad-4081-9cab-3c0af05eea30.jpg,https://a0.muscache.com/im/pictures/a1c5e03d-ef00-4582-8d37-f407081801f2.jpg,https://a0.muscache.com/im/pictures/eacdd846-5f7c-4034-998f-53b6bb2d44c9.jpg,https://a0.muscache.com/im/pictures/516caab1-6504-4602-b371-c619486e0626.jpg,https://a0.muscache.com/im/pictures/1c85ca24-ae8a-475b-a7d7-54d266fa8181.jpg,https://a0.muscache.com/im/pictures/a64181e8-cc6d-486d-8acc-5b9d59a0472c.jpg,https://a0.muscache.com/im/pictures/f2699591-e204-4702-8d82-43417eb8daa1.jpg,https://a0.muscache.com/im/pictures/d6e2ec44-5bba-47a6-9643-9ce456c95bcb.jpg",61337158,Nidhi,,,false,12.893690,77.619070,2,1,1,1.0,false,"Bathtub,Body soap,Hot water,Essentials,Hangers,Bed linens,Iron,Drying rack for clothing,Mosquito net,Clothing storage,TV,Portable fans,Exterior security cameras on property,Wifi,Dedicated workspace,Dishes and silverware,Hot water kettle,Private entrance,Laundromat nearby,Patio or balcony,Free parking on premises,Free street parking,Single level home,Luggage dropoff allowed,Smoking allowed,Long term stays allowed,Self check-in,Building staff",true,false,1,Firm,1:00 PM,11:00 AM,false,false,INR,4,0,false,127,4.59,4.6,4.7,4.6,4.7,4.3,4.5,726.0,62125.0,20.6,1763.4,0.104,0.199,2.0,169.3,3.8,323.5,1.0,38.0,38,174,327,365,0.0,0.0,21.4,1832.1,0.0,0.0,0.0,0.0,0.0,0.0,1.0,0.0,0,0,90,90
15477526,Jayamahal Garden Home,"Our meticulously designed 2-bedroom, 2-bathroom  Townhouse is an ideal retreat for both leisure and business travelers. <br /><br />The living spaces are tastefully furnished, creating a warm and inviting atmosphere. Enjoy the comfort of a fully-equipped kitchen. <br /><br />The bedrooms are tranquil havens, ensuring a restful night's sleep.<br /><br /><b>The space</b><br />2 Bedroom with Baths en suite in a Townhouse with A fully Equipped Kitchen, Exclusive Garden and Backyard.<br /><br /><b>Guest access</b><br />The Garden and the Backyard are for the exclusive use of the guests, the front parking is common, the garage parking if available can be used.<br /><br /><b>Other things to note</b><br />Pets are allowed only in the backyard and garden area and not inside the house<br /><br />Strictly no Parties or Social Gatherings Allowed<br /><br />Consumption of Alcohol or Smoking/Vaping are not permissible in the House<br /><br />The staircase leads to the upper part of the house which is sealed off and not part of the Airbnb unit<br /><br />Please ensure not to use the hair dryer or iron when there is a power cut as this will cause the mains to trip and stop the UPS from charging when the power comes back on.",Entire townhouse,entire_home,https://a0.muscache.com/im/pictures/airflow/Hosting-15477526/original/5de75e71-d6cd-4f2e-9ef5-61a2d0147ee8.jpg,41,"https://a0.muscache.com/im/pictures/airflow/Hosting-15477526/original/5de75e71-d6cd-4f2e-9ef5-61a2d0147ee8.jpg,https://a0.muscache.com/im/pictures/airflow/Hosting-15477526/original/d09594ea-a27f-4206-8620-3b41ff175b72.jpg,https://a0.muscache.com/im/pictures/airflow/Hosting-15477526/original/49e027ea-3eb9-4e68-b4c8-59f35f5037b3.jpg,https://a0.muscache.com/im/pictures/airflow/Hosting-15477526/original/d53f2f5e-2b8c-4e55-8a77-f8c875a13691.jpg,https://a0.muscache.com/im/pictures/hosting/Hosting-U3RheVN1cHBseUxpc3Rpbmc6MTU0Nzc1MjY%3D/original/125a07d4-a34e-46d0-a80a-71e4eb185f35.jpeg,https://a0.muscache.com/im/pictures/airflow/Hosting-15477526/original/b413c66c-029f-4092-a0da-42077ebbde4d.jpg,https://a0.muscache.com/im/pictures/airflow/Hosting-15477526/original/22a02924-c411-4544-8318-f3bb1b3fc75f.jpg,https://a0.muscache.com/im/pictures/airflow/Hosting-15477526/original/2b1544d9-840b-4688-b53a-a0ec10195720.jpg,https://a0.muscache.com/im/pictures/airflow/Hosting-15477526/original/fff15df8-bd03-4897-92bd-65e8be08e485.jpg,https://a0.muscache.com/im/pictures/airflow/Hosting-15477526/original/8e2d7491-acf3-45ec-ae14-29b0a8b2a2e6.jpg,https://a0.muscache.com/im/pictures/airflow/Hosting-15477526/original/f0093eff-de6f-448d-a396-692534da459e.jpg,https://a0.muscache.com/im/pictures/airflow/Hosting-15477526/original/1f8db8b2-775d-4fab-b508-9eba8a3214c2.jpg,https://a0.muscache.com/im/pictures/airflow/Hosting-15477526/original/8c8bec3c-a380-4a84-b5cd-399ae4834bc7.jpg,https://a0.muscache.com/im/pictures/airflow/Hosting-15477526/original/dbf0d9d1-457f-4435-809d-b131cda6e7c3.jpg,https://a0.muscache.com/im/pictures/airflow/Hosting-15477526/original/edf71812-0433-4653-9e8f-30dbd0ab39cb.jpg,https://a0.muscache.com/im/pictures/airflow/Hosting-15477526/original/1cc324da-3874-4695-99d9-c886772c57bf.jpg,https://a0.muscache.com/im/pictures/airflow/Hosting-15477526/original/482aef40-51e5-4e26-81bd-46fbb773dcb1.jpg,https://a0.muscache.com/im/pictures/airflow/Hosting-15477526/original/59fe518a-24d0-43b0-853f-26b672ffc806.jpg,https://a0.muscache.com/im/pictures/airflow/Hosting-15477526/original/8df9b4e1-62aa-4fbf-9e68-011347ca5f60.jpg,https://a0.muscache.com/im/pictures/airflow/Hosting-15477526/original/08374f90-44f8-4845-afcc-b17455c12951.jpg,https://a0.muscache.com/im/pictures/airflow/Hosting-15477526/original/cf12891e-940c-4c9d-9904-2904d2ed76aa.jpg,https://a0.muscache.com/im/pictures/airflow/Hosting-15477526/original/e2c1c5aa-679a-44c1-bc67-27dbda985727.jpg,https://a0.muscache.com/im/pictures/airflow/Hosting-15477526/original/36b04adc-1d81-4973-8fc5-8bb836bc4024.jpg,https://a0.muscache.com/im/pictures/airflow/Hosting-15477526/original/2b22cdc8-8e6d-47bc-be9e-d28bff8db74c.jpg,https://a0.muscache.com/im/pictures/airflow/Hosting-15477526/original/008a7d2d-89dc-4e53-b61f-bea8991942fa.jpg,https://a0.muscache.com/im/pictures/airflow/Hosting-15477526/original/4466bb6d-4ead-4645-b1ea-e66d91326646.jpg,https://a0.muscache.com/im/pictures/airflow/Hosting-15477526/original/419a681c-6135-4f95-ade3-e82fba217157.jpg,https://a0.muscache.com/im/pictures/airflow/Hosting-15477526/original/5e7219a8-8922-4f28-bbdc-133cbd497377.jpg,https://a0.muscache.com/im/pictures/airflow/Hosting-15477526/original/9c3f7d75-9d7e-4881-b5e4-b59e91ad9e84.jpg,https://a0.muscache.com/im/pictures/airflow/Hosting-15477526/original/a20df0ff-2aca-4511-9505-fa564e32a80a.jpg,https://a0.muscache.com/im/pictures/airflow/Hosting-15477526/original/d0e1d8b5-738a-45e1-a7f2-8d2b3eb48bab.jpg,https://a0.muscache.com/im/pictures/hosting/Hosting-U3RheVN1cHBseUxpc3Rpbmc6MTU0Nzc1MjY%3D/original/f8395f08-3c08-495a-a02c-b57f2de4f605.jpeg,https://a0.muscache.com/im/pictures/hosting/Hosting-15477526/original/71ca4c45-5d27-4ee4-890c-7b38a4f37901.jpeg,https://a0.muscache.com/im/pictures/hosting/Hosting-U3RheVN1cHBseUxpc3Rpbmc6MTU0Nzc1MjY%3D/original/25ef8357-db1d-437b-9ac0-773239236f15.jpeg,https://a0.muscache.com/im/pictures/hosting/Hosting-U3RheVN1cHBseUxpc3Rpbmc6MTU0Nzc1MjY%3D/original/7fde786f-e9ab-45c1-94e5-7b60a0dd6c8a.jpeg,https://a0.muscache.com/im/pictures/hosting/Hosting-U3RheVN1cHBseUxpc3Rpbmc6MTU0Nzc1MjY%3D/original/e9d186ed-76c2-4479-8b7e-e653a847214e.jpeg,https://a0.muscache.com/im/pictures/hosting/Hosting-U3RheVN1cHBseUxpc3Rpbmc6MTU0Nzc1MjY%3D/original/8a533d76-557f-467b-8551-64fc78a510cf.jpeg,https://a0.muscache.com/im/pictures/hosting/Hosting-15477526/original/8362a215-6b3f-4e1a-958b-5e22017a640f.jpeg,https://a0.muscache.com/im/pictures/hosting/Hosting-15477526/original/9c1f3092-3d06-40ee-94de-376b392ed751.jpeg,https://a0.muscache.com/im/pictures/hosting/Hosting-15477526/original/1139e6fe-e3a0-47fe-b2ee-583b38591d1f.jpeg,https://a0.muscache.com/im/pictures/hosting/Hosting-15477526/original/10ac297b-604c-4ad4-abd3-28933037c4ea.jpeg",4850003,Salman,573402955,Zaffar,false,12.999050,77.598400,6,2,3,2.0,false,"Garden view,Hair dryer,Cleaning products,Shampoo,Conditioner,Body soap,Hot water,Shower gel,Washer,Essentials,Hangers,Bed linens,Extra pillows and blankets,Room-darkening shades,Iron,Drying rack for clothing,Clothing storage,TV,Crib,Outlet covers,Children’s bikes,Ceiling fan,Exterior security cameras on property,Wifi,Dedicated workspace,Kitchen,Refrigerator,Microwave,Cooking basics,Dishes and silverware,Freezer,Dishwasher,Stove,Oven,Toaster,Blender,Dining table,Backyard,Bikes,Free parking on premises,Free street parking,EV charger,Long term stays allowed,Self check-in,Smart lock,Cleaning before checkout",,false,2,Limited,2:00 PM,12:00 PM,false,false,INR,0,0,true,28,4.75,4.6,4.9,4.6,4.9,4.9,4.5,7512.0,642788.0,73.1,6252.8,0.274,0.388,20.6,1761.1,29.1,2491.4,2.0,8.3,100,107,265,365,0.0,0.0,74.1,6340.5,0.0,0.0,0.0,0.0,0.0,0.0,2.0,0.0,0,59,90,90
15721725,Anugraha Home for your comfortable stay-6.,"The fully furnished and very spacious 3 BHK  house has 2 double beds, 2 single beds and 4 bath rooms.  The rate mentioned is for accommodating 6 people.  The house is fully loaded with all amenities like TV, Fridge, active kitchen, utensils, hot water, 24 hours water supply, dinning table with chairs, writing table and chair in each bed room, pressing iron, etc. The house is big enough to accommodate up to 10 people.  Additional people can be accommodated at extra cost on mattress/sofa cum bed.<br /><br /><b>The space</b><br />It is a ground floor house, located in a very peaceful location. All essentials are available within walking distance. Car parking facility is available. Shopping center, mall, hotels etc are within 150 mtrs from the house. It is only 150 Mtrs from \The Kings Meadows\"".<br /><br /><b>Guest access</b><br />The guest can access the complete area of the house.<br /><br /><b>Other things to note</b><br />Partying/Smoking / drinking/use of drugs not permitted during your stay in  the house. Pets are not allowed inside the house. Wi-Fi Internet facility is available.""",Entire home,entire_home,https://a0.muscache.com/im/pictures/8e1ce411-cc5d-4907-b1f7-6f720b748777.jpg,49,"https://a0.muscache.com/im/pictures/8e1ce411-cc5d-4907-b1f7-6f720b748777.jpg,https://a0.muscache.com/im/pictures/82388623-f417-46d4-aaf2-6b23aab39ae5.jpg,https://a0.muscache.com/im/pictures/56a4ba9e-9dbb-43ce-ad69-126e13078b70.jpg,https://a0.muscache.com/im/pictures/22f26a6d-d531-4c2d-9b0c-29b6b8a5db19.jpg,https://a0.muscache.com/im/pictures/3d580a89-4b69-4336-9b1d-eb644ecc2efc.jpg,https://a0.muscache.com/im/pictures/8ed5cd7b-98b2-4851-a881-d14c282c8931.jpg,https://a0.muscache.com/im/pictures/1608ac0c-991e-481f-a58e-5e5d5c18696a.jpg,https://a0.muscache.com/im/pictures/af9c2122-2bc8-442b-aa0b-75cb0f48ada6.jpg,https://a0.muscache.com/im/pictures/ad0a8e83-bc26-423f-b75e-f68fc32a2b5f.jpg,https://a0.muscache.com/im/pictures/bb29e055-b429-4d14-9f3b-a4ea036f7f8a.jpg,https://a0.muscache.com/im/pictures/790e7a4d-6b0b-4abd-b929-bb66c5c0c854.jpg,https://a0.muscache.com/im/pictures/5ac2f5d5-978b-4d2f-82e7-19da851c6dff.jpg,https://a0.muscache.com/im/pictures/7f23dac7-2937-4863-ae9c-d623555fad76.jpg,https://a0.muscache.com/im/pictures/5c9e121d-98b4-4be1-b108-e8288ea9e8e2.jpg,https://a0.muscache.com/im/pictures/0cf5c006-e8a4-4da6-95ac-f07a5baf8c8f.jpg,https://a0.muscache.com/im/pictures/b80cd455-6b7a-473e-9bce-558843d6d51a.jpg,https://a0.muscache.com/im/pictures/1499d8e7-724a-44be-8cc8-62fea9360d85.jpg,https://a0.muscache.com/im/pictures/4dcb5c55-ecab-456e-a42d-22ebd1e8ae05.jpg,https://a0.muscache.com/im/pictures/5da5f403-8045-4791-84d9-b6fc0c0b4e33.jpg,https://a0.muscache.com/im/pictures/58307d4b-f23d-41bc-b343-16c51eb6bad5.jpg,https://a0.muscache.com/im/pictures/ecbfc2b1-eb13-44c6-aaea-7ad74992fabd.jpg,https://a0.muscache.com/im/pictures/37e0ce7b-b754-424f-856f-9f22081ee473.jpg,https://a0.muscache.com/im/pictures/ed413ba7-48fd-46c2-8798-c6b6ce80cc5e.jpg,https://a0.muscache.com/im/pictures/1ab19c4e-5777-4466-bb90-7b07e1b2952f.jpg,https://a0.muscache.com/im/pictures/42147b2b-3b15-4363-87e3-3c0408018047.jpg,https://a0.muscache.com/im/pictures/fc7cb484-536b-4e74-8b0a-81ef3c1179f3.jpg,https://a0.muscache.com/im/pictures/fced8e35-8dc7-4db4-9192-7ae8b395a071.jpg,https://a0.muscache.com/im/pictures/653f5013-c0a1-459d-967d-01ba668fc124.jpg,https://a0.muscache.com/im/pictures/a0a9ca02-4980-49e0-81b4-0fd57a01bd14.jpg,https://a0.muscache.com/im/pictures/2c72210a-49bd-48a0-b9fb-906cdea00e1a.jpg,https://a0.muscache.com/im/pictures/87d8ee5d-a25f-4f47-a78e-312bec9d6ec4.jpg,https://a0.muscache.com/im/pictures/90d7f492-b3f4-4dba-a727-b1a8bec1162b.jpg,https://a0.muscache.com/im/pictures/d20cdab4-1912-4b33-b4e0-cf29b36c8c7c.jpg,https://a0.muscache.com/im/pictures/e3a49efa-0ddd-4f0e-a416-9e75b1e77519.jpg,https://a0.muscache.com/im/pictures/7ef63e73-e27a-48a0-98b7-31b692164d55.jpg,https://a0.muscache.com/im/pictures/4443789b-e297-4876-997f-239d9ebd96f8.jpg,https://a0.muscache.com/im/pictures/b492bca9-e906-4c8c-9859-7ad53e8bcd79.jpg,https://a0.muscache.com/im/pictures/d0e7b54a-76c0-4590-8224-7f6264506117.jpg,https://a0.muscache.com/im/pictures/dade955d-9f2a-4689-9748-e8d103cdad13.jpg,https://a0.muscache.com/im/pictures/40518c4e-eac2-494b-ac23-5850259c254f.jpg,https://a0.muscache.com/im/pictures/34dc74c0-8a26-464d-8faf-b5a3d308cf84.jpg,https://a0.muscache.com/im/pictures/70c8c593-0532-44f1-b6ca-7097c8186019.jpg,https://a0.muscache.com/im/pictures/80a2ddfb-e9f7-41fa-81ce-f5beb4c0d45f.jpg,https://a0.muscache.com/im/pictures/ae5c1928-2859-48ad-8404-ae11fa61cf26.jpg,https://a0.muscache.com/im/pictures/66153a89-91e6-4f11-abc0-c76c69191d09.jpg,https://a0.muscache.com/im/pictures/d7f967e1-4265-4b6c-a2ad-e0f34893dc98.jpg,https://a0.muscache.com/im/pictures/63d4d2dc-d408-4b1d-8b3a-5f3c77b88672.jpg,https://a0.muscache.com/im/pictures/284eb45a-08a8-4a0e-a704-f1f99a29df74.jpg,https://a0.muscache.com/im/pictures/2f75ebca-6ac8-4118-bc53-7c466471f7c3.jpg",101569734,ElizabethJoy,,,false,13.091500,77.537500,6,3,3,3.5,false,"Cleaning products,Shampoo,Body soap,Hot water,Dryer,Essentials,Hangers,Bed linens,Extra pillows and blankets,Room-darkening shades,Iron,Drying rack for clothing,Mosquito net,Ethernet connection,TV,Crib,Changing table,Window guards,Baby safety gates,Table corner guards,Ceiling fan,Heating,Wifi,Dedicated workspace,Pocket wifi,Kitchen,Refrigerator,Cooking basics,Dishes and silverware,Freezer,Dishwasher,Stove,Hot water kettle,Coffee maker,Dining table,Private entrance,Patio or balcony,Backyard,BBQ grill,Free parking on premises,Free street parking,Single level home,Long term stays allowed,Self check-in,Lockbox",false,false,1,Flexible,12:00 PM,11:00 AM,false,true,INR,3,0,false,11,4.36,4.3,4.7,4.2,4.6,3.9,4.2,1481.0,126728.0,56.9,4872.0,0.068,0.068,4.0,345.1,4.0,345.1,1.0,3.1,25,0,340,365,763.0,65290.0,55.6,4758.5,0.156,0.156,8.4,719.7,8.4,719.7,1.0,3.5,14,0,76,90
15823544,Sampada Green 2BHK Homestay -Flat01-1st Floor,"With the installation of 15KW rooftop Solar, 1000 lts Solar Water heater, All LED energy efficient lighting, Rain water ground re-charging system we are now a green stay. My place is at the center of Bangalore well connected by public / private transport, close to parks and restaurants and dining. You?ll love my place because of the people, the ambiance, the light, and the neighborhood. My place is good for couples, business travelers, families (with kids), big groups, and furry friends (pets).<br /><br /><b>The space</b><br />This is a 2 Bed room Apartment with queen beds & air conditioning in both the rooms. One room has an attached shower + Toilet & the other Room is right next to main Shower + Toilet. There is a spacious living room with 3 Sofa - cum beds to accommodate additional guests. There is full fledged Kitchen with a Microwave as well as gas top. There is a refrigerator & basic Kitchen ware as well.<br /><br /><b>Guest access</b><br />The entire apartment will be yours so there is nothing that you need to Share with others.<br /><br /><b>Other things to note</b><br />Just be aware that there is no elevator in the building, so you need to use stairs to move up by a level, you can ask the caretaker living on the terrace of the building to help you with moving your luggage. Lift (Elevator) is under installation currently expected to be operational by Feb 2025. You will have to claimb few steps even when the lift (Elevator) is in operation",Entire cottage,entire_home,https://a0.muscache.com/im/pictures/e3931935-887a-4058-9993-70d51da28eac.jpg,38,"https://a0.muscache.com/im/pictures/e3931935-887a-4058-9993-70d51da28eac.jpg,https://a0.muscache.com/im/pictures/73ad3143-a746-4f5d-ba77-d0a9ec43f884.jpg,https://a0.muscache.com/im/pictures/76c4ebc7-7057-4953-8f72-752a054fb617.jpg,https://a0.muscache.com/im/pictures/4340e429-1cb8-49aa-90e9-1a94bad255af.jpg,https://a0.muscache.com/im/pictures/85f3a114-2ca1-4de1-b632-9ce3d8a4bd0a.jpg,https://a0.muscache.com/im/pictures/79f9d31b-0a0d-4aee-b851-9be0b77ee2e1.jpg,https://a0.muscache.com/im/pictures/4bafa4e5-c589-46ed-8be8-b86b74006e92.jpg,https://a0.muscache.com/im/pictures/af45d647-961f-4791-9a46-c2627aa1f02b.jpg,https://a0.muscache.com/im/pictures/4bd2bc51-b12f-4f7d-8b08-4d66ab883c4f.jpg,https://a0.muscache.com/im/pictures/d7900b00-62a4-4294-90ad-f7494d3d56c2.jpg,https://a0.muscache.com/im/pictures/37b12c9f-8393-457a-9762-deb95b2f49d9.jpg,https://a0.muscache.com/im/pictures/80f75ead-c93c-4742-b0c7-19b49199499e.jpg,https://a0.muscache.com/im/pictures/bec50df7-1738-4fe7-9321-e3b1ddf9a2a7.jpg,https://a0.muscache.com/im/pictures/c5a8b709-1ca9-49a5-9ea2-762149a05532.jpg,https://a0.muscache.com/im/pictures/f0b12c33-d447-4b86-acc9-1e4246cbf666.jpg,https://a0.muscache.com/im/pictures/be0a60a7-1be7-4300-ad74-fbe075a3316a.jpg,https://a0.muscache.com/im/pictures/081b6524-f661-45aa-829f-1a5856e5442d.jpg,https://a0.muscache.com/im/pictures/f6cfff5c-9f81-4525-869e-1f9b89c90df6.jpg,https://a0.muscache.com/im/pictures/d3758fea-cc4e-46ff-a99d-55487cdd4912.jpg,https://a0.muscache.com/im/pictures/aaa2de31-3f6d-4a81-b2fc-ac1669824278.jpg,https://a0.muscache.com/im/pictures/832bc4a0-3025-4d9d-a6a7-4967db58f243.jpg,https://a0.muscache.com/im/pictures/a060398a-2573-4fd0-a6ba-77c87b10f0de.jpg,https://a0.muscache.com/im/pictures/eddb0bfc-de28-446b-9b9f-697464236c8d.jpg,https://a0.muscache.com/im/pictures/7a5ddadd-8129-4b56-9fff-d8c1a6d20bf8.jpg,https://a0.muscache.com/im/pictures/b5603377-bcd0-4e24-81b9-0fad491562d5.jpg,https://a0.muscache.com/im/pictures/75263c06-3648-4ee2-80b6-6c2ca3d331f8.jpg,https://a0.muscache.com/im/pictures/db40bda3-8499-4a09-bf90-90f8856f2abc.jpg,https://a0.muscache.com/im/pictures/f98d0afe-15aa-445c-99f6-ea6445d326a4.jpg,https://a0.muscache.com/im/pictures/1549f27b-a0b3-4866-844e-d28ee78565b3.jpg,https://a0.muscache.com/im/pictures/38828ad9-5ae6-4d2a-9935-d5e8445b4e7b.jpg,https://a0.muscache.com/im/pictures/ebbb9ea2-1bd1-4564-ad8c-730862403608.jpg,https://a0.muscache.com/im/pictures/d243af20-0b29-4ba4-9d31-8e3f0854a102.jpg,https://a0.muscache.com/im/pictures/9e79d8d3-cb27-48cb-b51f-79344415535d.jpg,https://a0.muscache.com/im/pictures/8890ef28-e8e2-43ff-a06c-b4bc5a017e41.jpg,https://a0.muscache.com/im/pictures/052f882b-4997-48eb-8e69-e830208fa88a.jpg,https://a0.muscache.com/im/pictures/049bf1d3-5f96-4897-b7ac-4f653721b391.jpg,https://a0.muscache.com/im/pictures/7f3b01a6-1dc3-40d5-86cd-ec74e6b779ea.jpg,https://a0.muscache.com/im/pictures/d8c44be0-da93-408b-a2b2-261ef70332b9.jpg",102445752,Shivaprakash,,,false,12.988100,77.544900,8,2,2,2.0,false,"Hot water,Washer,Essentials,Hangers,Bed linens,Extra pillows and blankets,Iron,TV,Air conditioning,Exterior security cameras on property,First aid kit,Wifi,Kitchen,Refrigerator,Dishes and silverware,Private entrance,Laundromat nearby,Patio or balcony,Free parking on premises,Pets allowed",,false,1,Strict,1:00 PM,11:00 AM,false,true,INR,0,0,true,83,4.33,4.3,4.6,4.3,4.6,4.4,4.1,3239.0,277159.0,56.1,4803.1,0.178,0.178,8.9,759.3,8.9,759.3,1.0,3.8,65,0,300,365,0.0,0.0,71.2,6091.4,0.0,0.0,0.0,0.0,0.0,0.0,1.0,0.0,0,0,90,90
15849845,Private AC Room at Koramangala,"Located on the first floor - Compact AC  room @ Koramangala 4th block with private entry . Suitable for couples, solo travelers & Corporates. Walk able distance to most of the Restaurants & shopping malls. Forum mall is just about 2 km & Indiranagar / Embassy Golf links is 15min drive from our property & 30Kms from Airport.<br />Within 1 kms to Apollo Spectra & St.Johns Hospitals/College.<br /><br /><b>The space</b><br />Clover Hopscotch - has  sole access to the Studio. No Sharing!!!<br />It can comfortably accommodate 2 people. Extra mattress cannot be provided<br /><br />Clean bed sheets and towels are provided. Linens will be changed every 3 days once for guests staying for at least a week or more.<br /><br />This place is also ideal and affordable for people coming for official work as most of software companies are around. (Embassy Golf link, Accenture, Flipkart, etc)<br />Walking distance to restaurants, banks, library, grocery stores, parks, ATM's etc..<br /><br />Taxis/cabs are easily available.<br /><br />There are also lot of food options to order from neighbourhood restaurants.<br /><br /><b>Guest access</b><br />Guests have access to a Huge common balcony where the main road can be seen.  Wireless Internet ( 4G ), Basic Kitchenette, Uninterrupted Power Supply,  Safe and Secure living spaces with caretaker & CCTV protection.<br /><br /><b>Other things to note</b><br />We have our caretaker at the property to help you with the keys.<br /><br />Laundry - We do not provide laundry service.<br />Tumbledry laundry service is down the road.<br /><br />Car Park - Street parking, no parking inside the premises.<br /><br />An early check-in & late checkout is subject to availability & charges might be applicable.  Kindly keep us posted on that, we shall certainly try our best to accommodate you. <br /><br />Since we are on  the main road.. it could be a little noisy due to traffic as we are close to most happening places in Koramangala.",Private room in guesthouse,private_room,https://a0.muscache.com/im/pictures/hosting/Hosting-15849845/original/556ade08-abad-442c-aa36-4d1999bc8208.jpeg,5,"https://a0.muscache.com/im/pictures/hosting/Hosting-15849845/original/556ade08-abad-442c-aa36-4d1999bc8208.jpeg,https://a0.muscache.com/im/pictures/hosting/Hosting-15849845/original/d13707a0-7c93-43be-a181-7ae57be9f22e.jpeg,https://a0.muscache.com/im/pictures/hosting/Hosting-15849845/original/e2ce5c2b-ecf4-4e25-ac4a-b24bfe695848.jpeg,https://a0.muscache.com/im/pictures/hosting/Hosting-15849845/original/5f0cd42a-b8a6-47a9-a590-6b06a672d072.jpeg,https://a0.muscache.com/im/pictures/hosting/Hosting-15849845/original/02568a7d-8d65-49cc-81c2-6fb76313f04c.jpeg",25846878,Meghna Sagar,,,false,12.933300,77.626700,2,,1,1.0,false,"Bathtub,Hair dryer,Cleaning products,Shampoo,Body soap,Hot water,Essentials,Hangers,Bed linens,Iron,Clothing storage,TV,Window guards,Air conditioning,Portable fans,Exterior security cameras on property,First aid kit,Wifi,Dedicated workspace,Refrigerator,Microwave,Dishes and silverware,Mini fridge,Private entrance,Laundromat nearby,Patio or balcony,Free street parking,Doorman,Luggage dropoff allowed,Long term stays allowed,Self check-in,Building staff,Cleaning before checkout",,false,1,Moderate,2:00 PM,11:00 AM,false,true,INR,0,0,true,95,4.48,4.5,4.7,4.4,4.7,4.7,4.3,2031.0,173793.0,17.6,1503.0,0.321,0.332,5.6,476.1,5.8,493.7,1.0,6.2,117,13,248,365,529.0,45263.0,19.1,1635.2,0.3,0.351,5.9,502.9,6.9,587.8,1.0,5.4,27,13,63,90
15850031,Private Studio with balcony,"Spacious Studio Suite at Koramangala 4th block Located on first floor with a private entry and a private balcony facing the main road. Equipped Kitchenette with Microwave, Fridge, Induction stove. Walk able distance to most of the Restaurants & shopping malls in Koramangala. <br />You’ll love our place because of the location, the people, the outdoor space, the neighborhood, and the light. Abaco is suitable for all ...<br /><br /><b>The space</b><br />Studio Suite is at Koramangala 4th block with a balcony<br /><br />You will have sole access to the entire Studio. King bed very comfy for 2 adults & a child.. A Family Studio!! Of course we welcome business travellers and Couples.<br /><br />Large size Studio is  very comfortable with storage space and baths/toilets clean and equipped.<br /><br />This place is also ideal and  short travel for people coming for official work as most of software companies are around (Embassy Golf link is about 15-20 min drive).<br />Walking distance to restaurants, banks, library, grocery stores, parks, ATM's etc..<br /><br /><b>Guest access</b><br />Independent entry to the studio & a private balcony facing the main road.. <br />Internet access.. Kitchenette, Uninterrupted Power Supply,  Safe and Secure living spaces with  CCTV.<br /><br /><b>Other things to note</b><br />We have our caretaker at the property to help you with the keys and check in. <br /><br />Laundry - We do not provide laundry service.<br />Tumbledry laundry down the road.<br /><br />Car Park - Street Parking only, We do not have parking inside the premises.<br /><br />An early check-in & late checkout is subject to availability & charges might be applicable.  Kindly keep us posted on that, we shall certainly try our best to accommodate you. <br /><br />Since we are on  the main road.. it could be a little noisy due to traffic as we are close to most happening places in Koramangala.<br /> <br />In case of power cut we only have UPS as back up.  During this time appliances like AC  induction stove etc won’t work. <br />Only lights and fan are functional",Entire serviced apartment,entire_home,https://a0.muscache.com/im/pictures/miso/Hosting-15850031/original/d1f3f447-b0b4-49d7-a87e-2dd68607fbb2.jpeg,15,"https://a0.muscache.com/im/pictures/miso/Hosting-15850031/original/d1f3f447-b0b4-49d7-a87e-2dd68607fbb2.jpeg,https://a0.muscache.com/im/pictures/hosting/Hosting-15850031/original/569b358e-033f-4fd8-8cd4-4664b2e9e4f8.jpeg,https://a0.muscache.com/im/pictures/198f7a23-f3e1-4975-ba03-d5496b3e596b.jpg,https://a0.muscache.com/im/pictures/hosting/Hosting-15850031/original/6c000b71-534e-4793-bf42-c9994622e571.jpeg,https://a0.muscache.com/im/pictures/miso/Hosting-15850031/original/d0a3688c-ee54-4439-9380-e567e2b3ea00.png,https://a0.muscache.com/im/pictures/miso/Hosting-15850031/original/3db2b754-2398-4569-b4bc-b0b8369f5bd9.jpeg,https://a0.muscache.com/im/pictures/miso/Hosting-15850031/original/b47a1b22-a427-454f-bb5d-00c5acb6396a.png,https://a0.muscache.com/im/pictures/hosting/Hosting-15850031/original/7d53dddd-ca61-4bc2-9d29-249b5a93a1e9.jpeg,https://a0.muscache.com/im/pictures/miso/Hosting-15850031/original/a6c805ce-06c4-4b18-b0af-e5398ac7ff92.jpeg,https://a0.muscache.com/im/pictures/miso/Hosting-15850031/original/398bdf9f-649a-4b8b-88b7-53284c35c5cc.jpeg,https://a0.muscache.com/im/pictures/miso/Hosting-15850031/original/d572b11a-bc99-40b5-a631-1c020f02d741.jpeg,https://a0.muscache.com/im/pictures/miso/Hosting-15850031/original/de1ea680-0b4b-4f9c-ae8a-843e87ecdf84.png,https://a0.muscache.com/im/pictures/miso/Hosting-15850031/original/4f2e5fd1-02cc-405e-b3b7-47f69d840f2e.jpeg,https://a0.muscache.com/im/pictures/miso/Hosting-15850031/original/36ce7d31-6b8b-43ce-b118-d6bf997bf320.jpeg,https://a0.muscache.com/im/pictures/hosting/Hosting-15850031/original/62667cd6-9dbf-4042-8cee-73cd0bc566e8.jpeg",25846878,Meghna Sagar,,,false,12.933100,77.626800,2,,1,1.0,false,"Hair dryer,Cleaning products,Shampoo,Body soap,Hot water,Essentials,Hangers,Iron,Clothing storage,TV,Air conditioning,Ceiling fan,Exterior security cameras on property,Wifi,Dedicated workspace,Kitchen,Refrigerator,Microwave,Cooking basics,Dishes and silverware,Stove,Hot water kettle,Toaster,Dining table,Laundromat nearby,Patio or balcony,Free street parking,Luggage dropoff allowed,Smoking allowed,Long term stays allowed,Self check-in,Building staff,Cleaning before checkout",,false,1,Firm,3:00 PM,11:00 AM,false,true,INR,1,0,true,147,4.39,4.4,4.8,4.3,4.7,4.7,4.3,1990.0,170290.0,24.3,2075.7,0.227,0.227,5.4,464.0,5.4,464.0,1.0,5.2,83,0,282,365,251.0,21478.0,24.8,2120.2,0.111,0.111,2.8,237.7,2.8,237.7,1.0,10.0,10,0,80,90
15850216,Private AC room at Koramangala 4th blk- No sharing,"Located on the first floor - AC  Private room with  High Speed 4G Internet, TV, Microwave, Refrigerator, CCTV and Security Guarded Property - Safe, Hygienic & Friendly homes.<br />Safe, Hygienic & Friendly homes recommended for 1 or 2 guests.<br />This space is good for couples, solo adventurers, business travellers & short stays..<br /><br /><b>The space</b><br />Clover Candyblast is located at Koramangala 4th block opposite to Ibaco<br />You will have sole access to the private compact room. <br /><br />Clean bed sheets and towels are provided upon arrival. Soap, Shampoo, toilet rolls provided. <br /><br />This place is also ideal and affordable for people coming for official work as most of software companies are around. (Embassy Golf link is about 10-15 min drive)<br />Walking distance to restaurants, banks, library, grocery stores, parks, ATM's etc..<br /><br />There are also lot of options to order from neighbourhood restaurants.(Swiggy/Zomato delivers food to our property)<br /><br /><b>Guest access</b><br />Independent entry to the room .. guests have access to a Huge common balcony where the main road can be seen.  Wireless Internet ( 4G ), Compact Kitchenette, Uninterrupted Power Supply,<br /><br /><b>During your stay</b><br />We  like to interact with our guests thru Airbnb chat and what's app texts as we handle multiple listings.<br />We believe in providing privacy so that you can enjoy the stay.<br /><br /><b>Other things to note</b><br />We have our caretaker at the property to help you with the keys.<br /><br />Laundry - We do not provide laundry service.<br />Tumbledry laundry down the road.<br /><br />Car Park - Street Parking only, We do not have parking inside the premises.<br /><br />An early check-in & late checkout is subject to availability & charges might be applicable.  Kindly keep us posted on that, we shall certainly try our best to accommodate you. <br /><br />Since we are on  the main road.. it could be a little noisy due to traffic as we are close to most happening places in Koramangala<br /><br />Aadhar cards or driving licence is a mandatory requirement. <br />Pls send them once the booking is confirmed",Private room in serviced apartment,private_room,https://a0.muscache.com/im/pictures/2bbddc80-d5ff-4647-bfb8-38999340cf32.jpg,13,"https://a0.muscache.com/im/pictures/2bbddc80-d5ff-4647-bfb8-38999340cf32.jpg,https://a0.muscache.com/im/pictures/96693853-03a6-4835-9ddc-7aa3fff849b1.jpg,https://a0.muscache.com/im/pictures/miso/Hosting-15850216/original/a7b78be1-1951-486b-a3a0-7a7cfc5b222f.png,https://a0.muscache.com/im/pictures/miso/Hosting-15850216/original/bee545a0-1335-4264-b790-20793399d44c.jpeg,https://a0.muscache.com/im/pictures/f0fd729a-5b00-4a11-8b67-f59bde46b889.jpg,https://a0.muscache.com/im/pictures/miso/Hosting-15850216/original/825b8433-b334-4530-9555-29bd834ab188.jpeg,https://a0.muscache.com/im/pictures/miso/Hosting-15850216/original/1caf223b-b3b6-4a76-846a-6be71db70db2.jpeg,https://a0.muscache.com/im/pictures/b80507a1-c5a1-466a-a8da-afb43fbb8ba7.jpg,https://a0.muscache.com/im/pictures/miso/Hosting-15850216/original/7338a2f5-0a03-4db4-b95c-c8d63c8ca4cd.jpeg,https://a0.muscache.com/im/pictures/16f371c2-de52-4008-a3e4-868efb7d8269.jpg,https://a0.muscache.com/im/pictures/miso/Hosting-15850216/original/e00242ee-f020-434d-a444-f872ae80f80c.png,https://a0.muscache.com/im/pictures/miso/Hosting-15850216/original/f583a2dd-3115-40e0-8661-4731a7d4a03b.png,https://a0.muscache.com/im/pictures/8a4716fe-13fe-4be7-b48f-8594fcf6ba10.jpg",25846878,Meghna Sagar,,,false,12.932900,77.627000,,,1,0.0,false,"Hair dryer,Cleaning products,Shampoo,Body soap,Hot water,Essentials,Bed linens,Clothing storage,TV,Air conditioning,Ceiling fan,Exterior security cameras on property,Wifi,Dedicated workspace,Refrigerator,Microwave,Cooking basics,Dishes and silverware,Dining table,Private entrance,Patio or balcony,Free street parking,Luggage dropoff allowed,Smoking allowed,Long term stays allowed,Self check-in,Building staff,Cleaning before checkout",,false,1,Moderate,2:00 PM,11:00 AM,false,true,INR,2,0,true,108,4.68,4.8,4.9,4.6,4.9,4.9,4.5,1074.0,91903.0,18.0,1539.1,0.156,0.21,2.9,249.0,3.9,335.3,1.0,6.3,57,94,308,365,542.0,46376.0,19.9,1704.7,0.289,0.289,6.0,513.4,6.0,513.4,1.0,13.0,26,0,64,90
16104987,Private Non AC room at Koramangala 4th block,"Located on the first floor - Single Bed compact room with out AC ( there is a stand fan in this room), main road facing , neat bathroom,<br />My place is good  solo adventurers, business travelers & short stays.<br />Suites the solo adventurers, business travelers who may require a early check-in & same day check out( Subject to availability & charges will be applicable)<br /><br />Main road facing so you can expect quite a bit of noise here. This is just a small room. No Fancy<br /><br /><b>The space</b><br />You will have sole access to the entire Studio. <br /><br />Clean bed sheets and towels are provided. Kindly carry Soap, shampoo, toilet rolls etc. For longs stays linens are changed 4 days once.<br /><br />This place is  ideal and affordable for people coming for official work/ day trip/ as most of software companies are around. (Embassy Golf link is about 10-15 min drive)<br />Walking distance to restaurants, banks, library, grocery stores, parks, ATM's etc..<br /><br />We can help you get taxis/cab while you are here.<br />Also ideal for travelers on vacation/ business..<br /><br /><b>Guest access</b><br />Independent entry to the room .. guests have access to a Huge common balcony where the main road can be seen.  Wireless Internet ( 4G ),  Uninterrupted Power Supply,  Safe and Secure living spaces with Security Guard & CCTV protection.<br /><br /><b>Other things to note</b><br />We have our caretaker at the property to help you with the keys.<br /><br />Laundry - We do not provide laundry service.<br />Tumbledry laundry down the road.<br /><br />Car Park - Street Parking only, We do not have parking inside the premises.<br /><br />An early check-in & late checkout is subject to availability & charges might be applicable.  Kindly keep us posted on that, we shall certainly try our best to accommodate you. <br /><br />Since we are on  the main road.. it could be a little noisy due to traffic as we are close to most happening places in Koramangala.",Private room in loft,private_room,https://a0.muscache.com/im/pictures/miso/Hosting-16104987/original/59d1f7dc-14d4-42f3-8845-e929cb84fe10.jpeg,7,"https://a0.muscache.com/im/pictures/miso/Hosting-16104987/original/59d1f7dc-14d4-42f3-8845-e929cb84fe10.jpeg,https://a0.muscache.com/im/pictures/miso/Hosting-16104987/original/d0efef3b-4417-4332-8ccc-d420e46e005c.png,https://a0.muscache.com/im/pictures/miso/Hosting-16104987/original/c440dbd4-df16-42c3-a0b1-c152a0b1d755.png,https://a0.muscache.com/im/pictures/06e7bd65-959a-45e7-9d34-5b48d2845dc2.jpg,https://a0.muscache.com/im/pictures/miso/Hosting-16104987/original/96035b8a-5ce2-4a10-b3bc-5cfe50415580.jpeg,https://a0.muscache.com/im/pictures/miso/Hosting-16104987/original/2be2e7f2-c7ba-425c-bd51-26455a0a1e62.jpeg,https://a0.muscache.com/im/pictures/hosting/Hosting-16104987/original/6e76d9d8-b341-4d99-8427-19e6e74d7386.jpeg",25846878,Meghna Sagar,,,false,12.933800,77.626700,1,,1,1.0,false,"Hair dryer,Shampoo,Body soap,Hot water,Essentials,Hangers,Bed linens,Iron,Clothing storage,Portable fans,Exterior security cameras on property,First aid kit,Wifi,Dedicated workspace,Private entrance,Patio or balcony,Free street parking,Luggage dropoff allowed,Smoking allowed,Long term stays allowed,Self check-in,Building staff,Cleaning before checkout",,false,1,Moderate,2:00 PM,11:00 AM,false,true,INR,1,0,true,130,4.46,4.6,4.8,4.4,4.8,4.7,4.5,829.0,70935.0,11.9,1017.1,0.184,0.184,2.2,190.6,2.2,190.6,1.0,3.2,67,0,298,365,120.0,10268.0,12.8,1093.2,0.1,0.1,1.3,111.2,1.3,111.2,1.0,1.8,9,0,81,90
16107790,Anugraha Home for your comfortable stay-7.,"This 3 BHK house is a very spacious one with an additional dinning room, operational kitchen, Two porticoes and a varandha.  The house is fully furnished with all amenities for your comfortable stay. It has got fridge, TV, dinning table with chairs, sofa set, hot water facility, 24 hrs water supply, pressing iron, study table and is fully secure. The rate mentioned is to accommodate up to 7 people. The house is big enough to accommodate up to 10 people, with additional mattresses, at extra cost.<br /><br /><b>The space</b><br />The house is part of an independent building, located in a calm and quite area but well connected to all locations  in Bangalore.  All facilities are within walking distance for the house. It is just 150 Mtrs from \The Kings Meadows\"".<br /><br /><b>Guest access</b><br />Complete house is accessible to the guest. You can enjoy the scenic beauty  of the place by siting in the varandha of the house.<br /><br /><b>Other things to note</b><br />The house is kept neat and clean for the guest to spend their time very comfortably. All basic necessities are available in the house. Partying/Smoking / drinking/use of drugs not  permitted during your  stay in the house.  Wi-Fi Internet facility is available.""",Entire home,entire_home,https://a0.muscache.com/im/pictures/965da926-1fba-41aa-80d3-ec95aa480984.jpg,22,"https://a0.muscache.com/im/pictures/965da926-1fba-41aa-80d3-ec95aa480984.jpg,https://a0.muscache.com/im/pictures/6614edc7-c212-4a03-a866-5d0ad1a633b5.jpg,https://a0.muscache.com/im/pictures/e8e73083-2def-4693-9a37-1a83610c5f36.jpg,https://a0.muscache.com/im/pictures/c4d44791-6616-42de-be90-22906cb06d21.jpg,https://a0.muscache.com/im/pictures/31af6e1b-3556-42e3-bc03-a0beb79eb70e.jpg,https://a0.muscache.com/im/pictures/cbb48203-d412-4e41-909e-be8047de76be.jpg,https://a0.muscache.com/im/pictures/0c791045-abf8-45c0-a89d-ba04cf04ae49.jpg,https://a0.muscache.com/im/pictures/04adbeee-05ac-41cf-86aa-39d16fa4b80c.jpg,https://a0.muscache.com/im/pictures/75842d3d-36c5-4e7c-8cd5-0c7ac8cd961a.jpg,https://a0.muscache.com/im/pictures/ff5fce2c-7e06-436c-b34a-973125a6fc39.jpg,https://a0.muscache.com/im/pictures/f6c086ee-9e29-487f-ae39-1ef1dd6a519c.jpg,https://a0.muscache.com/im/pictures/1aa538c5-1321-42f5-ada3-a2a44b0f64f1.jpg,https://a0.muscache.com/im/pictures/c5cb3291-d0a7-4f64-9357-a2f6f217bcf4.jpg,https://a0.muscache.com/im/pictures/4d6ad843-b99c-4c97-a1ae-0424e67c1128.jpg,https://a0.muscache.com/im/pictures/79408c57-aaf5-4ebf-9f23-aa6fb55609eb.jpg,https://a0.muscache.com/im/pictures/fbfec520-a0d2-4380-89c1-aa32c3929df0.jpg,https://a0.muscache.com/im/pictures/df79aef4-19d5-48a2-a9ff-a91cc2cf0ab7.jpg,https://a0.muscache.com/im/pictures/5d1faf6f-1931-44be-a657-de7b5b66d4de.jpg,https://a0.muscache.com/im/pictures/4019e1d2-df4a-4970-b92d-8b5754bbf6b9.jpg,https://a0.muscache.com/im/pictures/c52bfc3f-19c2-4733-be86-2f4b24b1923d.jpg,https://a0.muscache.com/im/pictures/9e05200d-5398-4335-8962-d84c4280b335.jpg,https://a0.muscache.com/im/pictures/b6358d96-2ed2-4f6d-b42e-f289ede3d839.jpg",101569734,ElizabethJoy,,,false,13.092100,77.537500,7,3,3,3.0,false,"Shampoo,Hot water,Washer,Dryer,Essentials,Hangers,Bed linens,Extra pillows and blankets,Iron,Ethernet connection,TV,Crib,Air conditioning,Heating,Wifi,Dedicated workspace,Pocket wifi,Kitchen,Refrigerator,Cooking basics,Dishes and silverware,Stove,Coffee maker,Private entrance,Patio or balcony,Backyard,BBQ grill,Free parking on premises,Free street parking,Single level home,Self check-in,Smart lock",,false,1,Flexible,12:00 PM,11:00 AM,false,true,INR,8,0,false,11,4.73,4.6,4.6,4.7,4.9,4.1,4.6,1630.0,139480.0,59.8,5117.5,0.074,0.074,4.4,374.6,4.4,374.6,1.0,4.5,27,0,338,365,230.0,19681.0,56.8,4856.4,0.044,0.044,2.5,211.1,2.5,211.1,1.0,4.0,4,0,86,90
16222841,Cosy Studio near Hole in the Wall Cafe,"Located on the first floor - Studio room with  High Speed 4G Internet, basic kitchenette, TV, CCTV - Safe, Hygienic & Friendly homes.<br />This has an interconnecting door  to another room .<br /><br />My place is good for couples, solo adventurers, business travellers.<br /><br /><b>The space</b><br />You will have sole access to the entire Studio.<br /><br />Clean bed sheets and towels are provided at your check-in. Linens are changes 3days once for guest staying for a week or more.<br /><br />This place is also ideal and affordable for people coming for official work as most of software companies are around. (Embassy Golf link is about 10-15 min drive)<br />Walking distance to restaurants, banks, library, grocery stores, parks, ATM's etc..<br /><br />We can help you get taxis/cab while you are here.<br />Also ideal for travellers on vacation/ business..<br /><br /><b>Guest access</b><br />Independent entry to the studio .. guests have access to a Huge common balcony where the main road can be seen.<br /><br /><b>Other things to note</b><br />We have our caretaker at the property to help you with the keys.<br /><br />Laundry - We do not provide laundry service.<br />Tumbledry laundry down the road.<br /><br />Car Park - Street Parking only, We do not have parking inside the premises.<br /><br />An early check-in & late checkout is subject to availability & charges might be applicable.  Kindly keep us posted on that, we shall certainly try our best to accommodate you. <br /><br />Since we are on  the main road.. it could be a little noisy due to traffic as we are close to most happening places in Koramangala.<br /><br />No check in will be given if ID proofs of both guests is not received with in the stipulated time and the booking will cancelled without any refund. <br /><br />Please note : WiFi is strong and works well in the living area. Some times there is WiFi issues in the bedroom to take work calls and we might not be able to help with that. Hope you understand.",Entire rental unit,entire_home,https://a0.muscache.com/im/pictures/hosting/Hosting-16222841/original/208a5af2-74d0-45be-a89b-3d5df9488c23.jpeg,5,"https://a0.muscache.com/im/pictures/hosting/Hosting-16222841/original/208a5af2-74d0-45be-a89b-3d5df9488c23.jpeg,https://a0.muscache.com/im/pictures/hosting/Hosting-16222841/original/15385eab-85ce-4ecb-9694-364f0f947ddf.jpeg,https://a0.muscache.com/im/pictures/miso/Hosting-16222841/original/bcbd710a-9682-42a6-826f-39cc28b1d787.jpeg,https://a0.muscache.com/im/pictures/hosting/Hosting-16222841/original/a790c0ff-eabc-46e2-8bbe-0625d4eb214f.jpeg,https://a0.muscache.com/im/pictures/hosting/Hosting-16222841/original/8d559624-f25c-4418-81d7-5a4e1fb6652b.jpeg",25846878,Meghna Sagar,,,false,12.933800,77.626700,2,1,1,1.0,false,"Hair dryer,Shampoo,Body soap,Hot water,Essentials,Hangers,Bed linens,Iron,Mosquito net,Clothing storage,TV,Air conditioning,Ceiling fan,Noise decibel monitors on property,Exterior security cameras on property,Wifi,Dedicated workspace,Refrigerator,Microwave,Cooking basics,Dishes and silverware,Mini fridge,Stove,Dining table,Coffee,Private entrance,Laundromat nearby,Free street parking,Luggage dropoff allowed,Smoking allowed,Long term stays allowed,Self check-in,Building staff,Cleaning before checkout",true,false,1,Firm,3:00 PM,11:00 AM,false,true,INR,4,0,false,109,4.56,4.6,4.8,4.4,4.8,4.8,4.4,1606.0,137411.0,22.1,1892.3,0.2,0.2,4.3,368.0,4.3,368.0,1.0,7.3,73,0,292,365,289.0,24728.0,23.4,1998.4,0.133,0.133,3.1,267.2,3.1,267.2,1.0,4.0,12,0,78,90
16232086,Anugraha Home for your comfortable stay-4.,"This Luxurious Home is an independent one located in the ground floor of the building.  Even though It is a very spacious 3 BHK house, the rate mentioned is to accommodate 4 People. It is good for couples / small families (with kids). The house is just 27 Kms from  Airport and 8 Kms from Railway Station. Metro station is 6 Kms from the house.  All facilities are available within walking distance from the house.  It is only 150 Mtrs from  \The Kings Meadows\"".<br /><br /><b>The space</b><br />It is a spacious house with two double beds",Entire home,entire_home,https://a0.muscache.com/im/pictures/d8d229cf-dbbf-4b5c-9cc0-61eb52c2a1cc.jpg,23,"https://a0.muscache.com/im/pictures/d8d229cf-dbbf-4b5c-9cc0-61eb52c2a1cc.jpg,https://a0.muscache.com/im/pictures/2a55e359-b4f7-40ae-be7d-1634afa91f71.jpg,https://a0.muscache.com/im/pictures/9f16680d-5cb8-47ab-b7e7-7eac6802c654.jpg,https://a0.muscache.com/im/pictures/bcaa7976-17d6-4418-a25f-fdfbc524c42a.jpg,https://a0.muscache.com/im/pictures/6d3dfc27-3a65-4441-a24e-21779683ae85.jpg,https://a0.muscache.com/im/pictures/60dd9251-ce3b-4e2a-8156-49f0889e5cc6.jpg,https://a0.muscache.com/im/pictures/61f63a21-d984-4be6-9b83-f04ab583a8a5.jpg,https://a0.muscache.com/im/pictures/039836c8-c964-4a25-a9ca-7303a630d34c.jpg,https://a0.muscache.com/im/pictures/4f0644a9-ec49-4e75-bc9d-3e873715ddc3.jpg,https://a0.muscache.com/im/pictures/683bd4b8-0877-4735-bdfe-00c29cba3ffd.jpg,https://a0.muscache.com/im/pictures/53993ad7-714f-4933-b00e-111ac3dcfaca.jpg,https://a0.muscache.com/im/pictures/b0792b9b-82f7-485a-86cd-067f8b3f0ebd.jpg,https://a0.muscache.com/im/pictures/74623039-4432-4298-a8ad-7cf77972e17e.jpg,https://a0.muscache.com/im/pictures/cc57bab0-806d-4bd5-afc6-a3ab37d9dbde.jpg,https://a0.muscache.com/im/pictures/74abfd34-0e1f-4783-ad44-e2415102bb3d.jpg,https://a0.muscache.com/im/pictures/7c0dcd52-68ce-4596-88f3-f8785e591ced.jpg,https://a0.muscache.com/im/pictures/f5f7c53c-bb3b-4d59-8eed-d99440977e08.jpg,https://a0.muscache.com/im/pictures/76aba680-2ac9-46fa-aa0e-2c465678fe5f.jpg,https://a0.muscache.com/im/pictures/22ef08a0-7d8a-46d9-becb-b30eada6217d.jpg,https://a0.muscache.com/im/pictures/a6b81924-f970-470b-91ff-255ba4a75745.jpg,https://a0.muscache.com/im/pictures/6f0e3f8d-d462-4312-9a2e-d7974acadd7b.jpg,https://a0.muscache.com/im/pictures/c309c144-1277-41bc-80ca-1a57160c81b7.jpg,https://a0.muscache.com/im/pictures/86ac3c1a-7cf8-4df5-aef8-bc34871dcbdd.jpg",101569734,ElizabethJoy,,,false,13.091700,77.535800,4,3,6,4.0,false,"Shampoo,Hot water,Washer,Dryer,Essentials,Hangers,Bed linens,Extra pillows and blankets,Room-darkening shades,Iron,Ethernet connection,TV,Crib,Baby bath,Children’s dinnerware,Changing table,Baby monitor,Window guards,Outlet covers,Baby safety gates,Table corner guards,Heating,Wifi,Dedicated workspace,Pocket wifi,Kitchen,Refrigerator,Cooking basics,Dishes and silverware,Stove,Oven,Coffee maker,Private entrance,Patio or balcony,Backyard,BBQ grill,Free parking on premises,Free street parking,EV charger,Single level home,Long term stays allowed,Self check-in,Lockbox,Cleaning before checkout",false,false,1,Flexible,12:00 PM,11:00 AM,false,true,INR,4,0,false,7,4.29,4.7,4.9,4.1,4.9,4.6,4.9,1169.0,100031.0,46.7,3999.0,0.068,0.068,3.2,270.3,3.2,270.3,1.0,4.2,25,0,340,365,734.0,62809.0,45.9,3931.4,0.178,0.178,8.0,686.5,8.0,686.5,1.0,4.0,16,0,74,90
16773824,2 Bedroom Apartment in central location with AC,"A spacious 2 bedroom service apartment in residential yet central location of Frazer Town, Bangalore. The apartment is located within walking distance of all amenities.",Entire rental unit,entire_home,https://a0.muscache.com/im/pictures/hosting/Hosting-16773824/original/f765d9a6-8f2f-49bc-80d2-03b2e339ec49.jpeg,28,"https://a0.muscache.com/im/pictures/hosting/Hosting-16773824/original/f765d9a6-8f2f-49bc-80d2-03b2e339ec49.jpeg,https://a0.muscache.com/im/pictures/hosting/Hosting-16773824/original/e86a01b8-7a12-422e-936e-61a4b8833492.jpeg,https://a0.muscache.com/im/pictures/hosting/Hosting-16773824/original/e8f4cc5c-d0b5-4306-9f13-707987ce55d1.jpeg,https://a0.muscache.com/im/pictures/hosting/Hosting-16773824/original/46a24a30-215b-4cdf-9e44-1bd543b20d4c.jpeg,https://a0.muscache.com/im/pictures/hosting/Hosting-16773824/original/b1b61214-e1d5-4f1c-a5fa-f666f17257d0.jpeg,https://a0.muscache.com/im/pictures/hosting/Hosting-16773824/original/37528ffe-849e-49d3-a2ec-d18e8901c3c8.jpeg,https://a0.muscache.com/im/pictures/hosting/Hosting-16773824/original/8cfc72c1-28b0-42f9-ab9d-ff5042d05f30.jpeg,https://a0.muscache.com/im/pictures/hosting/Hosting-16773824/original/4328f837-d408-4edf-9bf5-e6ac6a8bc0d3.jpeg,https://a0.muscache.com/im/pictures/763fd26b-855a-4582-aadb-59a9766a01d3.jpg,https://a0.muscache.com/im/pictures/hosting/Hosting-16773824/original/8a2d5d8c-26e7-44df-94d4-c4adf3af43a5.jpeg,https://a0.muscache.com/im/pictures/hosting/Hosting-16773824/original/2b78ccb9-2ae7-4c19-b354-bb48d0727596.jpeg,https://a0.muscache.com/im/pictures/hosting/Hosting-16773824/original/e4b01327-73fb-4dec-bc4e-6942f2c2ea8e.jpeg,https://a0.muscache.com/im/pictures/hosting/Hosting-16773824/original/199d439f-a097-4ff3-b6c6-71fb81d5811a.jpeg,https://a0.muscache.com/im/pictures/hosting/Hosting-16773824/original/6d407b08-eaab-495a-8fee-771255558677.jpeg,https://a0.muscache.com/im/pictures/hosting/Hosting-16773824/original/79bbd6d6-e247-4596-9463-74df285c7d35.jpeg,https://a0.muscache.com/im/pictures/hosting/Hosting-16773824/original/a25964b4-8f96-4522-a94d-16b8070b4d8e.jpeg,https://a0.muscache.com/im/pictures/hosting/Hosting-16773824/original/ad6f2295-dd78-42f3-857c-35745271131e.jpeg,https://a0.muscache.com/im/pictures/hosting/Hosting-16773824/original/c7a74b76-bef6-408b-894b-0ffe6420fb8f.jpeg,https://a0.muscache.com/im/pictures/hosting/Hosting-16773824/original/cdc93ff6-050c-4e73-8623-d501fc755b9e.jpeg,https://a0.muscache.com/im/pictures/hosting/Hosting-16773824/original/946acda0-6353-4957-8b6b-ef9daf7178f8.jpeg,https://a0.muscache.com/im/pictures/hosting/Hosting-16773824/original/199d520e-b315-473e-a0e3-4b0d3dad9c6d.jpeg,https://a0.muscache.com/im/pictures/hosting/Hosting-16773824/original/2c43fef1-e0f8-4f99-b70a-cd1a7408b345.jpeg,https://a0.muscache.com/im/pictures/hosting/Hosting-16773824/original/3ffff790-bb1d-4033-b104-604cd80516a6.jpeg,https://a0.muscache.com/im/pictures/hosting/Hosting-16773824/original/7f927586-2f6f-4ddd-8df3-5092791cbd2d.jpeg,https://a0.muscache.com/im/pictures/hosting/Hosting-16773824/original/a364f65c-8caa-4207-8047-ac64ebc99141.jpeg,https://a0.muscache.com/im/pictures/hosting/Hosting-16773824/original/8f36612a-27d9-403c-a53c-bcdae91d383f.jpeg,https://a0.muscache.com/im/pictures/hosting/Hosting-16773824/original/48daca75-bfa0-4397-b751-e0353bcc55f1.jpeg,https://a0.muscache.com/im/pictures/hosting/Hosting-16773824/original/c395107e-fb75-41e8-a5a0-9f8ae2fb3dfa.jpeg",33791251,Omer,,,false,12.995100,77.616900,6,2,2,2.0,false,"Hair dryer,Shampoo,Body soap,Hot water,Washer,Essentials,Hangers,Iron,TV,Air conditioning,Wifi,Kitchen,Refrigerator,Microwave,Dishes and silverware,Stove,Hot water kettle,Private entrance,Patio or balcony,Free parking on premises,Elevator,Luggage dropoff allowed,Smoking allowed,Long term stays allowed,Self check-in,Building staff",,false,1,Moderate,2:00 PM,12:00 PM,false,true,INR,0,0,true,47,4.7,4.8,4.7,4.4,4.8,4.8,4.6,2646.0,226410.0,37.8,3235.6,0.186,0.188,7.2,620.3,7.3,627.2,1.0,4.9,68,4,297,365,745.0,63749.0,39.0,3336.2,0.211,0.211,8.3,708.3,8.3,708.3,1.0,3.2,19,0,71,90
17048293,Anugraha Home for your comfortable stay-8.,"It is a  specious  3BHK house having 3 double beds and a sofa cum bed to accommodate 8 people very comfortably. Even though the house can accommodate up to 10 people,  the rate mentioned is to accommodate 8 people. Additional people can be accommodated at an extra cost  on mattresses. The house is fully loaded with all amenities like TV, Fridge, Active kitchen,  Crockery, Hot water, 24 hours water supply, Dinning table with chairs, Writing table, Pressing iron, Study table etc.<br /><br /><b>The space</b><br />The place is  well connected by public transport. Airport is 27 kms away, railway station is 8 kms away, metro station is 6 kms and the nearest bus stop is 75 mtrs away. All essential items are available with in walking distance. Two hotels are within 200 mtrs from the house. Hospitals,  churchs, temples, mosque, marketing place etc are within  1.5 Kmd distance.<br />The house is just 150 Mtrs from  \The Kings Meadows\"" .<br /><br /><b>Guest access</b><br />The guests can access the entire house. Kitchen facility is available for warming of food and preparation of tea/coffee. It is located in a calm and quite area and is well connected to all locations in Bangalore.<br /><br /><b>Other things to note</b><br />Partying/Smoking / drinking/use of drugs not permitted inside the house  during  your stay in the house. Wi-Fi Internet facility is available.""",Entire home,entire_home,https://a0.muscache.com/im/pictures/c8d14b13-6b43-4cac-af7d-73f7e640526c.jpg,25,"https://a0.muscache.com/im/pictures/c8d14b13-6b43-4cac-af7d-73f7e640526c.jpg,https://a0.muscache.com/im/pictures/6c1d0822-a0a0-473e-bbb7-55b8f755858d.jpg,https://a0.muscache.com/im/pictures/ad0e5cb9-ddb9-4040-a072-6b74d8760b09.jpg,https://a0.muscache.com/im/pictures/77b6f212-5853-4175-aa8f-a8c5c1dbf750.jpg,https://a0.muscache.com/im/pictures/294a7381-250c-433d-9684-b2b60ab440dd.jpg,https://a0.muscache.com/im/pictures/58390c6a-6ebe-4b1c-a97f-ce7cb7dbe338.jpg,https://a0.muscache.com/im/pictures/0fd8ea51-4fbf-4182-b381-ce3a2490adc3.jpg,https://a0.muscache.com/im/pictures/2442bac6-17df-48d8-a34e-691a6195debc.jpg,https://a0.muscache.com/im/pictures/5350b917-9d07-4c1a-970b-2da84be15b26.jpg,https://a0.muscache.com/im/pictures/dbe9829e-63f2-497c-9818-5c8f3a3817de.jpg,https://a0.muscache.com/im/pictures/de23cbf0-76b6-41b4-b156-1bcb7428fa83.jpg,https://a0.muscache.com/im/pictures/cbc253e8-649d-448f-a332-5f372a06ce70.jpg,https://a0.muscache.com/im/pictures/3dddc87b-1e83-4e80-b1de-f123064c8e87.jpg,https://a0.muscache.com/im/pictures/4044dc6a-6a6a-42b6-9a41-fe7e3273c0a3.jpg,https://a0.muscache.com/im/pictures/0f1c7c49-722e-46c2-8c40-bc879bc8828d.jpg,https://a0.muscache.com/im/pictures/cb50af4a-93d7-40e4-ae77-3d7a11e246fe.jpg,https://a0.muscache.com/im/pictures/59227f8e-a361-425f-8359-f19595e2b118.jpg,https://a0.muscache.com/im/pictures/f1a7e785-f804-46b4-8f4f-4dd45e139400.jpg,https://a0.muscache.com/im/pictures/a90ec57d-4308-4327-bdf5-00ea374a113c.jpg,https://a0.muscache.com/im/pictures/26cf1f0d-efcb-4e72-bb52-e5d4ddc51c0c.jpg,https://a0.muscache.com/im/pictures/93d3d95d-c57e-4d38-8991-a7853174a727.jpg,https://a0.muscache.com/im/pictures/9cb3058f-19b0-4c8c-b3af-8086d644d85c.jpg,https://a0.muscache.com/im/pictures/d41781d6-257f-4887-bbb9-49f0ccb04479.jpg,https://a0.muscache.com/im/pictures/7ab45c07-2256-45a7-93f1-d0bcd7a2ad3f.jpg,https://a0.muscache.com/im/pictures/0f204f2b-b008-4e00-91a6-d188ebe02e09.jpg",101569734,ElizabethJoy,,,false,13.091600,77.537000,8,4,4,4.0,false,"Shampoo,Hot water,Washer,Dryer,Essentials,Hangers,Bed linens,Extra pillows and blankets,Iron,Ethernet connection,TV,Crib,Heating,Wifi,Dedicated workspace,Pocket wifi,Kitchen,Refrigerator,Cooking basics,Dishes and silverware,Stove,Coffee maker,Private entrance,Patio or balcony,Backyard,Free parking on premises,Free street parking,EV charger,Single level home,Long term stays allowed,Self check-in,Lockbox",,false,1,Flexible,12:00 PM,11:00 AM,false,false,INR,4,0,true,11,4.73,4.8,4.9,4.6,4.9,4.4,4.6,4086.0,349626.0,67.3,5758.5,0.162,0.169,11.1,949.4,11.6,993.0,1.0,3.5,59,16,306,365,906.0,77525.0,68.8,5890.8,0.144,0.176,10.0,853.8,12.1,1038.4,1.0,3.3,13,16,77,90
17111899,Furnished 2BHK near Marathahalli Outer ring road,"My place is close to public transport, the city center, nightlife, IT parks like JP Morgan, Eco space and close to <br />Innovative Multiplex. You’ll love my place because of the location, the outdoors space, and the ambiance. My place is good for couples, business travelers, and families (with kids).<br /><br /><b>The space</b><br />Enjoy a fully furnished independent 1 BHK apartment with furniture. The apartment is on the 3rd floor and has 1 bedroom for a comfortable stay. The place is very spacious and airy also you will be able enjoy morning sunlight in there. The house is very near and tidy, it is an ideal getaway for anybody visiting Bengaluru. It can accommodate 2 guests. Additional guest charges are Rs300 (Rs500 for extra mattresses).  The apartment is equipped with  kitchen with utensils, the guests are free to cook whatever they like. The place has a coffee table,wardrobe and enough plug points to charge your electronics. There is also a caretaker available on the property.<br /><br /><b>Guest access</b><br />The guests will have access to the building at any time Since this is an independent property. Kitchen will be accessible all time and guests are free to enter there and whenever they like. There is also a washing machine available in the property. The guests will also have access to a beautiful terrace.<br /><br /><b>Other things to note</b><br />Roads are bit narrow but the flat is located just around 200mtrs walking distance from Outer ring road marathahalli. For more details you may check on net for Swasthikam, 4th A Cross, PR Layout. TV not available for flat. power back up also not available.",Entire rental unit,entire_home,https://a0.muscache.com/im/pictures/2c8769e6-d39c-46d1-80c4-fc57c8de1541.jpg,37,"https://a0.muscache.com/im/pictures/2c8769e6-d39c-46d1-80c4-fc57c8de1541.jpg,https://a0.muscache.com/im/pictures/3b531de5-a4fe-4a00-b5a7-6593e224410b.jpg,https://a0.muscache.com/im/pictures/afcfe546-4e4a-4d0e-a0b4-abbeb37312fa.jpg,https://a0.muscache.com/im/pictures/dba8a4f3-3fa0-48b3-ae4b-a88e13708ec1.jpg,https://a0.muscache.com/im/pictures/2bb4b5b4-e5c8-4357-9332-93a920b8b9b9.jpg,https://a0.muscache.com/im/pictures/0aeb6cfc-efd2-4ca2-aa59-416aeb2f9c98.jpg,https://a0.muscache.com/im/pictures/hosting/Hosting-17111899/original/0c855fd5-193e-45a9-aa93-9af9857a5e57.jpeg,https://a0.muscache.com/im/pictures/hosting/Hosting-17111899/original/c71c9128-5f4d-49a8-847c-ae87f0c705f5.jpeg,https://a0.muscache.com/im/pictures/hosting/Hosting-17111899/original/ec30eae2-f1b8-446d-81ca-cc062351f5f2.jpeg,https://a0.muscache.com/im/pictures/hosting/Hosting-17111899/original/b712df9a-9ac7-40e2-b5a9-af41408cd5b3.jpeg,https://a0.muscache.com/im/pictures/hosting/Hosting-17111899/original/fab904bc-5bcc-4749-a7dc-e53a75451290.jpeg,https://a0.muscache.com/im/pictures/hosting/Hosting-17111899/original/87c52cfe-6191-45de-9e9f-55810f8be454.jpeg,https://a0.muscache.com/im/pictures/hosting/Hosting-17111899/original/0621a39a-09d8-4e8b-98cf-8145208cb15f.jpeg,https://a0.muscache.com/im/pictures/hosting/Hosting-17111899/original/abc124be-3ef0-403a-bb22-15b3c33d4c1a.jpeg,https://a0.muscache.com/im/pictures/hosting/Hosting-17111899/original/0fc221dc-3407-40fe-ac46-8cabbfd145d9.jpeg,https://a0.muscache.com/im/pictures/hosting/Hosting-17111899/original/cf941230-e4bb-49ef-8c73-0a9d08dce9a9.jpeg,https://a0.muscache.com/im/pictures/hosting/Hosting-17111899/original/0fe36ea7-6ea9-4590-a1ec-852015e804b3.jpeg,https://a0.muscache.com/im/pictures/hosting/Hosting-17111899/original/87fd38a8-3eb1-45fc-b472-7da40baf78cc.jpeg,https://a0.muscache.com/im/pictures/hosting/Hosting-17111899/original/f2a312b5-d59c-4a48-9638-aacb026f9b8b.jpeg,https://a0.muscache.com/im/pictures/hosting/Hosting-17111899/original/917eedec-1921-4ffb-86ad-0a342e7781a4.jpeg,https://a0.muscache.com/im/pictures/hosting/Hosting-17111899/original/2c6d17cf-ddee-4823-b5d5-7ab6062d786a.jpeg,https://a0.muscache.com/im/pictures/hosting/Hosting-17111899/original/4a144bfb-3103-4b40-be92-a41b938c516d.jpeg,https://a0.muscache.com/im/pictures/hosting/Hosting-17111899/original/e1d726fc-4ed6-4260-a78e-b340a74d8b6b.jpeg,https://a0.muscache.com/im/pictures/hosting/Hosting-17111899/original/d2d11efa-10ec-4ba8-a1ef-6ddeb66989ef.jpeg,https://a0.muscache.com/im/pictures/hosting/Hosting-17111899/original/bdc95f7c-eb7f-4655-adc1-f96d8fa18946.jpeg,https://a0.muscache.com/im/pictures/hosting/Hosting-17111899/original/e3505ffc-8665-4ba1-8a46-3f6ddc286ea6.jpeg,https://a0.muscache.com/im/pictures/hosting/Hosting-17111899/original/4b87f95e-99e3-480a-a519-0dca3f4fa993.jpeg,https://a0.muscache.com/im/pictures/hosting/Hosting-17111899/original/48c678f3-bdb8-4e47-be73-6f19c87cb923.jpeg,https://a0.muscache.com/im/pictures/hosting/Hosting-17111899/original/cfeeb1c4-4f6e-4933-b237-149535cffbc2.jpeg,https://a0.muscache.com/im/pictures/hosting/Hosting-17111899/original/abccbbdb-a3eb-4d4f-99b1-9590e08a0abb.jpeg,https://a0.muscache.com/im/pictures/hosting/Hosting-17111899/original/461cf395-1e3c-492c-a823-3c36ce3f316d.jpeg,https://a0.muscache.com/im/pictures/hosting/Hosting-17111899/original/f1778758-46a7-40f8-b241-8d58dfc580f8.jpeg,https://a0.muscache.com/im/pictures/hosting/Hosting-17111899/original/e696b078-bc48-4843-8987-b158f1398150.jpeg,https://a0.muscache.com/im/pictures/hosting/Hosting-17111899/original/7cb4b158-504a-4e24-ae83-3f4c03199251.jpeg,https://a0.muscache.com/im/pictures/hosting/Hosting-17111899/original/7ad4082a-21c7-4895-b9dd-d9cd5af4e7ad.jpeg,https://a0.muscache.com/im/pictures/hosting/Hosting-17111899/original/fe86799f-c944-4b66-9bd6-c0280ff55bdf.jpeg,https://a0.muscache.com/im/pictures/hosting/Hosting-17111899/original/277e31a8-c939-4802-ae0c-3b2f8900339d.jpeg",30540378,Dev,,,false,12.952400,77.700880,6,2,2,1.0,false,"Shampoo,Hot water,Washer,Dryer,Essentials,Hangers,Exterior security cameras on property,Carbon monoxide alarm,Wifi,Kitchen,Refrigerator,Private entrance,Free parking on premises,Pets allowed,Luggage dropoff allowed,Smoking allowed,Long term stays allowed",,false,1,Moderate,12:00 PM,11:00 AM,false,false,INR,10,0,true,45,4.53,4.4,4.7,4.4,4.8,4.0,4.4,2721.0,232819.0,22.2,1896.5,0.34,0.42,7.2,612.1,8.9,757.3,1.3,10.3,124,70,241,365,0.0,0.0,23.9,2045.2,0.0,0.0,0.0,0.0,0.0,0.0,1.3,0.0,0,58,90,90
17173550,Luxurious home - Fully furnished apartment,"Spacious, fully furnished apartment #402, right next to ISRO on  HAL Airport Road. Close to Whitefield and MG Road. Feel at home and enjoy the privacy. Great for family with kids. The kitchen is ready for you if you wish to cook or heat up ordered food either on stove or microwave. Enjoy unlimited internet access and cable TV. Need anything, the caretaker lives in the apartment next door and is available 24/7. Safe family friendly gated with 24 hour security, water & electricity. Enjoy the gym.<br /><br /><b>The space</b><br />The space<br />A safe, quiet place, modern, new, well connected. <br /><br />Guest access<br />All parts of the house, except for a few locked drawers/closets.<br /><br />Interaction with guests<br />My property manager lives next door and is available 24 hours by phone/message to address ANY issues that may arise during your stay. I am available on the airbnb messaging service. Please note: we live in California, so time difference needs to be taken into consideration.<br /><br />The neighborhood<br />The apartment 402 is on the 4th floor in Mayflower Classic Apartment faces the ISRO compound which has lots of trees.  It's the 2nd building from old airport Rd,  A stone throw away from Total Mall,  Cloud 9. Manipal hospital is at walkable distance.  Grocery shopping stores and restaurants are 2 minutes walk. Very close to Indiranagar.  Close to Marathahalli and Whitefield. MG road is close by on old airport Rd.<br /><br />Getting around:<br />Ola/Uber cabs on your phone or apps. Auto rickaw stand and bus stand is 2 buildings away.  If you love travelling on the Metro, the nearest station is at Indiranagar. <br /><br />Amenities:<br />Free Wifi, TV with cable in the hall.<br />Dial 403 on Intercom to talk to caretakers. <br />The dining area has a fridge and dining table for 4. <br />The washing machine is in the secure balcony. <br />The kitchen has the Water filtration system, gas stove, microwave, toaster, cooker, mixer, plates, cups, spoons, knives and a variety of cooking utensils.<br />Both bedrooms have air-conditioning.<br />The master bedroom has a king size bed with an attached bathroom. <br />The second bedroom has a bunkbed with double bed at the bottom and single bed at the top.  A work desk and chair is in this bedroom.<br />Feel free to keep the balcony door open as the the balcony is secured with a metal mesh.<br />Cleaning supplies and extra bedsheets, blankets, toilet tissue, soaps, towels are stored away in the  bedroom cabinets.<br />All rooms have ceiling fans.<br />Both bathrooms have electric water heaters.<br /><br /><b>Guest access</b><br />The apartment has 24 hours security. <br />Please use elevator to get to 4th floor.<br />The entire apartment is accessible to the guests.<br />The gym room is on the roof and is open from 6am-10pm.<br />The terrace is a nice place to walk around and enjoy the view of South Bengaluru. See if you can spot the Shivoham Shiva Temple right next to Total Mall, Old airport Rd.<br /><br /><b>Other things to note</b><br />The place will be thoroughly cleaned before and after your visit.<br />Cleaners are available on request during your visit.",Entire rental unit,entire_home,https://a0.muscache.com/im/pictures/0831f607-aec3-446e-a615-76ec810e82d4.jpg,31,"https://a0.muscache.com/im/pictures/0831f607-aec3-446e-a615-76ec810e82d4.jpg,https://a0.muscache.com/im/pictures/44c3f31f-62eb-4c31-a2dd-3061da08c574.jpg,https://a0.muscache.com/im/pictures/438d80b3-e3db-4c9c-8d3b-fab36bbff4d0.jpg,https://a0.muscache.com/im/pictures/06dd13d2-a06e-4cb2-91a3-72a7c3582771.jpg,https://a0.muscache.com/im/pictures/d0243884-b244-4f73-82ce-e039746bcbd3.jpg,https://a0.muscache.com/im/pictures/bf69bc0a-e4c3-445b-9c72-865a77b40a44.jpg,https://a0.muscache.com/im/pictures/ef09a3fb-9c7e-432b-921d-4ba1e747ec7c.jpg,https://a0.muscache.com/im/pictures/be348c25-4437-47eb-b287-8b5c2685aa14.jpg,https://a0.muscache.com/im/pictures/fad20eb3-b205-4e13-92f8-c7e5170dd3cb.jpg,https://a0.muscache.com/im/pictures/d46975ad-b2bd-470f-a502-df6626d6fb70.jpg,https://a0.muscache.com/im/pictures/0a860c45-6896-472f-8395-7111a6030953.jpg,https://a0.muscache.com/im/pictures/9a5ed834-5c5b-4515-b8f0-df0834a6d027.jpg,https://a0.muscache.com/im/pictures/815027c8-b569-45b7-bf28-71d03a1b5a1d.jpg,https://a0.muscache.com/im/pictures/4ebed259-caf6-4b1b-a752-ddffd25d5d94.jpg,https://a0.muscache.com/im/pictures/3ddb2c10-3c93-46c5-a401-49c62801544c.jpg,https://a0.muscache.com/im/pictures/5c95e99a-68c1-4f68-8525-ccabb46f383c.jpg,https://a0.muscache.com/im/pictures/0e176064-f2ae-4e74-8684-9e079720d8d4.jpg,https://a0.muscache.com/im/pictures/34b18115-d591-44d3-be23-904cb853cc4d.jpg,https://a0.muscache.com/im/pictures/miso/Hosting-17173550/original/f1c812bf-a2e3-41b4-8a59-37378c41a8fe.jpeg,https://a0.muscache.com/im/pictures/miso/Hosting-17173550/original/cba7fc60-0e39-41a8-8f07-4b333971542c.jpeg,https://a0.muscache.com/im/pictures/miso/Hosting-17173550/original/a145bdd6-4c4c-421a-868e-ae4e4cc039c6.jpeg,https://a0.muscache.com/im/pictures/miso/Hosting-17173550/original/c5c0e181-d697-441d-b2a2-5b87a521abd7.jpeg,https://a0.muscache.com/im/pictures/miso/Hosting-17173550/original/135dfe49-1395-47bc-a7eb-e2a864b035c8.jpeg,https://a0.muscache.com/im/pictures/miso/Hosting-17173550/original/6500a1f9-d7b7-4447-b5b8-be00f232d5b7.jpeg,https://a0.muscache.com/im/pictures/miso/Hosting-17173550/original/adfa5c52-5a87-4b82-8b9d-ee964b14bfe3.jpeg,https://a0.muscache.com/im/pictures/miso/Hosting-17173550/original/1f9d442d-9d1d-40db-a965-891593ff3223.jpeg,https://a0.muscache.com/im/pictures/miso/Hosting-17173550/original/88cef795-368b-4f32-9773-4ac0d5a92795.jpeg,https://a0.muscache.com/im/pictures/miso/Hosting-17173550/original/564a3e75-c8c2-48ad-8c2a-6eb702d650e3.jpeg,https://a0.muscache.com/im/pictures/miso/Hosting-17173550/original/da5a9baa-6f0f-445e-86ff-b6d1ad4db37e.jpeg,https://a0.muscache.com/im/pictures/miso/Hosting-17173550/original/b982688a-e4a1-453d-8ea9-195caacce19e.jpeg,https://a0.muscache.com/im/pictures/miso/Hosting-17173550/original/20691415-8049-4c8c-8b6d-c6ff7a126d53.jpeg",115536108,Sneha,,,false,12.959900,77.655700,6,2,3,2.0,false,"Wifi,Hair dryer,Hot water,Washer,Essentials,Hangers,Bed linens,Extra pillows and blankets,Room-darkening shades,Iron,Ethernet connection,TV,Air conditioning,Smoke alarm,Carbon monoxide alarm,Fire extinguisher,First aid kit,Wifi,Dedicated workspace,Kitchen,Refrigerator,Microwave,Cooking basics,Dishes and silverware,Stove,Private entrance,Patio or balcony,Free parking on premises,Elevator,EV charger,Gym,Host greets you",false,false,1,Moderate,3:00 PM,1:00 PM,false,true,INR,6,0,false,10,4.8,4.8,4.9,4.8,4.9,4.8,4.6,1985.0,169849.0,67.9,5809.9,0.077,0.085,5.4,459.7,6.0,511.6,1.0,7.0,28,37,337,365,410.0,35081.0,65.5,5602.7,0.067,0.067,4.5,384.1,4.5,384.1,1.0,6.0,6,0,84,90
17295585,1 Bedroom Service Apartment near Manyata Tech Park,"Aashiyana offers Single BHK Fully Furnished Apartment with modern Facilities. A world-class facilities at our Service Apartments and Guest Houses to our cherished guests that redefine the parameters of Hospitality.<br /><br /><b>The space</b><br />Amenities include :<br />Room with neat and clean linen<br />LCD T.V<br />Security - round the clock<br />Sitting and Dining Area<br />Internet (Wi-Fi enabled)<br />Washing Machine<br /><br />Please note we have multiple identical apartments in the same building located on different floors, one of the them will be allotted to you based on the availability. Option to choose among the apartments will be given if more than one is available at the time of your check-in.<br /><br /><b>Guest access</b><br />The guests are allowed access all the amenities within the apartment.<br />The parking on the ground floor can be used by guests to park their vehicles.<br />The roof of the apartment is accessible to the guests.<br /><br />Please note other apartments will not be accessible to you, even if they are unoccupied.<br /><br /><b>Other things to note</b><br />Our care taking staff are present on call to meet any needs of the guests.<br />Please note as it is a residential area, kindly do not indulge in activities which might disturb the other guests and neighbors.<br />Room Service facility is available and the breakfast is part of the package. Lunch & dinner can be served at additional cost. Please Note - Early morning check-in ( before 12 noon ) depends upon the availability as well as chargeable. No lift",Entire serviced apartment,entire_home,https://a0.muscache.com/im/pictures/hosting/Hosting-U3RheVN1cHBseUxpc3Rpbmc6MTcyOTU1ODU%3D/original/f9f4b890-0097-4928-8db3-31951ba480d4.jpeg,17,"https://a0.muscache.com/im/pictures/hosting/Hosting-U3RheVN1cHBseUxpc3Rpbmc6MTcyOTU1ODU%3D/original/f9f4b890-0097-4928-8db3-31951ba480d4.jpeg,https://a0.muscache.com/im/pictures/7ae3995e-b46e-44bf-a3ea-9b0260b59567.jpg,https://a0.muscache.com/im/pictures/ba979123-0f8b-495c-bfb7-8a046da41936.jpg,https://a0.muscache.com/im/pictures/ffd1d891-1058-4dbb-9a2b-8e6af4d161f0.jpg,https://a0.muscache.com/im/pictures/9a491964-6e9e-42e5-9add-9f34dfc1a0da.jpg,https://a0.muscache.com/im/pictures/dac8b8dd-5536-42dd-bf2c-b9a916d87314.jpg,https://a0.muscache.com/im/pictures/365de61b-c058-475a-9a1f-f795fcb889ab.jpg,https://a0.muscache.com/im/pictures/af434311-26b7-487a-b5fb-6e605ec59c72.jpg,https://a0.muscache.com/im/pictures/hosting/Hosting-U3RheVN1cHBseUxpc3Rpbmc6MTcyOTU1ODU%3D/original/8541b948-3396-4d85-a2a5-c14a431e2a69.jpeg,https://a0.muscache.com/im/pictures/hosting/Hosting-U3RheVN1cHBseUxpc3Rpbmc6MTcyOTU1ODU%3D/original/322211c1-4d4c-4315-a689-1ace3d4e2b85.jpeg,https://a0.muscache.com/im/pictures/hosting/Hosting-U3RheVN1cHBseUxpc3Rpbmc6MTcyOTU1ODU%3D/original/60276724-d8a4-4a56-8f97-fb5046ff9dc5.jpeg,https://a0.muscache.com/im/pictures/hosting/Hosting-U3RheVN1cHBseUxpc3Rpbmc6MTcyOTU1ODU%3D/original/b0bdd5f4-f648-487a-a8cc-97f41ff79b0c.jpeg,https://a0.muscache.com/im/pictures/hosting/Hosting-U3RheVN1cHBseUxpc3Rpbmc6MTcyOTU1ODU%3D/original/2391883a-d407-44ce-b26d-cdd9beaab026.jpeg,https://a0.muscache.com/im/pictures/hosting/Hosting-17295585/original/d89b1203-441b-4f99-9893-3f9ed6a45602.jpeg,https://a0.muscache.com/im/pictures/hosting/Hosting-17295585/original/2c506bec-4f60-4aaa-b42c-4227822dad9b.jpeg,https://a0.muscache.com/im/pictures/hosting/Hosting-17295585/original/87c9f389-f414-41dc-a178-849b329c5063.jpeg,https://a0.muscache.com/im/pictures/hosting/Hosting-17295585/original/b0059b3c-2a24-489d-9e5c-c6e071b5d685.jpeg",9422490,Niloy,,,false,13.048737,77.605611,3,1,2,1.0,false,"Shampoo,Hot water,Washer,Dryer,Essentials,Hangers,Iron,TV,High chair,Air conditioning,Fire extinguisher,First aid kit,Wifi,Kitchen,Private entrance,Free parking on premises,Free street parking,Luggage dropoff allowed,Smoking allowed,Long term stays allowed,Self check-in,Building staff",,false,1,Moderate,12:00 PM,11:00 AM,false,false,INR,0,0,true,72,4.56,4.5,4.8,4.4,4.7,4.5,4.5,1098.0,93960.0,27.5,2351.9,0.099,0.099,3.0,257.4,3.0,257.4,1.0,6.0,36,0,329,365,620.0,53055.0,30.9,2648.0,0.222,0.222,6.9,589.5,6.9,589.5,1.0,10.0,20,0,70,90
17372942,Cozy room in the heart of the city. Opp UB city!,"This cool and comfy room is surrounded by greenery and is tucked away from the hustle & bustle in the center of the city. You’ll love my place because of the silence, privacy, location, the ambiance and the outdoor space.<br /><br /><b>The space</b><br />The space<br /><br />This cozy room is airy, spacious, cool and comfortable. The room includes:  <br /><br />- Cupboards<br />- A study table and chair<br />- Attached bathroom with heater/geyser<br /><br />Breakfast is generally a mix of Indian & continental. It includes cereals, fruits, butter/jam, toasts etc. We're a strictly vegetarian househould and therefore we do not serve eggs.<br /><br /><b>Guest access</b><br />You will have access to the:<br /><br />- Internet/Wifi (please ask what the password is for the connection)<br />- Living room<br />- Dining area<br />- Back yard<br /><br /><b>During your stay</b><br />I'll be mostly at home creating my products or at times out at a market, proudly showcasing my delicious homemade creations as the founder of Rushxfoods! I will be available for interaction in person, when present at the house. If not I'm just a call away almost all the time.<br /><br /><b>Other things to note</b><br />Lunch and Dinner can be served. It's Rs. 800/- per person/meal. As stated earlier we're a vegetarian family, hence the meals are always going to be vegetarian. Please give a notice of 1 day in advance.<br />Laundry services excluding ironing is available in the property which would cost Rs. 500/load. <br />Cleaning of the room is done on a daily basis.<br />This particular room does not have an A/C.",Private room in rental unit,private_room,https://a0.muscache.com/im/pictures/c75398ce-c2a6-404b-8217-c5ad55e30fcd.jpg,39,"https://a0.muscache.com/im/pictures/c75398ce-c2a6-404b-8217-c5ad55e30fcd.jpg,https://a0.muscache.com/im/pictures/a9482617-ef56-444a-8920-df639d6c885b.jpg,https://a0.muscache.com/im/pictures/692d3f0c-946e-4cbc-9353-e3d5d973cbf4.jpg,https://a0.muscache.com/im/pictures/6d52a89a-62c2-4228-8295-e7584ab98999.jpg,https://a0.muscache.com/im/pictures/ef32a7c7-2b8b-4524-a75e-5e33ea1531b4.jpg,https://a0.muscache.com/im/pictures/7333b881-168f-45c9-a264-7bab46950685.jpg,https://a0.muscache.com/im/pictures/d20cba53-a1c7-4699-9627-27355131f804.jpg,https://a0.muscache.com/im/pictures/ac505d63-7a5a-4c4c-840b-16ee8e72bf80.jpg,https://a0.muscache.com/im/pictures/3c5675aa-55e6-4c24-82e9-6cf8cac17747.jpg,https://a0.muscache.com/im/pictures/dfe07e31-b625-4398-bbda-f30653fbf744.jpg,https://a0.muscache.com/im/pictures/4336a851-dded-4ba8-b110-1e4b688b1d6a.jpg,https://a0.muscache.com/im/pictures/d5a41909-1cb5-42e9-be73-27f11ce8e052.jpg,https://a0.muscache.com/im/pictures/72e45507-f02e-46eb-bada-6838c294182c.jpg,https://a0.muscache.com/im/pictures/4940b5ca-abb0-4fab-ba26-5c4cbb30b9a0.jpg,https://a0.muscache.com/im/pictures/16a0b06a-8097-421e-94c2-bba612fdaa37.jpg,https://a0.muscache.com/im/pictures/9e04b365-acad-4699-9007-97c8e071dd25.jpg,https://a0.muscache.com/im/pictures/d031494f-fa22-4f04-b71e-73722d64d8e5.jpg,https://a0.muscache.com/im/pictures/cb404ef0-329f-407c-9959-e8d4fe3f25f1.jpg,https://a0.muscache.com/im/pictures/d04b4949-ee6d-4f0f-b611-95c62347188e.jpg,https://a0.muscache.com/im/pictures/1d19f7e9-d7f8-4b44-bbbb-e41fc9a2f71b.jpg,https://a0.muscache.com/im/pictures/16ae8eb3-6f81-4f2f-bf8a-e1adf77a2fca.jpg,https://a0.muscache.com/im/pictures/8a5d4af4-2f5b-4384-9296-09ecf3d0ce46.jpg,https://a0.muscache.com/im/pictures/80f40405-f992-4b8d-8418-213671e100c8.jpg,https://a0.muscache.com/im/pictures/0415cd65-59cd-4f64-bf4f-77bf603cb3b3.jpg,https://a0.muscache.com/im/pictures/6ceceea7-62a3-4110-a96d-d0cf6c47773b.jpg,https://a0.muscache.com/im/pictures/6f44882b-1129-45d1-9132-1a7572c9b671.jpg,https://a0.muscache.com/im/pictures/51e48c1d-6dfc-4733-88cb-1b3ff37995e7.jpg,https://a0.muscache.com/im/pictures/56f8c822-51e2-47ad-a30f-71613e6397c4.jpg,https://a0.muscache.com/im/pictures/59141fa6-7704-4e3e-8364-331eb525042a.jpg,https://a0.muscache.com/im/pictures/d42519ff-01a2-4ac3-82a7-6bfff34c77a9.jpg,https://a0.muscache.com/im/pictures/66495dab-3ede-48cd-9b32-f16159c5ebc7.jpg,https://a0.muscache.com/im/pictures/113faa3a-f1d5-41f5-b430-de8847390e99.jpg,https://a0.muscache.com/im/pictures/1efe00dc-776a-4485-8ed6-e8daf87a452d.jpg,https://a0.muscache.com/im/pictures/7f4cd4ce-1fa5-4f9d-9e0d-2a0f98d34ba9.jpg,https://a0.muscache.com/im/pictures/a777d1f1-1599-462c-a0ee-c1f51583886f.jpg,https://a0.muscache.com/im/pictures/hosting/Hosting-U3RheVN1cHBseUxpc3Rpbmc6MTczNzI5NDI%3D/original/8adae3c4-9fb8-4cd4-b46c-3fb16dc6a6fb.jpeg,https://a0.muscache.com/im/pictures/hosting/Hosting-U3RheVN1cHBseUxpc3Rpbmc6MTczNzI5NDI%3D/original/d0141641-73c8-4eeb-8ddf-aa10b14427f8.jpeg,https://a0.muscache.com/im/pictures/hosting/Hosting-U3RheVN1cHBseUxpc3Rpbmc6MTczNzI5NDI%3D/original/fb6c9c8f-b78a-4f34-b43e-7ee899c6b302.jpeg,https://a0.muscache.com/im/pictures/hosting/Hosting-U3RheVN1cHBseUxpc3Rpbmc6MTczNzI5NDI%3D/original/5656e6ed-3843-409a-b210-78ccdd0a3667.jpeg",116168448,Pramila,,,true,12.971000,77.597000,,,1,0.0,false,"Shampoo,Hot water,Dryer,Essentials,Hangers,Iron,Lock on bedroom door,First aid kit,Wifi,Dedicated workspace,Refrigerator,Elevator,Paid parking off premises,Luggage dropoff allowed,Breakfast,Smoking allowed,Host greets you",,false,1,Moderate,12:00 PM,11:00 AM,true,true,INR,0,0,true,36,4.97,4.9,5.0,4.9,5.0,5.0,4.9,1904.0,162922.0,51.0,4366.9,0.107,0.112,5.2,446.4,5.5,466.8,1.0,4.3,39,16,326,365,0.0,0.0,57.8,4942.2,0.0,0.0,0.0,0.0,0.0,0.0,1.0,0.0,0,0,90,90
17373775,Cottage like room in the garden - Opp UB city,"This cool and comfy room is surrounded by greenery and is tucked away from the hustle & bustle in the center of the city. You’ll love my place because of the silence, privacy, location, the ambiance and the outdoor space.<br /><br /><b>The space</b><br />This cozy room is airy, spacious, cool and comfortable. The room includes:  <br /><br />- A/C<br />- Cupboards<br />- A study table and chair<br />- Attached bathroom with heater/geyser<br /><br />Breakfast is generally a mix of Indian & continental. It includes cereals, fruits, butter/jam, toasts etc. We're a strictly vegetarian househould and therefore we do not serve eggs.<br /><br /><b>Guest access</b><br />You will have access to the:<br /><br />- Internet/Wifi (please ask what the password is for the connection)<br />- Living room<br />- Dining area<br />- Back yard<br /><br /><b>During your stay</b><br />I'll be mostly at home creating my products or at times out at a market, proudly showcasing my delicious homemade creations as the founder of Rushxfoods! I will be available for interaction in person, when present at the house. If not I'm just a call away almost all the time.<br /><br /><b>Other things to note</b><br />Lunch and Dinner can be served. It's Rs. 800/- per person/meal. As stated earlier we're a vegetarian family, hence the meals are always going to be vegetarian. Please give a notice of 1 day in advance.<br />Laundry services excluding ironing is available in the property which would cost Rs. 500/load. <br />Cleaning of the room is done on a daily basis.",Private room in rental unit,private_room,https://a0.muscache.com/im/pictures/9f25f7e4-aa50-48f8-9dba-b87adb07f6cb.jpg,34,"https://a0.muscache.com/im/pictures/9f25f7e4-aa50-48f8-9dba-b87adb07f6cb.jpg,https://a0.muscache.com/im/pictures/71aed314-8279-4847-9c0d-0e285f49b0c0.jpg,https://a0.muscache.com/im/pictures/7be2b747-5423-4a25-a96f-bc63701f0928.jpg,https://a0.muscache.com/im/pictures/0b275c14-feaa-4e60-b25e-057e1b7a2b51.jpg,https://a0.muscache.com/im/pictures/f16142c2-3a0d-4fd2-88fe-b57e443c1a17.jpg,https://a0.muscache.com/im/pictures/54dd7fc1-4165-442e-98df-b7a3a08c016c.jpg,https://a0.muscache.com/im/pictures/af588cce-c624-46c7-bcf0-db30031ac670.jpg,https://a0.muscache.com/im/pictures/e7e3a786-a2ac-48d6-b537-57e417e0cb54.jpg,https://a0.muscache.com/im/pictures/6ebec644-18f1-4735-bc89-e54ce3e4f500.jpg,https://a0.muscache.com/im/pictures/97ccf010-0e13-46e8-9a63-becce5d5be39.jpg,https://a0.muscache.com/im/pictures/5797a5a5-78f4-4d37-a9de-9526d99dfd27.jpg,https://a0.muscache.com/im/pictures/bbe6f843-d9b0-4c76-88c4-c5078c612d57.jpg,https://a0.muscache.com/im/pictures/cde82532-132e-4f55-973e-3c7216f048f0.jpg,https://a0.muscache.com/im/pictures/af78d0d1-84ee-4d0f-978d-9182069aa910.jpg,https://a0.muscache.com/im/pictures/b896f96b-f8bb-4236-8523-ad9b4b411293.jpg,https://a0.muscache.com/im/pictures/b0b08944-aa96-4b7a-b8f9-6a0baa620c68.jpg,https://a0.muscache.com/im/pictures/fef39396-925c-4531-9704-0a5f9b3b9bc5.jpg,https://a0.muscache.com/im/pictures/ed5f9c80-8466-4c11-bce3-09196ae2d956.jpg,https://a0.muscache.com/im/pictures/9d965fe7-21d7-4f93-bb50-c2171fe272c1.jpg,https://a0.muscache.com/im/pictures/c2041cd5-ad55-478d-b24a-52cb6ba7cc43.jpg,https://a0.muscache.com/im/pictures/f02507e4-063b-497e-bd61-7428ee7283df.jpg,https://a0.muscache.com/im/pictures/5883c35b-2552-408d-acbb-f38ae623f7aa.jpg,https://a0.muscache.com/im/pictures/4f7f8649-ce32-4e71-a8c4-96f88850dca2.jpg,https://a0.muscache.com/im/pictures/a63df96c-7362-4e92-8822-94e50812f01b.jpg,https://a0.muscache.com/im/pictures/79e3a0fd-1e79-49e0-949d-c93a6d6d0d2b.jpg,https://a0.muscache.com/im/pictures/755c5b1d-c072-45a2-8264-0064b44860dc.jpg,https://a0.muscache.com/im/pictures/98874d0f-e374-4b08-85fe-73cc30ed8ce5.jpg,https://a0.muscache.com/im/pictures/db9d8706-d2c5-4037-8853-7c8f0e4d4397.jpg,https://a0.muscache.com/im/pictures/4f7bbdb8-c0c8-4b97-bced-1a02cbdee8a3.jpg,https://a0.muscache.com/im/pictures/2d6e09a2-6d1a-440c-be76-eab937fe4ec3.jpg,https://a0.muscache.com/im/pictures/996fa460-3d2c-48fc-adca-7fe8e44ded9a.jpg,https://a0.muscache.com/im/pictures/hosting/Hosting-U3RheVN1cHBseUxpc3Rpbmc6MTczNzM3NzU%3D/original/f720032e-4c6b-4a5a-a726-ad0d1727c45a.jpeg,https://a0.muscache.com/im/pictures/hosting/Hosting-U3RheVN1cHBseUxpc3Rpbmc6MTczNzM3NzU%3D/original/894636ec-967c-488f-93a7-f99fc301e578.jpeg,https://a0.muscache.com/im/pictures/hosting/Hosting-U3RheVN1cHBseUxpc3Rpbmc6MTczNzM3NzU%3D/original/14d930e6-7333-4897-9a5a-f57e3a2479ec.jpeg",116168448,Pramila,,,true,12.971470,77.597180,,,1,0.0,false,"Shampoo,Hot water,Essentials,Hangers,Iron,TV,Air conditioning,Lock on bedroom door,First aid kit,Wifi,Dedicated workspace,Kitchen,Refrigerator,Patio or balcony,Backyard,Free parking on premises,Elevator,Breakfast,Smoking allowed,Host greets you",,false,1,Moderate,12:00 PM,11:00 AM,true,false,INR,0,0,true,99,4.94,5.0,5.0,5.0,5.0,5.0,4.9,6189.0,529573.0,59.8,5113.2,0.288,0.288,17.0,1450.9,17.0,1450.9,1.0,4.6,105,0,260,365,1224.0,104733.0,65.0,5559.9,0.211,0.211,13.6,1163.7,13.6,1163.7,1.0,3.8,19,0,71,90
17387110,"MeowHaus Bangalore — A Calm, Cat-First Penthouse","MeowHaus is a private room in a quiet, thoughtfully lived-in penthouse in Hennur, Bangalore.<br />We live in the same home with our senior cat Kaalo and our baby.<br />This is a shared home : warm, respectful, and intentionally calm.<br />If you’re looking for a hotel or an OYO-style stay, MeowHaus may not be the right fit. If you enjoy lived-in homes, gentle routines, and sharing space with a cat, you’ll feel very comfortable here.<br /><br />Check-in: After 1:00 PM<br />Check-out: By 10:00 AM<br /><br /><b>The space</b><br />🏡 Your stay at MeowHaus<br /><br /><br />Welcome to MeowHaus 🐾<br />A peaceful, cat-friendly penthouse designed around slow living and everyday comfort.<br />The home is ideal for guests who enjoy:<br />Quiet mornings with coffee<br />Natural light and fresh air<br />Calm, respectful shared spaces<br />A home that feels personal rather than transactional<br />MeowHaus is not a party space or a quick crash pad. It’s best suited for guests who value stillness, cleanliness, and mindful living. whether you’re working remotely, exploring Bangalore, or simply taking a pause.<br /><br />🐱 Kaalo & our home<br />Kaalo, our senior indoor cat, is very much part of this home.<br />He’s calm, friendly, and mostly spends his day napping , but you will see him around.<br />If you enjoy the presence of cats, this will feel natural and comforting.<br />If you’re allergic to or uncomfortable around animals, this may not be the right stay.<br />Please note:<br />Kaalo is strictly an indoor cat<br />Letting him out of the main door or on the balcony is not permitted<br /><br />📍 Location - Hennur, Bangalore<br />We’re conveniently located close to:<br />Manyata Tech Park — 3 km<br />Kammanahalli — 10 minutes<br />Kempegowda International Airport — approx. 33 km<br />The neighbourhood is residential and quiet, offering a break from the city’s constant rush.<br /><br />🚶 Accessibility note<br />The penthouse is located on the second floor and does not have elevator access.<br />Please keep this in mind if stairs are a concern.<br />🐾 Pet-friendly home (ground floor)<br />A friendly family dog lives on the ground floor. She may bark briefly at first but is gentle and well-socialised.<br /><br /><br />Kitchen<br /><br />The kitchen on the second floor is for personal use and is not shared with guests.<br />If guests need to cook, make tea, or boil water, a basic kitchenette is available on the first-floor balcony. Pots and pans are stored inside the house on the first floor. An electric kettle is also provided for your convenience.<br />Guests may use the refrigerator on the first floor and are welcome to sit and enjoy their meals on the first-floor balcony.<br />Please wash, clean, and return all utensils and items after use, and leave the space as you found it. Kindly dispose of all trash in the bin provided next to the refrigerator.<br /><br /><br />🧘 House guidelines (to keep MeowHaus calm & comfortable)<br />These aren’t rules for control , they’re simple habits that help everyone enjoy the space.<br /><br />Toilet & Trash<br />Please do not flush sanitary waste, toilet paper, or trash. Use the dustbin provided.<br /><br />Energy Use<br />Turn off AC, lights, and fans when not in use.<br />Water Usage<br />Please be mindful and avoid unnecessary water usage.<br /><br />Noise<br />Keep noise levels low and be considerate of others in the home.<br /><br />Care for the Space<br />Accidents happen,  just let us know. Replacement costs will apply only if needed.<br /><br />Kaalo’s Safety<br />Please ensure Kaalo does not exit through the main door.<br /><br />Visitors<br />Visitors are not allowed inside the house. You’re welcome to meet them on the first-floor balcony before 9:00 PM.<br /><br />No Smoking Indoors<br />Smoking inside the house is strictly prohibited.<br />A ₹5,000 fine applies for violations.<br /><br />Food in the Bedroom<br />Light snacks and drinks are fine. Please avoid eating full meals in the bedroom to prevent odours and stains.<br /><br />Food Storage<br />Kindly avoid storing strong-smelling items (like jackfruit) in the fridge.<br />Thank you for helping us keep MeowHaus clean, calm, and welcoming.<br /><br />With warmth,<br />Team MeowHaus 🐾<br /><br /><b>Guest access</b><br />You’ll have access to:<br />Common living space<br />Dining area<br />First-floor balcony<br /><br />We’ve also added a compact guest kitchenette on the first-floor balcony with:<br /><br />Stove<br />Fridge <br />Basic utensils<br />Electric kettle<br />Suitable for light cooking.<br /><br /><br />🏋️ Optional gym access<br />Guests may access a nearby gym (approx. 1 km away) at a special rate of ₹250/day.<br />Payment is made directly at the gym<br />Subject to gym timings and rules<br />Please inform us in advance if interested<br /><br /><b>During your stay</b><br />🤝 <br />Before booking: All communication via the Airbnb app<br />After booking: We’re available via call/text if needed<br />During your stay: Feel free to say hello or ask for help, we enjoy hosting respectful, like-minded guests<br /><br />We also have board games like Catan, uno, project L, chess scrabble etc. if you’d like a relaxed evening in.<br /><br /><b>Other things to note</b><br />PLEASE NOTE:<br />If you’re allergic to cats or not comfortable around animals, this may not be the right stay for you. Our indoor cat is a part of our home, and you'll likely see him multiple times during your stay. He’s very friendly and spends most of the day sleeping, but his presence is non-negotiable. We appreciate your understanding!<br /><br />A NOTE ON AMENETIES:<br />The price you pay is inclusive of a weekly room service, access to drinking water, waste disposal, outdoor parking on our lane and access to laundry services once a week. If you need to use the washing machine, this would incur additional cost of Rs 300 per load.<br /><br />Discover a side of the city that blends nature with history, perfect for travelers seeking a relaxed and authentic experience.<br /><br />🌿 Nature & Green Spaces<br /><br />Hebbal Lake (9 km) – A serene lake ideal for birdwatching and peaceful walks.<br /><br />Cubbon Park (14 km) – Bangalore’s green heart, perfect for morning strolls and picnics.<br /><br />Lalbagh Botanical Garden (17 km) – Home to rare plants, century-old trees, and iconic glasshouse.<br /><br />Avalahalli Forest (25 km) – A hidden gem for short hikes and nature walks.<br /><br />🎭 Culture & Heritage<br /><br />Bangalore Palace (11 km) – A glimpse into the city's royal past with beautiful architecture.<br /><br />Art Galleries & Museums – Explore contemporary and traditional art at NGMA (12 km) or Karnataka Chitrakala Parishath (14 km).<br /><br />Russell Market & Shivajinagar (8 km) – A historic marketplace buzzing with old Bangalore charm and street food.<br /><br />Basavanagudi (16 km) – Visit Bull Temple and walk through Gandhi Bazaar for an old-world experience.<br /><br />🍛 Local Food & Café Culture<br /><br />South Indian Breakfast Spots – Savor crispy dosas and filter coffee at old-school cafés.<br /><br />Kammanahalli & Frazer Town – Experience Bangalore’s diverse culinary scene, from traditional Karnataka meals to global flavors.<br /><br />Indiranagar & Ulsoor – Quaint cafés and heritage homes turned into art spaces.<br /><br />📍 Whether you're here to unwind in nature, soak in Bangalore’s history, or explore its café culture, Hennur is the perfect base for a slow, meaningful stay.",Private room in house,private_room,https://a0.muscache.com/im/pictures/hosting/Hosting-17387110/original/a01a5fc2-10d3-4b90-a5c4-c747e1332fd5.jpeg,58,"https://a0.muscache.com/im/pictures/hosting/Hosting-17387110/original/a01a5fc2-10d3-4b90-a5c4-c747e1332fd5.jpeg,https://a0.muscache.com/im/pictures/hosting/Hosting-17387110/original/ea424a2b-4bd7-4dfc-aa5e-e22dfdfb2364.jpeg,https://a0.muscache.com/im/pictures/hosting/Hosting-17387110/original/7cc4f713-356f-4fc7-81d9-75d80c5457be.jpeg,https://a0.muscache.com/im/pictures/hosting/Hosting-17387110/original/2ad47671-d55e-48b3-9fcc-2bc4d6d5bfc8.jpeg,https://a0.muscache.com/im/pictures/hosting/Hosting-17387110/original/42f45e1d-d2e1-4d88-8e0e-6f6b5c512cd4.jpeg,https://a0.muscache.com/im/pictures/hosting/Hosting-17387110/original/6dc17bd2-964c-4581-90b8-18564d9c2694.jpeg,https://a0.muscache.com/im/pictures/hosting/Hosting-17387110/original/a5e7a68d-6c39-4079-a1d9-ee78cbdd0e9b.jpeg,https://a0.muscache.com/im/pictures/hosting/Hosting-17387110/original/2f6ad3c3-bd60-441b-bd64-57ff9c982d17.jpeg,https://a0.muscache.com/im/pictures/hosting/Hosting-17387110/original/4aec1b7f-133a-4638-b095-a6276cdd90ac.jpeg,https://a0.muscache.com/im/pictures/hosting/Hosting-17387110/original/93ad2a66-1c4f-4fc4-bf09-63f79e9a2002.jpeg,https://a0.muscache.com/im/pictures/hosting/Hosting-17387110/original/efe45850-38bd-4bd3-ba40-7bc13f6aa984.jpeg,https://a0.muscache.com/im/pictures/hosting/Hosting-17387110/original/edb9949a-14ec-4079-a2ab-72c6841e7058.jpeg,https://a0.muscache.com/im/pictures/hosting/Hosting-17387110/original/1b9cc270-4c29-4989-8e15-94371479fc8b.jpeg,https://a0.muscache.com/im/pictures/hosting/Hosting-17387110/original/8d19958b-7076-4f92-8b9c-d5ed83cb5d53.jpeg,https://a0.muscache.com/im/pictures/hosting/Hosting-17387110/original/c10528a5-4c5b-484a-baee-b53a20d2672e.jpeg,https://a0.muscache.com/im/pictures/hosting/Hosting-17387110/original/94cae112-cecc-49d4-864f-097f05cb22a7.jpeg,https://a0.muscache.com/im/pictures/hosting/Hosting-17387110/original/2db4e936-6982-4515-b53a-dd94e8915536.jpeg,https://a0.muscache.com/im/pictures/hosting/Hosting-17387110/original/109be852-0a0b-4496-a16b-4f5dde814cdc.jpeg,https://a0.muscache.com/im/pictures/hosting/Hosting-17387110/original/3ba9a315-58ce-46ce-9c6e-989cb10a7ef0.jpeg,https://a0.muscache.com/im/pictures/hosting/Hosting-17387110/original/21e87e4c-1693-4f3f-9cb6-4793351d8074.jpeg,https://a0.muscache.com/im/pictures/hosting/Hosting-17387110/original/309883db-a791-4978-8960-b4d921256952.jpeg,https://a0.muscache.com/im/pictures/hosting/Hosting-17387110/original/27798ea5-c51a-438d-baf5-889a8311ea01.jpeg,https://a0.muscache.com/im/pictures/hosting/Hosting-17387110/original/b38b5290-39fb-4803-abdc-47772c7ece21.jpeg,https://a0.muscache.com/im/pictures/hosting/Hosting-17387110/original/4efd2c6f-18dc-43c6-8942-cd0990ea9167.jpeg,https://a0.muscache.com/im/pictures/hosting/Hosting-17387110/original/d91ccafd-538e-4741-8e10-1b6c895b907a.jpeg,https://a0.muscache.com/im/pictures/hosting/Hosting-17387110/original/c3db8f5b-8460-4fce-8d55-8b9017c0fe12.jpeg,https://a0.muscache.com/im/pictures/hosting/Hosting-17387110/original/9ae9ec77-87ae-4fb6-8c06-aac004209df7.jpeg,https://a0.muscache.com/im/pictures/hosting/Hosting-17387110/original/b03bb6cf-1c91-4f7f-9814-5e36d3b4915b.jpeg,https://a0.muscache.com/im/pictures/hosting/Hosting-17387110/original/9095e852-39e4-4335-86b5-0bf79001eb6c.jpeg,https://a0.muscache.com/im/pictures/hosting/Hosting-17387110/original/01b85bef-f8e3-464c-b2fb-a0d38d3d0545.jpeg,https://a0.muscache.com/im/pictures/hosting/Hosting-17387110/original/bfecdcfb-c978-48b0-a1c3-ef7693838ad3.jpeg,https://a0.muscache.com/im/pictures/hosting/Hosting-17387110/original/2f323f2f-f344-475b-94e3-dfe826e2e071.jpeg,https://a0.muscache.com/im/pictures/hosting/Hosting-17387110/original/a5e03c71-aca4-49a7-b732-f8b246c22b35.jpeg,https://a0.muscache.com/im/pictures/hosting/Hosting-17387110/original/1b59fb01-39b0-44ae-9705-fcef15330bd0.jpeg,https://a0.muscache.com/im/pictures/hosting/Hosting-17387110/original/b895e2cb-98ba-4f0d-a833-e2398e7f8f68.jpeg,https://a0.muscache.com/im/pictures/hosting/Hosting-17387110/original/875bebd5-aa6a-4a17-a5ae-ce551d92f697.jpeg,https://a0.muscache.com/im/pictures/hosting/Hosting-17387110/original/263495cd-8972-40c7-a9d6-ff1729d1b012.jpeg,https://a0.muscache.com/im/pictures/hosting/Hosting-17387110/original/79603b4a-e6d9-46b8-a935-092f139fbb96.jpeg,https://a0.muscache.com/im/pictures/hosting/Hosting-17387110/original/5a05d8ed-8f60-46b5-8113-990394457625.jpeg,https://a0.muscache.com/im/pictures/hosting/Hosting-17387110/original/30b0b477-7cfc-42c3-b30c-f7ff1312a3f3.jpeg,https://a0.muscache.com/im/pictures/hosting/Hosting-17387110/original/5b8a307f-af2b-4371-8511-f772f955f4a2.jpeg,https://a0.muscache.com/im/pictures/hosting/Hosting-17387110/original/4da7dda4-e91d-443e-895b-195227e65326.jpeg,https://a0.muscache.com/im/pictures/hosting/Hosting-17387110/original/dc21b374-f195-4249-ad75-d59958702018.jpeg,https://a0.muscache.com/im/pictures/hosting/Hosting-17387110/original/162380e6-58a7-4dfa-84e0-21364f86a4d1.png,https://a0.muscache.com/im/pictures/hosting/Hosting-17387110/original/a0fd2a48-b53b-4d2b-9b64-bfb9227d88e4.jpeg,https://a0.muscache.com/im/pictures/hosting/Hosting-17387110/original/c264a321-cfc8-4583-a8e0-2047f5fcdbfd.jpeg,https://a0.muscache.com/im/pictures/hosting/Hosting-17387110/original/675f22ce-32c8-4028-a876-7c290022b08a.jpeg,https://a0.muscache.com/im/pictures/hosting/Hosting-17387110/original/48c7d569-8a5f-4dec-9858-316f8aea4b87.jpeg,https://a0.muscache.com/im/pictures/hosting/Hosting-17387110/original/803204cf-6aa2-4d80-913f-d61b5e8fbe0f.jpeg,https://a0.muscache.com/im/pictures/hosting/Hosting-17387110/original/cb3156dd-ab89-4f73-8c47-71cbda398ec8.jpeg,https://a0.muscache.com/im/pictures/hosting/Hosting-17387110/original/1a30e0ff-f7e1-46d1-989e-5474906a3c52.jpeg,https://a0.muscache.com/im/pictures/hosting/Hosting-17387110/original/fdec7cb7-88b5-46a8-b9fc-9cc6cdf39c25.jpeg,https://a0.muscache.com/im/pictures/hosting/Hosting-17387110/original/f81ffcbc-5cb1-48a3-9188-51562f960bf9.jpeg,https://a0.muscache.com/im/pictures/hosting/Hosting-17387110/original/3d46aa89-7c4e-4edd-b0bd-5e9a82d98571.jpeg,https://a0.muscache.com/im/pictures/hosting/Hosting-17387110/original/d29f1300-5abb-41b7-983e-2313e4045118.jpeg,https://a0.muscache.com/im/pictures/hosting/Hosting-17387110/original/912bc745-eaa8-4b18-a1e6-9c2974803e2a.jpeg,https://a0.muscache.com/im/pictures/hosting/Hosting-17387110/original/16d70541-6c2c-430c-a684-12d12991d0d0.jpeg,https://a0.muscache.com/im/pictures/hosting/Hosting-17387110/original/f85fb726-8e5a-4355-9c8c-ab6cb0aa5e3d.jpeg",101698390,Reemu,"24305574,701189880","Gerald,Daniel",true,13.037300,77.633100,,,1,0.0,false,"Hair dryer,Cleaning products,Body soap,Bidet,Hot water,Shower gel,Washer,Essentials,Hangers,Bed linens,Extra pillows and blankets,Room-darkening shades,Iron,Drying rack for clothing,Clothing storage,Ethernet connection,Sound system,Books and reading material,Window guards,Board games,Air conditioning,Ceiling fan,Lock on bedroom door,First aid kit,Wifi,Dedicated workspace,Refrigerator,Microwave,Cooking basics,Dishes and silverware,Freezer,Stove,Hot water kettle,Wine glasses,Toaster,Dining table,Coffee,Laundromat nearby,Patio or balcony,Backyard,Outdoor furniture,Bikes,Free parking on premises,Free street parking,Gym,Luggage dropoff allowed,Long term stays allowed,Cleaning before checkout,Host greets you",,false,2,Moderate,1:00 PM,10:00 AM,true,true,INR,0,7,true,131,4.92,4.9,4.9,4.9,4.9,4.8,4.9,2129.0,182173.0,21.7,1860.0,0.252,0.252,5.8,499.1,5.8,499.1,1.5,4.2,92,0,273,365,803.0,68710.0,27.3,2333.1,0.333,0.333,8.9,763.4,8.9,763.4,2.0,3.3,30,0,60,90
17429607,Luxurious Corporate Stay inside Manyata Tech Park,"-------------------------------- PLEASE NOTE ----------------------------------------------<br /><br />- If the calendar is booked, please click on my profile to find more listings of the same rooms.<br /><br /><b>The space</b><br />•	Welcome to our property located within Manyata Embassy Business Park, adjacent to the Alcatel Lucent office.<br /><br />•	Our property offers a unique combination of contemporary style, convenience, comfort, and value, making it the perfect choice for families or individuals traveling for business or pleasure.<br /><br />•	Enjoy a complimentary breakfast and home-cooked dinners on request, along with free Wi-Fi , guest Parking<br /><br />•	The best part about our property is its unbeatable location, making it a walk-to-work property for those working within Manyata. <br /><br />•	Our 24x7 front office has a dedicated and helpful staff, <br /><br />•	The property is designed with a blend of modern and traditional elements, creating a tranquil atmosphere that will make your stay even more enjoyable.<br /><br />Room amenities:<br />•	Contemporary, luxurious, and spacious setting<br />•	Well-equipped, modern washroom<br />•	Comfortable queen-size bed<br />•	A/C, TV, mini bar, and work table<br />•	On-demand housekeeping and change of linens<br /><br />We look forward to welcoming you to our property and providing you with an exceptional stay.<br /><br /><b>Guest access</b><br />The guest will have access to laundry room, library, dining area, can use the office for taking printouts<br /><br /><b>Other things to note</b><br />The room can accommodate only 2 Adults,  extra beds are subject to availability",Room in boutique hotel,private_room,https://a0.muscache.com/im/pictures/0bacc9a2-4c3a-47bd-9b0e-9be8c2f6d8cf.jpg,21,"https://a0.muscache.com/im/pictures/0bacc9a2-4c3a-47bd-9b0e-9be8c2f6d8cf.jpg,https://a0.muscache.com/im/pictures/8a733c1c-4908-4f4c-955e-ba4fe9f23ebd.jpg,https://a0.muscache.com/im/pictures/9ef08987-993e-4973-a65e-90c0d842df94.jpg,https://a0.muscache.com/im/pictures/72e7c8e5-6a72-48cc-be31-b42b64c9bc89.jpg,https://a0.muscache.com/im/pictures/b1e5363a-e813-44b9-aff7-4c524ec8e5ab.jpg,https://a0.muscache.com/im/pictures/eebd4e6d-69bd-4bf7-9528-045063c765c8.jpg,https://a0.muscache.com/im/pictures/8d479c2f-ea78-48c7-8921-25490a0ff7ab.jpg,https://a0.muscache.com/im/pictures/652214ad-7097-4a82-8aa2-2ee8ee1060fb.jpg,https://a0.muscache.com/im/pictures/d76bd660-dcf6-458b-adaa-2cf611aa4394.jpg,https://a0.muscache.com/im/pictures/adaa6ffa-c0a5-4052-88e5-f1a9f9d4380a.jpg,https://a0.muscache.com/im/pictures/a9b36f48-ccb9-49e3-91da-57ce476fcb5b.jpg,https://a0.muscache.com/im/pictures/582b7bff-b40e-417e-a755-3420ac8f2d7a.jpg,https://a0.muscache.com/im/pictures/hosting/Hosting-17429607/original/184a39f0-cfb4-418d-8a77-cb595d4fca27.jpeg,https://a0.muscache.com/im/pictures/hosting/Hosting-17429607/original/518b91b4-2cca-4c0b-b283-ec0b6a502567.jpeg,https://a0.muscache.com/im/pictures/hosting/Hosting-17429607/original/5ae58106-2e78-46df-880b-9f39c052122f.jpeg,https://a0.muscache.com/im/pictures/hosting/Hosting-17429607/original/16aec14e-59a1-4a6e-9293-810dd5e4f84e.jpeg,https://a0.muscache.com/im/pictures/hosting/Hosting-17429607/original/4f8c43f0-4908-4f2b-b0a1-4b21ccb1c638.jpeg,https://a0.muscache.com/im/pictures/hosting/Hosting-17429607/original/e4195913-f1c6-429c-9565-c7ec0ddb6926.jpeg,https://a0.muscache.com/im/pictures/hosting/Hosting-17429607/original/3d877294-487b-434e-9d0a-11675f900cc7.jpeg,https://a0.muscache.com/im/pictures/hosting/Hosting-17429607/original/4a5dd9a2-1ba8-4663-890d-458a14f3ae40.jpeg,https://a0.muscache.com/im/pictures/hosting/Hosting-17429607/original/8ab15580-56cd-422c-a8b3-34cc2a7f43d0.jpeg",117909135,Dinesh,,,true,13.052500,77.621100,2,1,1,1.0,false,"Hair dryer,Shampoo,Body soap,Hot water,Shower gel,Essentials,Hangers,Bed linens,Extra pillows and blankets,Room-darkening shades,Iron,Clothing storage,Ethernet connection,TV,Air conditioning,Ceiling fan,Portable fans,Smoke alarm,Fire extinguisher,First aid kit,Wifi,Dedicated workspace,Microwave,Dishes and silverware,Hot water kettle,Coffee maker,Dining table,Private entrance,Laundromat nearby,Patio or balcony,Outdoor furniture,Outdoor dining area,Free parking on premises,Free street parking,Elevator,EV charger,Luggage dropoff allowed,Breakfast,Long term stays allowed,Self check-in,Smart lock,Cleaning before checkout",,false,1,Flexible,2:00 PM,12:00 PM,false,true,INR,0,0,true,54,4.72,4.5,4.8,4.7,4.6,4.6,4.6,6005.0,513819.0,30.7,2627.9,0.559,0.662,16.5,1407.7,19.5,1668.2,1.0,3.5,204,57,161,365,496.0,42442.0,33.9,2904.5,0.167,0.319,5.5,471.6,10.6,903.0,1.0,2.1,15,43,75,90
17546275,Independant furnished 1 bed flat AC room,"Forget generic hotel rooms and make yourself at home in our spacious and airy 1BHK, perfectly tucked away yet just moments from public transport and the buzz of the city center. Ideal for couples, business travelers, or small families, this 2nd-floor apartment has everything for a comfortable stay: a quiet, air-conditioned bedroom, a fully equipped kitchen for your own meals, and a friendly caretaker on site. The space is perfect for two but can accommodate an extra guest.<br /><br /><b>The space</b><br />Enjoy a fully furnished independent 1 BHK apartment with furniture. The apartment is on the 2nd floor and has 1 bedroom with split ac for a comfortable stay. The place is spacious and airy also you will be able enjoy morning sunlight in there. The house is very neat and tidy, it is an ideal getaway for anybody visiting Bengaluru. It can accommodate 2 guests. Additional guest charges are Rs300 (Rs500 for extra mattresses).  The apartment is equipped with  kitchen with utensils, the guests are free to cook whatever they like. The place has a coffee table,wardrobe and enough plug points to charge your electronics. There is also a caretaker available in the property.<br /><br /><b>Guest access</b><br />The guests will have access to the building at any time Since this is an independent property. Kitchen placed inside and will be accessible all time and guests are free to enter there and whenever they like. There is also a washing machine available in the property. The guests will also have access to terrace for drying cloth. There is an elevator provided. If you wish to go for jogging or morning walk, there is a beautiful lake park just 0.75km from the flat.<br /><br /><b>Other things to note</b><br />The washing machine is placed at a common place and elevator available in the building to access higher floor. Guest can cook themselves or take the service of the cook<br />www.lovedalehomestay.com..",Entire rental unit,entire_home,https://a0.muscache.com/im/pictures/miso/Hosting-17546275/original/a29c9196-69e2-4ce7-8e98-dd179a2d15f9.jpeg,28,"https://a0.muscache.com/im/pictures/miso/Hosting-17546275/original/a29c9196-69e2-4ce7-8e98-dd179a2d15f9.jpeg,https://a0.muscache.com/im/pictures/4af8a3b5-f16c-4767-a4a2-5b37947d7d61.jpg,https://a0.muscache.com/im/pictures/585931b4-c6e2-4be5-b363-f2b3241837ee.jpg,https://a0.muscache.com/im/pictures/87decba1-d64f-4faf-b5a4-b161ddd501fd.jpg,https://a0.muscache.com/im/pictures/dd5c34d2-02e5-49f4-8af2-07cc109e67d8.jpg,https://a0.muscache.com/im/pictures/11d51f41-21b4-4eb9-82b6-4318d6723a1d.jpg,https://a0.muscache.com/im/pictures/3df2cb62-d381-4425-a8f3-546313348398.jpg,https://a0.muscache.com/im/pictures/f7c7b0a7-0a21-4a29-a35d-5ee630660250.jpg,https://a0.muscache.com/im/pictures/0ca874bd-769d-4725-b478-b8fab76ee391.jpg,https://a0.muscache.com/im/pictures/897b43a9-78f4-4531-bb70-849a10d70696.jpg,https://a0.muscache.com/im/pictures/3f656265-65be-4212-ad00-f8a0b3deee7f.jpg,https://a0.muscache.com/im/pictures/1e7ba8a9-3f88-4a3c-a888-68ad80a19688.jpg,https://a0.muscache.com/im/pictures/e8bcd231-afd6-476b-bf57-ba9b9ea7d669.jpg,https://a0.muscache.com/im/pictures/0d77ec7f-1ae2-4362-9601-5eeae1a47996.jpg,https://a0.muscache.com/im/pictures/ba5a06ba-71a0-40fe-a77f-629124a3f551.jpg,https://a0.muscache.com/im/pictures/13d01ed5-f600-4373-8262-0fd744a8e483.jpg,https://a0.muscache.com/im/pictures/193646db-8229-47e9-971f-91ee336951d8.jpg,https://a0.muscache.com/im/pictures/4d7f0a88-f00b-429f-a0a0-ca1ce41be7d5.jpg,https://a0.muscache.com/im/pictures/05f94f3a-6d6c-4c9c-a464-d3a03d1ac3ca.jpg,https://a0.muscache.com/im/pictures/472a34d6-bf82-43da-96cc-ef95f5c6eff5.jpg,https://a0.muscache.com/im/pictures/c2d54e0f-1972-41d9-a613-83740f73d8dc.jpg,https://a0.muscache.com/im/pictures/89fb2e98-545c-4ac3-b2a8-89686b7f0c74.jpg,https://a0.muscache.com/im/pictures/e362fce6-83ab-4363-9101-982ae0b16ccd.jpg,https://a0.muscache.com/im/pictures/a32a1d73-a098-433b-a753-ab62e163d2da.jpg,https://a0.muscache.com/im/pictures/b821911f-a19b-40f0-b61f-0499c47163be.jpg,https://a0.muscache.com/im/pictures/c3765230-3fcc-450a-9cf0-73dcdd69ed5d.jpg,https://a0.muscache.com/im/pictures/miso/Hosting-17546275/original/eadaf7e1-e0cf-4a0c-af30-e72281151998.jpeg,https://a0.muscache.com/im/pictures/hosting/Hosting-17546275/original/3e0bf34e-eee6-4ea9-bfd5-5cf623a1e94c.jpeg",30540378,Dev,,,false,12.955700,77.707200,2,1,1,1.0,false,"Shampoo,Hot water,Washer,Dryer,Essentials,Hangers,Iron,TV,Air conditioning,Fire extinguisher,Wifi,Dedicated workspace,Kitchen,Private entrance,Free parking on premises,Elevator,Pets allowed,Smoking allowed,Long term stays allowed,Self check-in,Building staff",,false,1,Firm,12:00 PM,11:00 AM,false,true,INR,6,0,true,46,4.48,4.4,4.8,4.4,4.7,4.6,4.4,1966.0,168220.0,24.5,2097.4,0.214,0.214,5.2,445.4,5.2,445.4,1.3,4.3,78,0,287,365,249.0,21305.0,26.3,2254.2,0.1,0.1,2.6,225.3,2.6,225.3,1.3,3.0,9,0,81,90
18054124,"Penthouse with 2 bed, 2 bath, kitchen and living","This is a home with  2 bedrooms, 2 bathrooms, a living room, kitchen, and laundry. The house is located in an area called Chandra Layout in Bangalore, 10-min. walk to Attiguppe metro train station. One of the pictures has our exact address. Pls make sure the location works for you before making the reservation.  <br />*** Please DO NOT ask us to share our phone number before booking. We will not negotiate or work with you directly. If you have questions please message me through the Airbnb app. ***<br /><br /><b>The space</b><br />This newly painted home is on the 4th floor approximately 1,000 sqft with great views all around. It is a completely private home, which means that once you get on the 4th floor, the guests will not be sharing the space with anyone. The elevator goes only up to the 3rd floor. You will need to take the stairs to go up to the 4th floor.  The full space including the terrace is yours to enjoy. It is perfect for small families, people traveling for work, couples, or tourists.<br /><br />Please note that there is a limit of 4 guests in our home. In certain cases, we may permit up to 2 additional guests, but you will need prior permission from us. There will be an additional charge of Rs. 300 per night, per guest. We can provide sleeping bags for the additional guests.<br /><br /><b>Guest access</b><br />The guests have full access to the home which includes a fully equipped kitchen and a laundry room. It also has a great open terrace which is great to spend some quiet time.<br /><br /><b>Other things to note</b><br />***** PLEASE READ THESE BEFORE BOOKING OUR PLACE *****<br /><br />1. This home is our home that we use for ourselves when we visit Bangalore. The home is also in a very family-friendly neighborhood. With this in mind, we like to rent it out to only small families, tourists, and people visiting Bangalore for business. If your stay may include any activities that are not family-friendly, ( excessive alcohol consumption, parties, etc.) please do not book this place. Any family unfriendly activities will not be tolerated and we reserve the right to cancel the booking at any time, even during the middle of your stay.<br /><br />2. We are renting out this place up to a maximum of 4 guests, including children. Under no circumstances we will not allow additional guests to stay overnight. <br /><br />3. All guests will be required to provide a government-issued ID.<br /><br />4. The primary renter of the house should be 25 years or older.<br /><br />5. We will not entertain any bookings outside of Airbnb. Please do not ask.<br /><br />6. We work extra hard to keep the house clean to provide you with a pleasant experience. We expect you to leave the house in the condition that it was given to you. If the place is left without cleaning, we reserve the right to make a claim against your deposit with Airbnb.<br /><br /><br />OTHER AMENITIES IN THE HOUSE <br /><br />1. The kitchen has a 3-burner gas range, knife set, cooking pans, plates, serving bowls, wine, and other beverage glasses. There are grocery stores within walking distance. Guests are free to use all of the above kitchen equipment to cook for themselves.<br /><br />2. There are several board games available in the kid's rooms for guests to enjoy.<br /><br />3. For entertainment, we have a 50” HD TV with streaming apps. <br /><br />4.	High-speed wireless internet.<br /><br />5.	We have a very handy building caretaker who is available to help our guests. He can run small errands such as getting groceries, picking up food, etc. Please work with him directly when using his services. <br /><br />6.	3 air conditioning units cool every living space of the house.<br /><br />7.	The house has a UPS (uninterrupted power supply equipment) and a fully backed-up generator, so you will never be without power.",Entire home,entire_home,https://a0.muscache.com/im/pictures/hosting/Hosting-18054124/original/fb6b64ca-604f-4568-b367-a03268692a77.jpeg,36,"https://a0.muscache.com/im/pictures/hosting/Hosting-18054124/original/fb6b64ca-604f-4568-b367-a03268692a77.jpeg,https://a0.muscache.com/im/pictures/68b85003-8b46-48cf-b1af-57f1f26a65c8.jpg,https://a0.muscache.com/im/pictures/e80f46a1-f45d-4095-a564-da10e3d51293.jpg,https://a0.muscache.com/im/pictures/520b3391-3ed6-4c39-9da9-a531621d39f8.jpg,https://a0.muscache.com/im/pictures/2e44865f-b3b0-425a-afa7-408c9af09047.jpg,https://a0.muscache.com/im/pictures/055a5034-e3ae-459a-b509-6834d3215e34.jpg,https://a0.muscache.com/im/pictures/62bfa530-a3fe-4998-9be2-f2ed64a0d7f7.jpg,https://a0.muscache.com/im/pictures/858bd7a1-5276-4164-bae7-240b9e54f07c.jpg,https://a0.muscache.com/im/pictures/801cc0e1-3bc2-407a-ae71-3fc214eea932.jpg,https://a0.muscache.com/im/pictures/0681d34d-8963-4b86-89aa-007b7c66a868.jpg,https://a0.muscache.com/im/pictures/92476e01-92e9-4342-9947-1ec0c626e4e4.jpg,https://a0.muscache.com/im/pictures/c8060544-ba8b-4462-99dd-fde6c9a02f9f.jpg,https://a0.muscache.com/im/pictures/2a0acfeb-2f28-4929-a0de-483355733720.jpg,https://a0.muscache.com/im/pictures/9e8c29c6-fc54-4273-bfd7-1d6d28a2c23e.jpg,https://a0.muscache.com/im/pictures/135b468e-49ff-42d1-a5b4-302b778f98c0.jpg,https://a0.muscache.com/im/pictures/8712846e-8d7e-4fdb-aeaa-de670ae5a6db.jpg,https://a0.muscache.com/im/pictures/d00582d9-a974-4baa-9516-6b087f460eb7.jpg,https://a0.muscache.com/im/pictures/6802fd44-1a5f-47ea-8c58-f8179dab1db8.jpg,https://a0.muscache.com/im/pictures/02cedd81-3e6f-49dd-bae6-28e9e3642886.jpg,https://a0.muscache.com/im/pictures/74278495-d62c-42ad-ab93-766d7d94b79e.jpg,https://a0.muscache.com/im/pictures/f67b0d4e-6d85-4c02-950d-68fb68f2d5dd.jpg,https://a0.muscache.com/im/pictures/45fd0b4d-4e48-451b-936c-1b937e2f549c.jpg,https://a0.muscache.com/im/pictures/532945fe-698b-41ba-b4fd-a93bb64aa716.jpg,https://a0.muscache.com/im/pictures/e24395cb-4586-48f6-a8ca-015ac3db81f9.jpg,https://a0.muscache.com/im/pictures/010ca252-801e-4b58-989a-fcbb515f4de1.jpg,https://a0.muscache.com/im/pictures/c13470e4-839f-43ef-984e-81d1b4371f84.jpg,https://a0.muscache.com/im/pictures/37663bf3-84d4-4247-aeda-1bed7cea9647.jpg,https://a0.muscache.com/im/pictures/a3f23fe9-aa25-4453-b97c-b0238cf7096d.jpg,https://a0.muscache.com/im/pictures/hosting/Hosting-18054124/original/7aa4d3d1-e48a-4761-969b-11d249260bba.jpeg,https://a0.muscache.com/im/pictures/hosting/Hosting-18054124/original/3a51c2b9-716f-4054-b958-f5770376cfa6.jpeg,https://a0.muscache.com/im/pictures/hosting/Hosting-18054124/original/609f832b-f8bc-4afe-b698-d4827f4f5876.jpeg,https://a0.muscache.com/im/pictures/hosting/Hosting-18054124/original/0759904f-8122-46f1-9617-3346f0b561bf.jpeg,https://a0.muscache.com/im/pictures/hosting/Hosting-18054124/original/93c8a01d-ad86-4699-a082-60161d7d6f47.jpeg,https://a0.muscache.com/im/pictures/hosting/Hosting-18054124/original/518131af-4ef6-4b8e-b79d-3dc98bc417dc.jpeg,https://a0.muscache.com/im/pictures/hosting/Hosting-18054124/original/ed858291-b4e3-420c-b8fb-cb93a48e6bf2.jpeg,https://a0.muscache.com/im/pictures/hosting/Hosting-18054124/original/ec107ff4-f02e-45af-a646-4dd9e162377b.jpeg",74178578,Shiva,,,true,12.957700,77.527000,4,2,3,2.0,false,"Wifi,Hair dryer,Shampoo,Hot water,Washer,Dryer,Essentials,Hangers,Bed linens,Extra pillows and blankets,Room-darkening shades,Iron,Drying rack for clothing,Safe,Clothing storage,TV,Children’s books and toys,Air conditioning,Ceiling fan,Exterior security cameras on property,Fire extinguisher,First aid kit,Wifi,Dedicated workspace,Kitchen,Refrigerator,Microwave,Cooking basics,Dishes and silverware,Freezer,Stove,Oven,Hot water kettle,Coffee maker,Toaster,Blender,Rice maker,Dining table,Coffee,Private entrance,Patio or balcony,Backyard,Outdoor furniture,Free parking on premises,Free street parking,Elevator,Long term stays allowed,Self check-in,Building staff",false,false,3,Strict,3:00 PM,12:00 PM,true,true,INR,1,0,false,160,4.89,4.9,4.9,4.8,4.9,4.7,4.8,10815.0,925424.0,50.5,4317.3,0.586,0.59,29.6,2530.9,29.7,2544.9,3.0,10.7,214,2,151,365,2687.0,229925.0,51.0,4367.8,0.589,0.602,29.8,2548.0,30.5,2605.9,3.0,6.6,53,2,37,90
18337305,A Creative Den - No smoking Zone,"This guest room is attached to  ground floor design studio that is part of a residential building . May feel not so private  in daytime as in the next rooms presence of my staff ( mainly students) would be felt . Located  In a very accessible  green neighborhood, my small family lives on top . The studio is infested with creative energies , with books , models . The room has A small kitchenette and an attached toilet with geyser.   . The meeting room of the studio can be shared for dining etc :)<br /><br /><b>The space</b><br />The space is the guest unit of the design office . It's a cosy small room with chich finishes at the end of the studio. Its access is through my design studio where you will find design students working in the day. There is a confrence room that can be used too for work when no meeting is happening . There also a private clothes drying spaces that can be accessed from the toilet. If staying only for a day the weekend pricing shall apply<br /><br /><b>Guest access</b><br />Guest access is from the design studio . If an independent aceess is needed it can be provided with a separate key however its may feel.a little bit round about :). The host is a very accommodative and non judgemental person and is absolutely open to guest having visitors.<br /><br /><b>Other things to note</b><br />The house maid can be accessed for any missing information. If some utensils are need from main kitchen they can be asked for. The guest is expected not to leave the premises dirty.  Also once we have an event of toilet getting clogged as a sanitary pad was shoved down the wc.  Basic necessary care would be appreciated as this place is created with lot of love :)",Private room in guest suite,private_room,https://a0.muscache.com/im/pictures/f710cb99-0acc-4af1-9c1e-f0f8a1938605.jpg,7,"https://a0.muscache.com/im/pictures/f710cb99-0acc-4af1-9c1e-f0f8a1938605.jpg,https://a0.muscache.com/im/pictures/16711007-9467-4277-8d43-c7af482c3c41.jpg,https://a0.muscache.com/im/pictures/eee14699-5ab0-4cd7-a66c-148f4a85dcbe.jpg,https://a0.muscache.com/im/pictures/ae87bf5f-6b3f-47be-8708-1cf214766ad2.jpg,https://a0.muscache.com/im/pictures/02343f79-9fd7-4f0c-91f4-ba7145cbc577.jpg,https://a0.muscache.com/im/pictures/538554c7-f1cb-4d61-a6ad-571458105589.jpg,https://a0.muscache.com/im/pictures/9dd41569-0b45-46f6-ac34-961d194103cd.jpg",126848530,Meeta,,,false,13.032000,77.580200,2,1,2,1.0,false,"Shampoo,Washer,First aid kit,Wifi,Dedicated workspace,Kitchen,Stove,Free parking on premises,Free street parking,Pets allowed",,false,1,Moderate,8:00 AM,,false,true,INR,4,0,true,30,4.53,4.5,4.8,4.5,4.6,4.7,4.4,586.0,50143.0,20.5,1753.5,0.088,0.088,1.6,134.6,1.6,134.6,1.0,10.7,32,0,333,365,0.0,0.0,23.2,1987.1,0.0,0.0,0.0,0.0,0.0,0.0,1.0,0.0,0,0,90,90
18482526,Mass Residency Bangalore J. P. Nagar,"Mini Forest, Vega City Mall, Gopalan Cinema, Kaizen Fitness Gym, Pasta Street And Other Restaurants & Other Super Markets Around :)<br /><br /><b>The space</b><br />Common Living Area & Dining Area Which Has Fridge, Micro Wave & Toaster<br /><br /><b>Guest access</b><br />Common Living Area & Dining Area. Open From Morning 8am to 9:30pm<br /><br /><b>During your stay</b><br />List Of Places To Visit In Bangalore! :)<br /><br />If You Like Neighbourhood Tour! :)",Private room in bed and breakfast,private_room,https://a0.muscache.com/im/pictures/cac6e1d1-08a8-4a64-aa1b-664eab5faee1.jpg,10,"https://a0.muscache.com/im/pictures/cac6e1d1-08a8-4a64-aa1b-664eab5faee1.jpg,https://a0.muscache.com/im/pictures/11198e01-2115-43df-a1e0-cc2a6579786d.jpg,https://a0.muscache.com/im/pictures/ede4aa77-08b1-4f53-94bd-d488da967447.jpg,https://a0.muscache.com/im/pictures/a0df1019-f740-4c2a-8e7f-48ffdae48025.jpg,https://a0.muscache.com/im/pictures/6d2162b1-eba3-4a94-a8b2-3edad8d3faeb.jpg,https://a0.muscache.com/im/pictures/aa6bf3c1-2d4b-4555-ba38-a20bdacd5578.jpg,https://a0.muscache.com/im/pictures/hosting/Hosting-18482526/original/68183a79-c989-4645-be5e-8d5c9969c5f2.jpeg,https://a0.muscache.com/im/pictures/hosting/Hosting-18482526/original/aa319b3f-7f21-456d-8bd2-8e4ef6b5411c.jpeg,https://a0.muscache.com/im/pictures/hosting/Hosting-18482526/original/a42ca418-4054-4913-9151-fbd0bf2215ab.jpeg,https://a0.muscache.com/im/pictures/hosting/Hosting-18482526/original/a010036e-11b3-4ee6-8e01-760416562b29.jpeg",86322,Syed Shakir,,,false,12.909890,77.598270,,,1,0.0,false,"Hot water,Hangers,Bed linens,Room-darkening shades,Clothing storage,TV,Ceiling fan,Lock on bedroom door,Wifi,Dedicated workspace,Refrigerator,Dishes and silverware,Dining table,Luggage dropoff allowed,Smoking allowed,Long term stays allowed,Host greets you",,false,1,Flexible,8:00 AM,12:00 PM,true,false,INR,0,0,true,45,4.91,4.9,5.0,4.9,4.9,5.0,4.8,852.0,72900.0,13.4,1147.3,0.184,0.253,2.3,199.7,3.2,275.1,1.0,6.7,67,100,298,365,124.0,10611.0,14.0,1197.0,0.111,0.111,1.4,117.9,1.4,117.9,1.0,3.3,10,0,80,90
18607456,ZEN HAVEN - 2BHK @ RT NAGAR,"Independent, fully furnished, spic & span, vastu-complaint, spacious 1000 sqft house(2bhk) on 1st flr of standalone building in RT Nagar. Proximity to Manyata Tech Park, Orion Mall, IISC. <br />Classy marble flooring, tasteful interiors and a sense of calm makes it a Zen Haven for your stay! Owners non intrusive, yet helpful. Yum, home cooked meals an option at extras. Great for couples, families, work trips & students. Discounts for long term stays only.<br />Be assured of a pleasant stay when you book!<br /><br /><b>The space</b><br />Walk into a home away from home when you enter #25, Priyadarshini. That's what we call our home which means -\Delightful to Look at\"". You will see it right away why it is so as you enter. The space with a built area of 1000sq ft is spacious and has been done up with a lot of thought and more importantly oodles of love and a keen eye for detail. The house in itself exudes a lot of positivity and has a great calming effect on its dwellers. It remains cool even in sweltering summers because of the marble flooring and having another house about it. Great for all seasons!<br /><br />Space: <br />1 balcony",Entire condo,entire_home,https://a0.muscache.com/im/pictures/e3efd614-c5d8-4d83-b6ba-7884e9e78d07.jpg,46,"https://a0.muscache.com/im/pictures/e3efd614-c5d8-4d83-b6ba-7884e9e78d07.jpg,https://a0.muscache.com/im/pictures/2fac34d1-8b6d-481c-8f4a-78aa2c1b6f02.jpg,https://a0.muscache.com/im/pictures/6dff7a22-55d5-4e29-ac5f-91cc77176db8.jpg,https://a0.muscache.com/im/pictures/38dfc545-9fcb-40bc-9a80-d592aff4cdab.jpg,https://a0.muscache.com/im/pictures/b7b5077d-eee2-4370-a407-0094798f2253.jpg,https://a0.muscache.com/im/pictures/dfe2f0be-f9e8-4f41-a06d-596d21285cfc.jpg,https://a0.muscache.com/im/pictures/391d4d2e-df27-4184-8b77-5d6df24c0bcf.jpg,https://a0.muscache.com/im/pictures/85b8fe7f-91b3-43fc-b77d-c49829511a40.jpg,https://a0.muscache.com/im/pictures/1331903d-6f4a-406b-a9e6-6f9be90ed2ff.jpg,https://a0.muscache.com/im/pictures/10e5ad57-543a-4244-8730-b10117de3f38.jpg,https://a0.muscache.com/im/pictures/6b1a5266-d185-407e-b8bb-304521654c34.jpg,https://a0.muscache.com/im/pictures/d3106428-9adb-4400-a246-c85a8f4b1acd.jpg,https://a0.muscache.com/im/pictures/6d701cb3-053c-4992-b8a4-76bc792f3f30.jpg,https://a0.muscache.com/im/pictures/e683c64c-986f-478f-96c8-aeefd84e83f3.jpg,https://a0.muscache.com/im/pictures/8cdafde4-e83f-4458-af0f-761ee2dc8467.jpg,https://a0.muscache.com/im/pictures/8512855b-3615-4e25-aa11-a08e2b354277.jpg,https://a0.muscache.com/im/pictures/7c852949-69e1-42c6-8c1d-7cdde14dd48a.jpg,https://a0.muscache.com/im/pictures/baf69810-656f-4a1f-bb19-f446da8c5b56.jpg,https://a0.muscache.com/im/pictures/23a12d49-0099-4348-a2f8-6c4f96c1a993.jpg,https://a0.muscache.com/im/pictures/aa0ff0f3-a0e5-4618-bd1e-2b200767108a.jpg,https://a0.muscache.com/im/pictures/c5e41330-4991-477c-969f-db8175552c14.jpg,https://a0.muscache.com/im/pictures/1eb03016-e169-4f01-83c4-1609e6c8d9fc.jpg,https://a0.muscache.com/im/pictures/0e2352f3-d411-45ab-a3e8-8520ab0cf4cd.jpg,https://a0.muscache.com/im/pictures/a4a8bb9d-416b-46c8-982d-d512e70ebf02.jpg,https://a0.muscache.com/im/pictures/1afc70a5-236c-4e65-9850-7d6624a09cab.jpg,https://a0.muscache.com/im/pictures/b16c82cd-ebbf-4082-bd8c-5bb42093b09b.jpg,https://a0.muscache.com/im/pictures/b72fc687-cb13-4b61-acbb-9b19fd2f91ea.jpg,https://a0.muscache.com/im/pictures/d1f3dde8-cd59-445f-b5c2-722e00a443fb.jpg,https://a0.muscache.com/im/pictures/6d94504b-411e-4218-9d3c-ab346ad7cb2b.jpg,https://a0.muscache.com/im/pictures/1c2a49c0-857f-4056-a3bf-cfa22d145290.jpg,https://a0.muscache.com/im/pictures/827f0755-15c0-47d9-89ae-5edf2cc7bd5f.jpg,https://a0.muscache.com/im/pictures/eb5a47ae-e9b9-490a-8376-468cac1657af.jpg,https://a0.muscache.com/im/pictures/13698e71-8aaf-4f64-a2f2-db74257470a7.jpg,https://a0.muscache.com/im/pictures/1ef4f6d5-1f0f-4644-b4e1-a75142da5474.jpg,https://a0.muscache.com/im/pictures/1a358f83-efa9-4bea-8985-94f23282af53.jpg,https://a0.muscache.com/im/pictures/6b81a558-74cf-48b2-a327-0193e4188372.jpg,https://a0.muscache.com/im/pictures/96b33941-69e8-4e9d-90d2-73fbf6fb8262.jpg,https://a0.muscache.com/im/pictures/8ecc44d9-78ae-4ddb-9584-667b79cd7f59.jpg,https://a0.muscache.com/im/pictures/0d5056e9-5236-48c8-bd7f-f1dda61001a0.jpg,https://a0.muscache.com/im/pictures/3b9bd062-8ced-4fce-9192-a5ee6c1f32b5.jpg,https://a0.muscache.com/im/pictures/b9898c7a-f669-495a-b91b-90054c04fbf0.jpg,https://a0.muscache.com/im/pictures/a7f9ff60-df9c-466a-b600-5dd9c3c1f4a4.jpg,https://a0.muscache.com/im/pictures/3c20d15e-0310-43ff-bca7-f0a2f5a36b43.jpg,https://a0.muscache.com/im/pictures/c5bb47af-a582-4ee8-88cd-3383a2648a66.jpg,https://a0.muscache.com/im/pictures/f5cdc2b9-afe5-48d1-b1ed-84470cb19954.jpg,https://a0.muscache.com/im/pictures/0fda9615-9773-4ad2-9ce4-6a1753906197.jpg",130025459,Yashaswini,"33559334,130249212,159143921","Vishwas,Raj,Sheela",false,13.020800,77.599800,3,2,2,2.0,false,"Hair dryer,Shampoo,Hot water,Shower gel,Washer,Essentials,Hangers,Bed linens,Extra pillows and blankets,Iron,TV,Sound system,Children’s books and toys,Window guards,Ceiling fan,Fire extinguisher,First aid kit,Wifi,Dedicated workspace,Kitchen,Refrigerator,Microwave,Cooking basics,Dishes and silverware,Freezer,Stove,Rice maker,Private entrance,Patio or balcony,Outdoor furniture,Outdoor dining area,Free parking on premises,Free street parking,Single level home,Luggage dropoff allowed,Breakfast,Smoking allowed,Long term stays allowed,Self check-in,Building staff",,false,2,Flexible,2:00 PM,12:00 PM,true,true,INR,3,0,true,183,4.95,4.9,5.0,4.9,5.0,4.6,4.9,4236.0,362453.0,24.7,2112.4,0.468,0.528,11.4,979.6,12.9,1103.6,2.0,8.1,171,41,194,365,569.0,48686.0,27.0,2310.2,0.222,0.222,6.2,532.4,6.2,532.4,2.0,6.7,20,0,70,90
18628295,Green tree.  leisure home stay,"Green tree is located in central business district, very close to well know restaurants and easily accessible to all major landmarks . It is very homely and comfort stay with basic amenities .<br /><br /><b>Guest access</b><br />Guest will access to Wi-Fi Terrace lounge and with complete kitchen<br /><br /><b>Other things to note</b><br />Stay happy",Entire rental unit,entire_home,https://a0.muscache.com/im/pictures/eb832773-cc86-4ad8-8abc-dacf8cb1222b.jpg,21,"https://a0.muscache.com/im/pictures/eb832773-cc86-4ad8-8abc-dacf8cb1222b.jpg,https://a0.muscache.com/im/pictures/52192a3a-d31e-4ee1-88d2-b203e64ec788.jpg,https://a0.muscache.com/im/pictures/feaa1e50-1e72-4938-b513-090a77f957f0.jpg,https://a0.muscache.com/im/pictures/d7ade5cb-94e2-4ddf-8e10-9680a9dd5491.jpg,https://a0.muscache.com/im/pictures/47ce4637-b465-42e0-a66d-76f233981828.jpg,https://a0.muscache.com/im/pictures/55946888-a1f7-4de0-8595-d4f42c946131.jpg,https://a0.muscache.com/im/pictures/c245e56d-9888-42eb-b44a-99a8a982865b.jpg,https://a0.muscache.com/im/pictures/hosting/Hosting-18628295/original/3277e570-e708-4473-9e18-99697e6b7f1a.jpeg,https://a0.muscache.com/im/pictures/hosting/Hosting-18628295/original/54315fc7-5f5e-40ef-9f45-81c4e201d2ec.jpeg,https://a0.muscache.com/im/pictures/hosting/Hosting-18628295/original/9b11f9ee-c10e-4490-b983-c79e728086cf.jpeg,https://a0.muscache.com/im/pictures/hosting/Hosting-18628295/original/d83c2433-bcbc-4af8-a77b-be53a3a97836.jpeg,https://a0.muscache.com/im/pictures/hosting/Hosting-18628295/original/00c571a3-0407-4c0c-8313-508da09f5483.jpeg,https://a0.muscache.com/im/pictures/hosting/Hosting-18628295/original/ff328556-7c50-4e77-87dc-7c1f221ac07d.jpeg,https://a0.muscache.com/im/pictures/hosting/Hosting-18628295/original/13b76f0a-5722-43d1-aa81-857c0d05359e.jpeg,https://a0.muscache.com/im/pictures/hosting/Hosting-18628295/original/1607a9e7-05e5-4319-84f2-24d7bb738f26.jpeg,https://a0.muscache.com/im/pictures/hosting/Hosting-18628295/original/886d38ad-55a7-4406-88a1-59ae5c14bc26.jpeg,https://a0.muscache.com/im/pictures/hosting/Hosting-18628295/original/cfe38da0-85e8-4e24-98f7-09853d43123d.jpeg,https://a0.muscache.com/im/pictures/hosting/Hosting-18628295/original/3dcfc8eb-0bc1-4bba-b67e-3b11476463b3.jpeg,https://a0.muscache.com/im/pictures/hosting/Hosting-18628295/original/3e505e1d-14d6-46ac-b764-e72445973666.jpeg,https://a0.muscache.com/im/pictures/hosting/Hosting-18628295/original/45a95833-01b7-4723-b7b9-7037b1b767a5.jpeg,https://a0.muscache.com/im/pictures/hosting/Hosting-18628295/original/c6400aa2-a5cb-4540-9bdd-d63569b1e79b.jpeg",126143315,Green Woods,,,false,12.998230,77.616250,5,2,2,2.0,false,"Bathtub,Hair dryer,Cleaning products,Conditioner,Body soap,Bidet,Hot water,Washer,Essentials,Hangers,Bed linens,Extra pillows and blankets,Room-darkening shades,Iron,Drying rack for clothing,Safe,Clothing storage,Ethernet connection,TV,Crib,Window guards,Outlet covers,Air conditioning,Ceiling fan,Exterior security cameras on property,First aid kit,Wifi,Dedicated workspace,Kitchen,Refrigerator,Microwave,Cooking basics,Dishes and silverware,Stove,Oven,Hot water kettle,Dining table,Coffee,Private entrance,Free parking on premises,Free street parking,Elevator,Single level home,Luggage dropoff allowed,Long term stays allowed,Cleaning before checkout",,false,1,Flexible,12:00 PM,12:00 PM,false,false,INR,4,0,true,5,3.8,4.2,4.4,3.8,4.0,4.4,3.6,792.0,67771.0,43.6,3733.6,0.052,0.052,2.1,182.9,2.1,182.9,1.0,6.3,19,0,346,365,0.0,0.0,50.9,4356.4,0.0,0.0,0.0,0.0,0.0,0.0,1.0,0.0,0,0,90,90
18922644,Blue Paradies  5th Floor.,"Paradies Suites is an exquisite, five storey Serviced Apartment complex.<br /><br />Blue Paradies a well furnished, 450 sq ft apartment with bedroom,  full fledged kitchen and a seperate shower/toilet.  To get the best view  Blue Paradies can be reached by taking a few flight of stairs.  A perfect Hotel alternative for  business or pleasure.<br /><br /><b>The space</b><br />Designer high end apartments. Fully equipped with a kitchenette, air conditioned with 2 satellite TV's and high speed internet. Located at Heart of Malleswaram.<br /><br />Please note the lift doesn't serve this floor.<br /><br /><b>Guest access</b><br />guest can access the full apartment with kitchen.<br /><br /><b>Other things to note</b><br />Close proximity to World Trade Centre, Indian Institute Of Science, Orion mall, Sankey Tank.",Entire place,entire_home,https://a0.muscache.com/im/pictures/2410c868-4e70-42a4-ab0d-0ea5c1ab4e45.jpg,11,"https://a0.muscache.com/im/pictures/2410c868-4e70-42a4-ab0d-0ea5c1ab4e45.jpg,https://a0.muscache.com/im/pictures/ab4ee4be-3719-464a-aafa-c9583cad6aaa.jpg,https://a0.muscache.com/im/pictures/2e98a769-8728-4378-9a17-82f9a8057959.jpg,https://a0.muscache.com/im/pictures/c32e25f0-4df5-4614-9ddd-ab7b90ba2664.jpg,https://a0.muscache.com/im/pictures/34f61c0e-3ce5-4d33-b39a-614af2b37749.jpg,https://a0.muscache.com/im/pictures/b1013af6-8974-4191-bc6b-01885a0e7b1f.jpg,https://a0.muscache.com/im/pictures/ed1e4a78-274f-4e6e-b57b-bf2ef56afc94.jpg,https://a0.muscache.com/im/pictures/0014ec20-7c42-4451-8b7a-a4979d95863f.jpg,https://a0.muscache.com/im/pictures/ffe4341b-ce62-4f1c-b17f-cdd4874bcc36.jpg,https://a0.muscache.com/im/pictures/a23011e6-c12f-455d-b4f4-6c3ac1c21217.jpg,https://a0.muscache.com/im/pictures/3f3097d3-74d9-4778-a94b-7183fdba2135.jpg",131892726,Vijayamalini,,,true,13.007990,77.570000,2,1,1,1.0,false,"Hot water,Washer,Dryer,Essentials,Hangers,Bed linens,Extra pillows and blankets,Room-darkening shades,Iron,TV,Air conditioning,Wifi,Kitchen,Refrigerator,Microwave,Cooking basics,Dishes and silverware,Stove,Elevator,Luggage dropoff allowed,Long term stays allowed",,false,1,Strict,2:00 PM,11:00 AM,true,false,INR,0,0,true,153,4.87,4.9,4.9,4.9,4.9,4.9,4.8,6808.0,582552.0,33.9,2898.1,0.559,0.559,18.7,1596.0,18.7,1596.0,1.0,2.8,204,0,161,365,887.0,75900.0,36.7,3140.3,0.267,0.267,9.9,843.3,9.9,843.3,1.0,1.8,24,0,66,90
19049935,Unser haus 2-Luxury Room with not attach bathroom,"Our home is a three bedroom flat in one of town's renowned apartment complexes. Even though we live in one of the bedrooms, we assure you 100% privacy to our guests.<br /><br />Room is well decorated and with a king size bed. The view from the window is a children park. The room is traditional themed with a wooden bed and almirah.<br /><br />Aster CMI and Colombia Asia hospitals are just nearby: around 4.5 Kms both.<br /> Mall if Asia just 5 min away bye car.<br /><br /><b>The space</b><br />Our home is away from the screaming city traffic with lots of nice greenery and the surroundings have a rustic outlook. Yet it is not away from market,shops and other city amenities. We love to host nice people. Our motto is age old Indian traditional saying: \Adhiti devo bhava\"". Guests are like gods.<br /><br /><b>Guest access</b><br />We rent out one bedroom with a shared full toilet. While the kitchen is available for your own choice of cooking",Private room in rental unit,private_room,https://a0.muscache.com/im/pictures/c1c9a941-4ab7-4274-a012-2606d11eaa1b.jpg,9,"https://a0.muscache.com/im/pictures/c1c9a941-4ab7-4274-a012-2606d11eaa1b.jpg,https://a0.muscache.com/im/pictures/60df6ff0-dcb5-4078-9b3f-f4a07dbcfa54.jpg,https://a0.muscache.com/im/pictures/6d846c97-2d57-45f5-9998-47a4a381bc36.jpg,https://a0.muscache.com/im/pictures/f3a01dc4-e8b0-4245-9b5e-350952e6aba7.jpg,https://a0.muscache.com/im/pictures/107551b8-d4d4-4530-9c9d-f94b2edc4358.jpg,https://a0.muscache.com/im/pictures/f623012d-735a-4fcb-b5e5-48a22e19badb.jpg,https://a0.muscache.com/im/pictures/901cefdf-cd55-4bfa-8e65-ef0d64951872.jpg,https://a0.muscache.com/im/pictures/e36c5af5-63cf-4f08-9d71-db1173c311fd.jpg,https://a0.muscache.com/im/pictures/9c026c35-e625-4211-bd11-4a95239369fa.jpg",126264390,Jyoti,,,true,13.074550,77.567130,,,1,0.0,false,"Shampoo,Hot water,Essentials,Hangers,Lock on bedroom door,First aid kit,Wifi,Kitchen,Refrigerator,Microwave,Cooking basics,Dishes and silverware,Stove,Free parking on premises,Free street parking,Elevator,Host greets you",false,false,1,Moderate,1:00 PM,11:00 AM,false,false,INR,26,0,false,16,4.69,4.6,4.6,4.4,4.6,4.3,4.4,312.0,26696.0,19.3,1651.8,0.044,0.045,0.7,60.9,0.7,62.8,1.1,8.0,16,11,349,365,312.0,26696.0,18.3,1565.8,0.178,0.203,2.9,247.2,3.3,281.6,1.7,8.0,16,11,74,90
19098585,#01 Private and modern studio close to everything,"My place is a quiet, airy, spacious and well lit studio in a nice locality.  The airport is just 30 minutes away.  Manyata tech park is less than 5 KM from here. Supermarkets and restaurants are a within a 5 minute walk. There's ample greenery surrounding you. This is in a newly constructed building and the studio has been tastefully done up to give you a feeling of home. You will have the entire studio to yourself with complete privacy.<br /><br /><b>The space</b><br />My studio is located in a cul-de-sac. It's peaceful and independent. There are no stairs to climb as it is on the ground floor. There's a kitchen with a stove, essential pots and pans and assorted spices and ingredients if you choose to cook. I have ready to cook food packets, biscuits and a few sweets for emergencies. You will have a queen size bed and can also use the couch for an extra person.<br /><br /><b>Guest access</b><br />The entire studio is private and completely yours.<br /><br /><b>Other things to note</b><br />When you send me an enquiry, please write a little bit about yourself, your purpose of visit and who you are coming with. The better I know you, the more confident I will feel about hosting you.<br /><br />There is no AC but there is good ventilation and light. Even in summer, you can manage with the fan.<br /><br />This is NOT a serviced apartment.  Once you take the keys from me, you are responsible for the upkeep of the place as it suits you.  If your stay is longer than a week, I can arrange for someone to come in and clean the place once a week. If you want it cleaned more frequently, you will have to bear the cost. This is also dependent on the availability of the lady who comes to clean.<br /><br />Fresh sheets are provided every time a guest comes in.  I will provide a change of sheets once in a week for longer stays.",Entire rental unit,entire_home,https://a0.muscache.com/im/pictures/89fdc3a0-25f6-49e9-92b1-6ad21c3f5124.jpg,5,"https://a0.muscache.com/im/pictures/89fdc3a0-25f6-49e9-92b1-6ad21c3f5124.jpg,https://a0.muscache.com/im/pictures/fe6f8eb1-73ab-4f63-b93f-91f359d9a741.jpg,https://a0.muscache.com/im/pictures/a289ab56-c34c-47bd-b587-469c49d31719.jpg,https://a0.muscache.com/im/pictures/5c1374c1-ff3c-4a13-a582-ee1034be61f5.jpg,https://a0.muscache.com/im/pictures/4cfaed69-90e5-4934-a2f6-5a46a0643713.jpg",133414740,Praveen,,,true,13.057857,77.586979,2,,1,1.0,false,"Shampoo,Hot water,Shower gel,Washer,Essentials,Hangers,Bed linens,Iron,Drying rack for clothing,Clothing storage,Ceiling fan,Wifi,Dedicated workspace,Kitchen,Refrigerator,Microwave,Cooking basics,Dishes and silverware,Stove,Hot water kettle,Private entrance,Patio or balcony,Free street parking,Paid parking on premises,Single level home,Long term stays allowed,Self check-in,Lockbox",,false,2,Moderate,3:00 PM,12:00 PM,false,false,INR,4,0,true,200,4.79,4.8,5.0,4.7,4.9,4.7,4.7,3707.0,317180.0,25.3,2167.7,0.386,0.43,9.8,840.9,10.9,935.7,2.0,4.1,141,37,224,365,515.0,44064.0,26.7,2281.7,0.211,0.358,5.5,474.4,9.4,805.6,2.0,4.8,19,37,71,90
19406549,PrivateStudio/GWifi-Kitchen-Near Manyata Tech Park,"TheCanopyHouse Studio is a 1 Bed-Room with Living, Dining and Kitchen. We have the finest furnishings from Urban Ladder and Home Center Decor. Attached bath and access to Canopy area to laze around. Your Kitchen and Dining is all private and you don’t share any space with other guest! The living has a sofa-cum-bed that can accommodate additional guests.<br /><br /><b>The space</b><br />You can use all that's provided in the kitchen. Induction cookware, cutlery and Modular Kitchen.<br /><br /><b>Guest access</b><br />Access to Rooftop Canopy!!<br /><br /><b>Other things to note</b><br />The bed-room has a Queen Size Bed that can comfortably accommodate 2 people. The living is very spacious and can easily accommodate 2 more on the Sofa-Cum bed. People in the Living area will have a separate bath attached.<br />If you need AC- there will be an additional charge of Rs 300/day. You can pay that after check in<br />Breakfast can be provided at an additional cost of Rs 75/head/day<br />Mandatory cleaning at 150/week for long term stays.",Entire rental unit,entire_home,https://a0.muscache.com/im/pictures/5c70685b-fb72-4270-a839-db88488ea77f.jpg,5,"https://a0.muscache.com/im/pictures/5c70685b-fb72-4270-a839-db88488ea77f.jpg,https://a0.muscache.com/im/pictures/cadb572c-8321-4d3a-83a3-944ffe88611e.jpg,https://a0.muscache.com/im/pictures/4cc45473-6693-4b90-a34d-56f8af81b9e8.jpg,https://a0.muscache.com/im/pictures/c2c0dc40-205f-4bc2-b8b2-ba07ac09a3fd.jpg,https://a0.muscache.com/im/pictures/f67171d7-c642-48b7-b5db-c222ffbdea0d.jpg",130099095,Tanzeem,,,false,13.061000,77.632900,4,1,3,2.0,false,"Hair dryer,Shampoo,Hot water,Washer,Dryer,Essentials,Hangers,Bed linens,Extra pillows and blankets,Room-darkening shades,Iron,TV,Crib,Baby bath,Changing table,Window guards,Air conditioning,Heating,Exterior security cameras on property,Smoke alarm,Carbon monoxide alarm,Fire extinguisher,First aid kit,Wifi,Dedicated workspace,Pocket wifi,Kitchen,Refrigerator,Cooking basics,Dishes and silverware,Stove,Private entrance,Backyard,Free parking on premises,Free street parking,Elevator,EV charger,Single level home,Luggage dropoff allowed,Breakfast,Smoking allowed,Long term stays allowed,Self check-in,Building staff",true,false,1,Moderate,1:00 PM,12:00 PM,false,true,INR,5,0,true,219,4.52,4.4,4.6,4.4,4.6,4.1,4.4,533.0,45611.0,18.0,1539.5,0.079,0.091,1.4,117.9,1.6,134.5,1.0,4.1,29,45,336,365,204.0,17458.0,16.7,1431.9,0.133,0.2,2.2,184.5,3.2,276.7,1.0,6.0,12,30,78,90
19478023,Anugraha Home for your comfortable stay-5.,"It is a 3 BHK house, ideally suited for a family of 5 to  8 people. All modern amenities, including an operational kitchen, are available in the house. Even though it is big enough to accommodate 8  to 10 people, the rate mentioned is to accommodate 5 people. Additional people can be accommodated at extra costs. All facilities are available within walking distance from the house. It is only 150 Mtrs from \The Kings Meadows\"".<br /><br /><b>The space</b><br />It is located in a very peaceful area",Entire home,entire_home,https://a0.muscache.com/im/pictures/b72290be-fc06-4502-aff6-693e297d5bed.jpg,31,"https://a0.muscache.com/im/pictures/b72290be-fc06-4502-aff6-693e297d5bed.jpg,https://a0.muscache.com/im/pictures/44478897-a700-491c-8679-6b500b14ae07.jpg,https://a0.muscache.com/im/pictures/cf66d435-837f-4649-b74a-09cc5135dc19.jpg,https://a0.muscache.com/im/pictures/966c45cd-f36c-4840-aaeb-a4536f2c19ff.jpg,https://a0.muscache.com/im/pictures/e9ede0d7-e6ff-4cfe-a40e-fc626cb2d232.jpg,https://a0.muscache.com/im/pictures/8500ae31-bbfc-4c14-9f92-2880f0fdc4e1.jpg,https://a0.muscache.com/im/pictures/ad0338ec-2f28-447c-b254-3094655e842c.jpg,https://a0.muscache.com/im/pictures/3b64dfd5-6fd4-4fa4-89b1-c5d150e69b14.jpg,https://a0.muscache.com/im/pictures/50fa6664-3d9e-4f1e-881e-73052a88439d.jpg,https://a0.muscache.com/im/pictures/3ed8ae28-9ff8-4a36-a435-f68ce103c740.jpg,https://a0.muscache.com/im/pictures/c1540b81-7a64-4cd2-99f0-02d1c30e363a.jpg,https://a0.muscache.com/im/pictures/04a629ad-4fa1-4afc-910a-c282aa0f2b69.jpg,https://a0.muscache.com/im/pictures/66cfbed2-4bf9-418c-a8e0-30b77c224a30.jpg,https://a0.muscache.com/im/pictures/7fa66499-2a0d-404e-8fd8-5fca5a05003e.jpg,https://a0.muscache.com/im/pictures/217632d8-f29a-4a1b-86a8-cc162b00825f.jpg,https://a0.muscache.com/im/pictures/a36f4c95-3ff7-4fa7-aa9a-f0504bc1aaf8.jpg,https://a0.muscache.com/im/pictures/9f4a13f2-2c12-4c40-a084-a57ec4cf55dd.jpg,https://a0.muscache.com/im/pictures/f856611a-f16b-4586-9bd3-ca520a0be73a.jpg,https://a0.muscache.com/im/pictures/c26b1421-4f3a-48df-8120-3bd8e7ba0a24.jpg,https://a0.muscache.com/im/pictures/74d0018a-3c8d-460c-9deb-640deb1a1405.jpg,https://a0.muscache.com/im/pictures/dce2a086-19e8-44b4-afe4-1c803b2a57e3.jpg,https://a0.muscache.com/im/pictures/70962ddc-3e9d-4aa8-a710-829ffde6236c.jpg,https://a0.muscache.com/im/pictures/b66caf6a-f662-4510-8fb5-c38e6044372a.jpg,https://a0.muscache.com/im/pictures/2e685a10-aa91-446a-a113-737ffb35abc0.jpg,https://a0.muscache.com/im/pictures/a6779985-4af8-44a4-89e0-6a1857f0611f.jpg,https://a0.muscache.com/im/pictures/053c7eae-2db3-4a4a-8a2e-c137e6152157.jpg,https://a0.muscache.com/im/pictures/235f2037-84a7-4a90-808a-dba4659fcd14.jpg,https://a0.muscache.com/im/pictures/4a0d2480-51fc-4033-a76b-cc5526454ce3.jpg,https://a0.muscache.com/im/pictures/6e631447-bb19-46b9-a5f3-7b1d3dd69a4f.jpg,https://a0.muscache.com/im/pictures/e4d91845-788e-43ed-a035-8d1a4be8fc63.jpg,https://a0.muscache.com/im/pictures/de2bc18c-2eca-4e21-aae3-d7960635f568.jpg",101569734,ElizabethJoy,,,false,13.092100,77.537000,5,3,3,4.0,false,"Shampoo,Hot water,Washer,Dryer,Essentials,Hangers,Bed linens,Extra pillows and blankets,Iron,Ethernet connection,TV,Crib,Children’s dinnerware,Heating,Wifi,Dedicated workspace,Pocket wifi,Kitchen,Refrigerator,Cooking basics,Dishes and silverware,Stove,Coffee maker,Private entrance,Backyard,BBQ grill,Free parking on premises,Free street parking,EV charger,Single level home,Self check-in,Lockbox",false,false,1,Flexible,12:00 PM,11:00 AM,false,true,INR,3,0,false,1,,,,,,,,1351.0,115606.0,51.6,4417.5,0.074,0.074,3.7,313.9,3.7,313.9,1.0,3.4,27,0,338,365,748.0,64007.0,47.6,4071.1,0.178,0.178,8.2,702.6,8.2,702.6,1.0,4.0,16,0,74,90
19559735,"Private room, single occupancy, heart of Bengaluru","This is a 3 bedroom family home with my parents living here in 1 of the bedrooms. We have 2 bedrooms of which we're offering one. The room is well lit with balcony. The apartment building is on the main road with easy access to cabs and a bus stop a few steps from the building, to get around the city.<br /><br /><b>The space</b><br />The apartment building also has garden, kids play area, 2 wheeler and 4 wheeler parking. We have a double bed for you with a desk and wardrobes. It's well ventilated with windows and balcony.<br /><br /><b>Guest access</b><br />The guests can access the living room but cannot invite their guests. WiFi access will be provided, on request.<br /><br /><b>During your stay</b><br />Husband and wife are staying in the same apartment and will be happy to interact and provide necessary assistance to make your stay comfortable.<br /><br /><b>Other things to note</b><br />No smoking.<br />No pets allowed.<br />Single occupancy.<br />We are vegetarians and would prefer guests respect the space. No restrictions on guests food preferences otherwise.",Private room in rental unit,private_room,https://a0.muscache.com/im/pictures/a113d906-db9c-4fec-af22-4c4998c9e3ae.jpg,7,"https://a0.muscache.com/im/pictures/a113d906-db9c-4fec-af22-4c4998c9e3ae.jpg,https://a0.muscache.com/im/pictures/aa45bec0-33c1-4c81-92c3-e1a928f6093c.jpg,https://a0.muscache.com/im/pictures/acff62e0-70b7-4418-9b4f-185fae30e844.jpg,https://a0.muscache.com/im/pictures/55912516-4edc-4a82-8274-1ab1cc9303fe.jpg,https://a0.muscache.com/im/pictures/2848feed-0b94-455c-9498-99a62e5d2ea0.jpg,https://a0.muscache.com/im/pictures/b435e6d0-224d-4bad-93b8-b4e780b77055.jpg,https://a0.muscache.com/im/pictures/23c1f7af-430c-409e-99b1-1fbbbcbf0b24.jpg",147331246,Surjit,38156005,Gagandeep,false,13.001050,77.630390,,,1,0.0,false,"Shampoo,Body soap,Hot water,Washer,Essentials,Hangers,Bed linens,Extra pillows and blankets,Drying rack for clothing,Clothing storage,Books and reading material,Ceiling fan,Lock on bedroom door,First aid kit,Wifi,Dedicated workspace,Kitchen,Refrigerator,Microwave,Cooking basics,Dishes and silverware,Freezer,Stove,Toaster,Dining table,Coffee,Patio or balcony,Free parking on premises,Free street parking,Elevator,Luggage dropoff allowed,Long term stays allowed,Cleaning before checkout,Host greets you",false,false,1,Moderate,1:00 PM,12:00 PM,false,false,INR,4,0,false,13,4.69,4.7,4.7,4.7,4.7,4.5,4.6,428.0,36620.0,11.0,944.3,0.101,0.105,1.1,96.6,1.2,99.6,1.0,9.3,37,11,328,365,239.0,20450.0,10.6,906.1,0.233,0.266,2.6,219.6,2.9,250.2,1.0,10.5,21,11,69,90
19619538,Kaurya Studio,"A spacious 1-bedroom studio in the heart of Indiranagar with a private balcony, potted plants, a mango tree, and a kitchen. Thoughtfully designed - minimal, homely style - filled with natural light and quiet charm. A 1 min walk from the metro and some of Bangalore’s best cafés. An extension of our calm way of life — ideal for solo travellers, couples, and work trips. Birds and butterflies often drop by to say hello.<br /><br />Includes<br />King bed<br />Wi-Fi+workspace<br />Modern bath<br />Kitchenette with essentials only<br /><br /><b>The space</b><br />My space offers you a luxury dwelling in one of the most lively areas in Bangalore. **Rates are exclusive of all meals. There are many eateries around the area offering a wide range of delicacies from around India. Even if you prefer to cook and eat, our place offers you all the basic cooking essentials  including a microwave oven, fridge, gas stove and utensils.<br /><br /><b>Guest access</b><br />Parking is best found in the mornings, post dinner or Sundays. It is great for walks and most things you want are a short walk away.<br /><br /><b>Other things to note</b><br />Most of the good places are near my place. Indiranagar Metro station 1-2 minute walk from my house. You have absolute safety, as we also live on the property. All amenities are in the apartment except the washing machine. Please feel free to hand over the load to the house-help. Your clothes will be washed and put out to dry in your balcony.",Entire rental unit,entire_home,https://a0.muscache.com/im/pictures/39360cad-4894-429a-ad58-1b2aef629300.jpg,5,"https://a0.muscache.com/im/pictures/39360cad-4894-429a-ad58-1b2aef629300.jpg,https://a0.muscache.com/im/pictures/miso/Hosting-19619538/original/73c66860-cb4a-43a1-820a-0e15fcaaaf71.jpeg,https://a0.muscache.com/im/pictures/miso/Hosting-19619538/original/871ed43c-f5a5-49ca-accd-1cbe07b3a9ef.jpeg,https://a0.muscache.com/im/pictures/miso/Hosting-19619538/original/7875e49a-6be2-4974-adb6-18f2e772e522.jpeg,https://a0.muscache.com/im/pictures/miso/Hosting-19619538/original/a9e7350b-b2cd-44da-b8c8-63f0e5e28d8e.jpeg",137992094,Gurmit,6727981,Daya,true,12.978650,77.636090,2,1,1,1.0,false,"Garden view,Shampoo,Hot water,Shower gel,Washer,Essentials,Hangers,Bed linens,Extra pillows and blankets,Iron,Air conditioning,Ceiling fan,Exterior security cameras on property,First aid kit,Wifi,Dedicated workspace,Kitchen,Refrigerator,Microwave,Cooking basics,Dishes and silverware,Freezer,Stove,Coffee maker,Toaster,Dining table,Coffee,Private entrance,Patio or balcony,Outdoor furniture,Free street parking,Luggage dropoff allowed,Long term stays allowed,Self check-in,Lockbox",,false,2,Moderate,1:00 PM,11:00 AM,true,false,INR,0,0,true,217,4.85,4.8,4.8,4.8,4.9,5.0,4.8,10140.0,867670.0,50.1,4288.5,0.575,0.702,27.8,2377.2,33.9,2901.9,2.0,7.0,210,66,155,365,2928.0,250550.0,54.2,4639.8,0.633,0.633,32.5,2783.9,32.5,2783.9,2.0,9.5,57,0,33,90
20006018,YOUR HOME AWAY FROM HOME  :-),"Feel at home at this quiet & spacious room with a king bed and a private bathroom. All basic amenities have been provided.<br /><br />Enjoy your morning tea on the balcony listening to chirping birds and view of greenery. Catch a glimpse of the occasional squirrel squeaking around!<br /><br />A calm and peaceful place to come back to, after a tour of the city.<br /><br /><b>The space</b><br />Our home is on a safe, quiet & well maintained residential street. The cozy room is on the second floor & has a private locked access from the ground floor. The room has an private bathroom equipped with geyser and basic toiletries.<br /><br />Wi-Fi is always available. But you could also give a rest to your devices and enjoy reading books in the cool balcony or terrace.<br /><br />A metro station is 2.5km away. Banks, ATMs, pharmacies, groceries and eateries are at walking distance from home. Cabs and autos are available in plenty for your commute as well.<br /><br /><b>Guest access</b><br />* Room with private bath.<br />* Balcony.<br />* Terrace.<br />* WiFi<br />* Books.<br /><br />During the sunset you can enjoy the view of different colours of sky on the terrace and occasional cooing and twiittering of the birds..<br /><br /><b>During your stay</b><br />We live in the same home. Do feel free to ask us anything you may need to feel more comfortable.<br /><br /><b>Other things to note</b><br />The room is on second floor without a lift. If you need help with luggage, please inform in advance. Happy to help!",Private room in home,private_room,https://a0.muscache.com/im/pictures/997dfa51-412f-4e0e-bb3a-78d48fcc8d13.jpg,14,"https://a0.muscache.com/im/pictures/997dfa51-412f-4e0e-bb3a-78d48fcc8d13.jpg,https://a0.muscache.com/im/pictures/c1c60cfd-889b-4a02-aa56-e9aa9a4e6f26.jpg,https://a0.muscache.com/im/pictures/b94fe11a-be30-42ba-a239-d73696879387.jpg,https://a0.muscache.com/im/pictures/5fcab815-0138-46a8-93cd-ad2f06eaabc1.jpg,https://a0.muscache.com/im/pictures/45346b67-447f-4022-bc62-b622870ceb51.jpg,https://a0.muscache.com/im/pictures/fdca1d6e-955e-4495-88e1-dd033bfbc754.jpg,https://a0.muscache.com/im/pictures/cbb0f970-02f7-4c3f-afb6-76ec63be170e.jpg,https://a0.muscache.com/im/pictures/d4eb33fe-3d9f-460f-be28-7d4ea8052224.jpg,https://a0.muscache.com/im/pictures/ff2710ce-34be-4bde-9cf2-e324bdc265ec.jpg,https://a0.muscache.com/im/pictures/85e00400-6256-41f8-bf36-3afd8d2cf19a.jpg,https://a0.muscache.com/im/pictures/e7174711-e6dd-4030-a07c-c4b6fc6d9470.jpg,https://a0.muscache.com/im/pictures/d0c71769-3eec-4fc4-9438-340a646e4898.jpg,https://a0.muscache.com/im/pictures/c82bf723-b909-41ef-b15a-95bd9ab56aa3.jpg,https://a0.muscache.com/im/pictures/90e23ade-149f-44c4-aeb5-f836fcbe19f4.jpg",121777231,Vinay,,,true,13.006040,77.651510,,,2,0.0,false,"Wifi,Hair dryer,Cleaning products,Shampoo,Body soap,Hot water,Shower gel,Washer,Essentials,Hangers,Bed linens,Extra pillows and blankets,Room-darkening shades,Iron,Drying rack for clothing,Clothing storage,Books and reading material,Crib,Children’s books and toys,Air conditioning,Ceiling fan,Portable fans,Lock on bedroom door,Wifi,Dedicated workspace,Refrigerator,Cooking basics,Dishes and silverware,Freezer,Stove,Wine glasses,Blender,Coffee,Private entrance,Laundromat nearby,Patio or balcony,Backyard,Outdoor furniture,Outdoor dining area,Free parking on premises,Free street parking,Private living room,Pets allowed,Luggage dropoff allowed,Smoking allowed,Long term stays allowed,Self check-in,Lockbox,Host greets you",,false,1,Flexible,12:00 PM,10:00 AM,true,false,INR,0,5,true,133,4.88,4.9,5.0,4.8,5.0,4.8,4.8,1901.0,162667.0,20.1,1720.7,0.268,0.272,5.2,445.7,5.3,451.9,1.0,5.4,98,5,267,365,172.0,14718.0,22.0,1882.5,0.089,0.089,1.9,163.5,1.9,163.5,1.0,4.0,8,0,82,90
20143057,Apartment near Hennur/Outer Ring Road,Ground floor apartment on a church property. Well furnished and great for families. Guests are requested to respect the sanctity of the church compound and refrain from using alcohol and tobacco on the premises.,Entire rental unit,entire_home,https://a0.muscache.com/im/pictures/51a97894-48be-4552-b1fe-2ac4bf7b05c6.jpg,13,"https://a0.muscache.com/im/pictures/51a97894-48be-4552-b1fe-2ac4bf7b05c6.jpg,https://a0.muscache.com/im/pictures/1c05f8fe-c802-46d2-a624-5b02626bf67b.jpg,https://a0.muscache.com/im/pictures/ecc3e8e4-dc7e-44b2-848c-77b8bc5985c1.jpg,https://a0.muscache.com/im/pictures/55597bae-0da7-4335-9bef-dcece2064769.jpg,https://a0.muscache.com/im/pictures/f8e7c5bd-2651-4fa5-b7b7-ded9c02e4c71.jpg,https://a0.muscache.com/im/pictures/8102fbe1-b0d6-4057-8286-226f875269ab.jpg,https://a0.muscache.com/im/pictures/240582ab-2a58-497e-8b51-a449f0db7572.jpg,https://a0.muscache.com/im/pictures/3f436065-969b-4676-8b7c-bb49f94db5ba.jpg,https://a0.muscache.com/im/pictures/d773f6e0-da6c-4d4e-b9d5-8a678815a9cd.jpg,https://a0.muscache.com/im/pictures/8b0ae52f-5078-44be-bf4e-5972202dc9ff.jpg,https://a0.muscache.com/im/pictures/1f2ba420-ed1d-450a-affc-85744c5dddb2.jpg,https://a0.muscache.com/im/pictures/735eff49-d6fd-4dc0-8bbc-40379c2d89e4.jpg,https://a0.muscache.com/im/pictures/db55f0b0-df7c-47ec-a3af-c22a5789cf66.jpg",78191286,Stephen,182225529,Benjamin,true,13.037680,77.649560,6,3,4,2.0,false,"Hot water,Washer,Essentials,Hangers,TV,Air conditioning,Wifi,Kitchen,Refrigerator,Microwave,Cooking basics,Dishes and silverware,Stove,Coffee maker,Private entrance,Free parking on premises,Self check-in,Building staff",true,false,2,Flexible,3:00 PM,,false,false,INR,9,0,false,51,4.61,4.7,4.6,4.7,4.7,4.3,4.6,979.0,83768.0,35.5,3041.4,0.074,0.079,2.6,221.1,2.8,236.6,2.0,6.8,27,24,338,365,390.0,33370.0,35.7,3051.8,0.122,0.167,4.2,362.2,5.8,493.9,2.0,11.0,11,24,79,90
20594104,The Retreat 2 BHK private old world green space,"Minutes from Nimhans and Lal Bagh, the space offers old world charm set in simple green surroundings. Ideal for families and couples, on short or long stays.The building is from the 60's and has the high ceilings and red oxide floors, typical of that era. Private and quiet.<br /><br /><b>The space</b><br />Its part of a larger tree filled compound, with surprising nooks and corners.  Suitable for those who want to be more in touch with nature, within the bustle of a city.<br /><br /><b>Guest access</b><br />The small private and quiet garden space seen in the photographs, is exclusively for the guests. The driveway between the main gate and the Suite private entrance can be used for parking a vehicle if requested.<br /><br /><b>Other things to note</b><br />The compound has a lot of trees and greenery and hence our guests should be comfortable with the occasional wandering creature or two! :)",Entire guesthouse,entire_home,https://a0.muscache.com/im/pictures/72f77150-eda7-40c1-87fc-cff62edc7d9d.jpg,41,"https://a0.muscache.com/im/pictures/72f77150-eda7-40c1-87fc-cff62edc7d9d.jpg,https://a0.muscache.com/im/pictures/miso/Hosting-20594104/original/8c1d905b-3426-4f67-817b-59a8422e311c.jpeg,https://a0.muscache.com/im/pictures/miso/Hosting-20594104/original/96364841-944d-4622-8e9e-e4c37573a646.jpeg,https://a0.muscache.com/im/pictures/miso/Hosting-20594104/original/c99803ed-77b0-4c67-8cf2-7acf95ab5543.jpeg,https://a0.muscache.com/im/pictures/a54b0948-237a-4754-8cec-68872fbb0657.jpg,https://a0.muscache.com/im/pictures/miso/Hosting-20594104/original/1b0c7bf5-f389-4a59-bceb-d5f1ba560007.jpeg,https://a0.muscache.com/im/pictures/miso/Hosting-20594104/original/fbfe230f-b616-40e7-9ec4-5c52d51065dd.jpeg,https://a0.muscache.com/im/pictures/61949316-e55a-4205-810d-1bab192ef0d2.jpg,https://a0.muscache.com/im/pictures/miso/Hosting-20594104/original/cd91fbf7-e68e-49d4-af00-9099d009d50f.jpeg,https://a0.muscache.com/im/pictures/c7cc1401-c983-42d9-8830-62392494ebe8.jpg,https://a0.muscache.com/im/pictures/miso/Hosting-20594104/original/05c46e3a-a180-467d-8724-794a81d446b6.jpeg,https://a0.muscache.com/im/pictures/miso/Hosting-20594104/original/25ff2633-4c9e-4b0e-863f-4a3fc5b79b8b.jpeg,https://a0.muscache.com/im/pictures/ad70d87b-d48d-457f-a06f-dd1d0f234d0b.jpg,https://a0.muscache.com/im/pictures/miso/Hosting-20594104/original/84ee3380-7c18-41ed-9b5a-023d7f3747e7.jpeg,https://a0.muscache.com/im/pictures/miso/Hosting-20594104/original/f6ee4fe1-aac7-4f8f-ad40-ed3173456e53.jpeg,https://a0.muscache.com/im/pictures/miso/Hosting-20594104/original/067e6e61-e9ff-4b40-81d9-1e5f99eed51c.jpeg,https://a0.muscache.com/im/pictures/33ca757a-60d8-452b-ad63-7de09231e93a.jpg,https://a0.muscache.com/im/pictures/miso/Hosting-20594104/original/8402a39c-e357-46ba-bb19-e1538861d400.jpeg,https://a0.muscache.com/im/pictures/miso/Hosting-20594104/original/83a41dee-2b40-44f7-af07-72a8440a32d5.jpeg,https://a0.muscache.com/im/pictures/miso/Hosting-20594104/original/5b542407-7983-4c01-a374-641c998e82e4.jpeg,https://a0.muscache.com/im/pictures/miso/Hosting-20594104/original/c59040aa-a479-4512-b206-69bd1dac8fcb.jpeg,https://a0.muscache.com/im/pictures/miso/Hosting-20594104/original/9e193d97-fecd-40e7-9375-53e6b20683d4.jpeg,https://a0.muscache.com/im/pictures/miso/Hosting-20594104/original/d2bcf9bf-62af-4d80-a751-b6f8fcf6e033.jpeg,https://a0.muscache.com/im/pictures/miso/Hosting-20594104/original/dff9b40d-cfbb-483e-875f-176d445323b8.jpeg,https://a0.muscache.com/im/pictures/miso/Hosting-20594104/original/28216111-f499-411f-a431-ba4032d49afb.jpeg,https://a0.muscache.com/im/pictures/miso/Hosting-20594104/original/ce4f5a8b-0ce1-412d-8138-94256df37d6b.jpeg,https://a0.muscache.com/im/pictures/miso/Hosting-20594104/original/00901626-57cb-40e1-bc51-69011c8ca066.jpeg,https://a0.muscache.com/im/pictures/miso/Hosting-20594104/original/a85b305a-1368-4327-965b-4a1a9b183b78.jpeg,https://a0.muscache.com/im/pictures/miso/Hosting-20594104/original/23049b4e-88ee-4409-882c-49e1492c4d51.jpeg,https://a0.muscache.com/im/pictures/miso/Hosting-20594104/original/948996b0-d9b4-4248-9ebf-204c79b855e8.jpeg,https://a0.muscache.com/im/pictures/miso/Hosting-20594104/original/2ab5594b-9d54-46a6-82b6-8e76efdb3711.jpeg,https://a0.muscache.com/im/pictures/miso/Hosting-20594104/original/788be7e6-e6b2-4045-90e1-da3a771f8c0e.jpeg,https://a0.muscache.com/im/pictures/miso/Hosting-20594104/original/60a529f1-7925-40dc-b146-781dec03f661.jpeg,https://a0.muscache.com/im/pictures/miso/Hosting-20594104/original/1c82a7a3-4d9e-4d29-8063-f720cdfcd9b6.jpeg,https://a0.muscache.com/im/pictures/miso/Hosting-20594104/original/a63511df-811f-4d6f-b350-e26d90c4bce4.jpeg,https://a0.muscache.com/im/pictures/miso/Hosting-20594104/original/b1e46083-562b-49aa-8818-f4e8d1a34d26.jpeg,https://a0.muscache.com/im/pictures/miso/Hosting-20594104/original/7aaf74d7-0f0a-487d-baac-baa68f17371d.jpeg,https://a0.muscache.com/im/pictures/4d617da7-a9da-43a6-813b-aee10a84ceda.jpg,https://a0.muscache.com/im/pictures/miso/Hosting-20594104/original/34612a7e-7f03-4782-b5c4-634a331b88ad.jpeg,https://a0.muscache.com/im/pictures/miso/Hosting-20594104/original/2efe0626-7e62-4579-8623-abe627a3d555.jpeg,https://a0.muscache.com/im/pictures/miso/Hosting-20594104/original/14631f8a-136a-4766-8d76-3e57e189d8bb.jpeg",147155837,Manju,"23261382,117879714,158139809","Tej Pattison,Taron Carl,Viya",true,12.945820,77.597100,4,2,4,1.0,false,"Bathtub,Hair dryer,Cleaning products,Shampoo,Body soap,Hot water,Shower gel,Washer,Essentials,Hangers,Bed linens,Extra pillows and blankets,Room-darkening shades,Iron,Drying rack for clothing,Clothing storage,TV,Books and reading material,Board games,Ceiling fan,Portable fans,First aid kit,Wifi,Dedicated workspace,Kitchen,Refrigerator,Microwave,Cooking basics,Dishes and silverware,Stove,Wine glasses,Barbecue utensils,Dining table,Coffee,Private entrance,Laundromat nearby,Patio or balcony,Backyard,Outdoor furniture,BBQ grill,Free parking on premises,Free street parking,Single level home,Luggage dropoff allowed,Smoking allowed,Long term stays allowed,Self check-in,Building staff,Cleaning before checkout",,false,1,Moderate,2:00 PM,11:00 AM,false,false,INR,1,0,true,157,4.8,4.7,4.9,4.5,4.8,4.8,4.7,7353.0,629202.0,50.7,4340.3,0.395,0.395,20.1,1716.1,20.1,1716.1,1.0,2.2,144,0,221,365,2100.0,179699.0,51.6,4418.2,0.444,0.444,23.2,1986.1,23.2,1986.1,1.0,2.5,40,0,50,90
20718538,Jacob's Inn : Rs 5675 (4500+635 guest fee)+Taxes,"The guest house in located in the very famous Indiranagar, Double road in Bangalore.<br />We are 10 mins away from the Metro station and the 100 Ft road. <br />The full house includes 2 Air Conditioned rooms with Living/Dining & Kitchen, we give out ONLY on Full house basis and not per single room starting 1st August 2019.<br />Note :We do not encourage loud parties as it is a quiet residential area. Government ID card to be produced and is mandatory for Check-in, please bring a copy and the originals.<br /><br /><b>The space</b><br />The metro station is a 10 minute walk. Indiranagar has around 100 world class restaurants and the famous 12th Main, has a lot of Breweries and eateries, which is about a 5-7 mins walk.<br /><br /><b>Guest access</b><br />The guest house has a spacious Living and Dinning room. The kitchen has all required utensils and a cooking range with an exhaust system. The kitchen has a microwave,oven, electric kettle, refrigerator and a washing machine.<br /><br /><b>Other things to note</b><br />The security of the guest house has 6 CCTV Camera. The main gate will be closed by 10 pm and keys will be given to the guest. The guests are expected to be responsible and respect the privacy of the quiet neighborhood.",Entire guesthouse,entire_home,https://a0.muscache.com/im/pictures/3b6d0635-d66d-4c57-ac14-4e09ff992f8d.jpg,5,"https://a0.muscache.com/im/pictures/3b6d0635-d66d-4c57-ac14-4e09ff992f8d.jpg,https://a0.muscache.com/im/pictures/1c723956-a311-4fc7-bbc2-5d0a02f5b059.jpg,https://a0.muscache.com/im/pictures/10f02670-e7ca-4f08-bc7f-892cb05f60fb.jpg,https://a0.muscache.com/im/pictures/66186f51-c2da-42d9-8fd0-84437b5eac9c.jpg,https://a0.muscache.com/im/pictures/7ae7c672-091d-4de1-b165-0faabdb69c28.jpg",145795679,Jacob,,,false,12.973570,77.636000,4,2,2,2.0,false,"Hair dryer,Shampoo,Hot water,Washer,Essentials,Hangers,Bed linens,Extra pillows and blankets,Iron,Ethernet connection,TV,Air conditioning,Air conditioning,Exterior security cameras on property,Wifi,Dedicated workspace,Kitchen,Refrigerator,Microwave,Cooking basics,Dishes and silverware,Freezer,Stove,Oven,Hot water kettle,Coffee maker,Toaster,Dining table,Private entrance,Patio or balcony,Backyard,Free parking on premises,Free street parking,Self check-in,Building staff",,false,1,Flexible,12:00 PM,12:00 PM,false,false,INR,0,0,true,165,4.86,4.9,5.0,4.8,4.9,4.9,4.8,14141.0,1210018.0,62.2,5319.5,0.627,0.627,38.7,3315.1,38.7,3315.1,1.0,3.0,229,0,136,365,3468.0,296746.0,70.7,6047.7,0.544,0.544,38.5,3297.2,38.5,3297.2,1.0,3.8,49,0,41,90
20767422,The Cottage,"Hidden between LalBagh Botanical Gardens & Forum Mall, ten minutes from the city centre.<br /><br />Quite a few restaurants & HSBC + SBI ATM's a few roads away. The new interstate bus terminal is close & takes 45min to the airport from there.<br /><br /> Please note this is a space with a lot of trees and greenery. It comes with its share of insects, especially spiders/ants, and has a lot of birds, squirrels etc.  Only book this space if comfortable with such harmless creatures. The cottage is rustic and basic.<br /><br /><b>The space</b><br />PLEASE NOTE: EARLY CHECK-IN IS NOT POSSIBLE. <br /><br />This compound is large and has other small /larger spaces where other Airbnb guests stay. This ensures both privacy and safety.<br />We have tried to keep if comfortable yet connected to nature.<br />The rooms are meshed and usually free of wandering insects.<br /><br /><b>Guest access</b><br />Parking is allowed inside the compound. Autos are accessible near by and of course Uber and Ola too.<br /><br /><b>Other things to note</b><br />PLEASE NOTE: EARLY CHECK-IN IS NOT POSSIBLE. <br /><br />This is a place where my family stays as well and request guests to respect the ethos and ambience of the place.",Entire cottage,entire_home,https://a0.muscache.com/im/pictures/miso/Hosting-20767422/original/7ad09f5f-9626-4ab3-b7bf-ecff3051c77d.jpeg,27,"https://a0.muscache.com/im/pictures/miso/Hosting-20767422/original/7ad09f5f-9626-4ab3-b7bf-ecff3051c77d.jpeg,https://a0.muscache.com/im/pictures/miso/Hosting-20767422/original/f4bfd80a-0820-4138-9ed0-5401d993d0cc.jpeg,https://a0.muscache.com/im/pictures/miso/Hosting-20767422/original/8c7c511b-a78c-4764-ac91-624c2cc5474a.jpeg,https://a0.muscache.com/im/pictures/miso/Hosting-20767422/original/189a649b-05de-445b-8ce9-d365ff498bc1.jpeg,https://a0.muscache.com/im/pictures/miso/Hosting-20767422/original/38490e60-c54d-4b7f-bd61-558bdaec69e8.jpeg,https://a0.muscache.com/im/pictures/miso/Hosting-20767422/original/4572274a-6e27-4144-b88d-be4b82a50b4a.jpeg,https://a0.muscache.com/im/pictures/miso/Hosting-20767422/original/c78eb6c2-7946-45e1-864f-5d88a90e8af9.jpeg,https://a0.muscache.com/im/pictures/miso/Hosting-20767422/original/ce69259d-9129-4ff8-b3c5-deca4b7b0992.jpeg,https://a0.muscache.com/im/pictures/miso/Hosting-20767422/original/a2363223-0ec1-4d87-8a34-de928576d5c0.jpeg,https://a0.muscache.com/im/pictures/miso/Hosting-20767422/original/55fa09fc-a734-43b6-b724-b5cefc10a6a6.jpeg,https://a0.muscache.com/im/pictures/miso/Hosting-20767422/original/c216e364-0ac4-4f47-9963-67553d933f36.jpeg,https://a0.muscache.com/im/pictures/11e783bc-7450-4df2-8e9e-f862e04568f6.jpg,https://a0.muscache.com/im/pictures/miso/Hosting-20767422/original/3cdd60d1-e2bf-4428-83e0-7e3a0d97a95f.jpeg,https://a0.muscache.com/im/pictures/miso/Hosting-20767422/original/9ca989ec-ed7a-4e6b-b0ef-066d5099b062.jpeg,https://a0.muscache.com/im/pictures/miso/Hosting-20767422/original/742d7e73-7797-44a6-9644-a65c2b6fa6de.jpeg,https://a0.muscache.com/im/pictures/miso/Hosting-20767422/original/213179e8-d990-4359-b9d8-f8ab471afd9c.jpeg,https://a0.muscache.com/im/pictures/miso/Hosting-20767422/original/df4e49df-b932-4046-8259-1c50074cbce6.jpeg,https://a0.muscache.com/im/pictures/miso/Hosting-20767422/original/96ccd2af-0023-42d6-a8b8-49e1f54e0616.jpeg,https://a0.muscache.com/im/pictures/miso/Hosting-20767422/original/1f29a0b2-bb8f-47ad-866c-623fcf662ab6.jpeg,https://a0.muscache.com/im/pictures/miso/Hosting-20767422/original/02832338-c4ad-46a5-95fd-c8b2710042ed.jpeg,https://a0.muscache.com/im/pictures/miso/Hosting-20767422/original/a8d3279f-72a0-4858-938e-d00a96bc720f.jpeg,https://a0.muscache.com/im/pictures/dffaa371-12b2-4fd4-8ded-0258df27db80.jpg,https://a0.muscache.com/im/pictures/miso/Hosting-20767422/original/de8b0ebc-73e8-4487-8553-61a5096dcdb9.jpeg,https://a0.muscache.com/im/pictures/hosting/Hosting-U3RheVN1cHBseUxpc3Rpbmc6MjA3Njc0MjI%3D/original/c2c4c4c6-cfa7-4180-b470-462e68fecf74.jpeg,https://a0.muscache.com/im/pictures/miso/Hosting-20767422/original/8a6e6c36-35ce-41c6-9a4d-2753ab0f931a.jpeg,https://a0.muscache.com/im/pictures/miso/Hosting-20767422/original/be2bbcb8-6e7c-4294-ae95-8b10877b778f.jpeg,https://a0.muscache.com/im/pictures/miso/Hosting-20767422/original/f773c952-b6a8-4437-a20c-0a1517522e66.jpeg",117879714,Taron Carl,"147155837,158139809","Manju,Viya",false,12.944240,77.597470,2,1,1,1.5,false,"Bathtub,Hair dryer,Cleaning products,Shampoo,Body soap,Hot water,Shower gel,Washer,Essentials,Hangers,Bed linens,Extra pillows and blankets,Room-darkening shades,Iron,Drying rack for clothing,Clothing storage,TV,Books and reading material,Board games,Ceiling fan,Portable fans,First aid kit,Wifi,Dedicated workspace,Kitchen,Refrigerator,Microwave,Cooking basics,Dishes and silverware,Stove,Wine glasses,Dining table,Coffee,Private entrance,Laundromat nearby,Patio or balcony,Backyard,Outdoor furniture,BBQ grill,Free parking on premises,Free street parking,Luggage dropoff allowed,Smoking allowed,Long term stays allowed,Cleaning before checkout",,false,1,Moderate,2:00 PM,11:00 AM,true,false,INR,1,0,true,150,4.73,4.8,4.8,4.5,4.8,4.8,4.6,5132.0,439142.0,33.5,2867.8,0.422,0.422,14.0,1197.9,14.0,1197.9,1.0,3.9,154,0,211,365,830.0,71022.0,34.3,2936.8,0.267,0.267,9.2,785.3,9.2,785.3,1.0,2.7,24,0,66,90
20779541,Penthouse Studio Apartment,"It's a SINGLE PENTHOUSE ROOM with an attached bathroom on the 3rd FLOOR of our building with granite flooring. 2 chairs , a double cot bed and a floor-mattress is available. <br /><br />Good for 2 people. <br />The TERRACE shown in pictures is NOT private to the studio.<br /><br />P.S. Kindly be informed our place is NOT in a POSH locality.<br /><br /><b>The space</b><br />Located off Bannerghatta road, South Bengaluru and is easily accessible from major areas like BTM layout, Jayanagar, JP nagar, Koramangala, HSR layout. The world renowned IIMB is located just 1.2 km away. Calm and quite neighborhood. The view from the terrace is quite amazing especially at night.<br /><br />An ELECTRIC KETTLE is kept for making tea etc. There is no other cooking facility available. Plates and spoons are provided. Food can be ordered via delivery apps like ZOMATO, SWIGGY, FRESHMENU etc. There are 2 Kerala style restaurants at 500m and 800m(same lane) respectively. A Veg restaurant at 850m. Empire restaurant @ 2km.<br /><br /><br />𝗙𝗲𝘄 𝗽𝗹𝗮𝗰𝗲𝘀 𝗮𝗻𝗱 𝗱𝗶𝘀𝘁𝗮𝗻𝗰𝗲𝘀 𝗳𝗿𝗼𝗺 𝗼𝘂𝗿 𝗔𝗶𝗿𝗯𝗻𝗯<br /><br />✓Bangalore City Railway station [Krantiveera Sangolli Rayanna(KSR) railway station] (Station code-SBC) -MAJESTIC-12km<br />✓Kempegowda Bus Station(MAJESTIC)-12km<br />✓Nearest Metro Station: JP Nagar-4.3km<br />✓Kempegowda International Airport Bengaluru (KIAB)-43km<br /><br />✓IIMB-1.2km<br />✓Christ University Bannerghatta(BG) Road Campus-3.6km<br />✓Christ University (Main Campus)-6km<br />✓NIMHANS-5.5km<br />✓Sri Jayadeva Institute of Cardiovascular Sciences and Research(Jayadeva Hospital)-2.8km<br />✓Fortis Hospital-1.7km<br />✓Lalbagh Botanical Garden-7.5km<br />✓Sri Chamarajendra Park (Cubbon Park)-10km<br />✓Vega City Mall-1.5km<br />✓Gopalan Innovation Mall-2.2km<br />✓Royal Meenakshi Mall-3.7km<br />✓Forum Mall-6km<br /><br />𝗣𝘂𝗯𝘀<br /><br />✓Public Rooftop Pub-400m<br />✓Gilly's Restobar Bannerghatta-900m<br />✓Stories Brewery and Kitchen(BTM Layout-1km)<br />✓URU Brewpark-1.2km<br />✓Millenials-1.3km<br />✓Crumb Together-1.4km<br />✓BEiR(Vega City Mall)-1.5km<br />✓Levels Pub and Kitchen-2km<br />✓Levitate Brewery & Kitchen-2.1km<br />✓Taproom by Sherlock's - 3km<br />✓Jamming Goat 3.0<br />✓Fat Owl-Gastropub-3.7km<br />✓The Pump House-3.8km<br />✓Tipsy Bull-The Bar Exchange-JP Nagar-3.8km<br />✓1522-The pub- JP Nagar-4km<br /><br />𝗥𝗲𝘀𝘁𝗮𝘂𝗿𝗮𝗻𝘁𝘀<br /><br />✓Elite Kerala Mess-550m<br />✓Angel Kerala Restaurant-600m<br />✓Kalpavruksha Veg Restaurant-900m<br />✓Bathinda Junction(Punjabi)-950m<br />✓New Kabab Zone-1 km<br />✓Nargarjuna Restaurant (Andhra Style)-1.1km<br />✓KFC-1.1km<br />✓Namana Garden-1.2km<br />✓Sri Bhagya Grand-1.3km<br />✓A2B-Anand Bhavan-1.8km<br />✓Fattoush Multi-Cuisine Restaurant(Arabian, Kerala, North Indian & Mughlai cuisine)-1.9km<br />✓Empire Restaurant Arekere-1.9km<br />✓Vasudev Adiga's-2km<br />✓The Rameshwaram Cafe-JP Nagar-2.8km<br />✓Khmer Kitchen(Asian cuisine specialised in SE Asian and Columbian dishes) - 3km<br /><br /><b>Guest access</b><br />Apart from the penthouse, guests can access the open terrace for chilling. Please note that the TERRACE is accessible by anybody in the building and NOT PRIVATE to the studio, but feel free to use and there is NO  disturbance or safety concern. MUST climb stairs, there is NO lift.<br /><br /><b>Other things to note</b><br />I stay in the ground floor with my family. Guests can approach me or my family for any help or to know about things around.<br /><br />NOTE: Copy of Govt. ID to be submitted along with check-in (except PAN card).",Entire rental unit,entire_home,https://a0.muscache.com/im/pictures/3b6fbcc4-0bc5-498e-ad27-ddd4bd71d6d5.jpg,16,"https://a0.muscache.com/im/pictures/3b6fbcc4-0bc5-498e-ad27-ddd4bd71d6d5.jpg,https://a0.muscache.com/im/pictures/1bbf896b-6f8d-4915-96dd-55a7488d03a7.jpg,https://a0.muscache.com/im/pictures/999bea2f-2792-4045-81a1-7245276d906e.jpg,https://a0.muscache.com/im/pictures/d4b27516-d9d5-4e43-96d3-8c7c750b532a.jpg,https://a0.muscache.com/im/pictures/hosting/Hosting-U3RheVN1cHBseUxpc3Rpbmc6MjA3Nzk1NDE=/original/2195c206-2f88-4592-af90-c926756a2fcc.jpeg,https://a0.muscache.com/im/pictures/hosting/Hosting-U3RheVN1cHBseUxpc3Rpbmc6MjA3Nzk1NDE=/original/9fc220cd-df49-4d6c-bb6d-2f896087a6a9.jpeg,https://a0.muscache.com/im/pictures/hosting/Hosting-U3RheVN1cHBseUxpc3Rpbmc6MjA3Nzk1NDE=/original/1b533535-a9a1-42e5-a57a-60f0bb69817d.jpeg,https://a0.muscache.com/im/pictures/hosting/Hosting-U3RheVN1cHBseUxpc3Rpbmc6MjA3Nzk1NDE=/original/145f7893-2d44-44da-9352-8e62058dd61c.jpeg,https://a0.muscache.com/im/pictures/hosting/Hosting-U3RheVN1cHBseUxpc3Rpbmc6MjA3Nzk1NDE=/original/99c0918e-1f1f-4ef5-824b-3ccabe071ed6.jpeg,https://a0.muscache.com/im/pictures/hosting/Hosting-U3RheVN1cHBseUxpc3Rpbmc6MjA3Nzk1NDE=/original/376bd3a7-41c1-4a0e-96e9-b0e3d39dfbe1.jpeg,https://a0.muscache.com/im/pictures/hosting/Hosting-U3RheVN1cHBseUxpc3Rpbmc6MjA3Nzk1NDE=/original/a156eb77-9e06-4593-ba3b-d8d4e5ef974d.jpeg,https://a0.muscache.com/im/pictures/bb1a4486-7778-4864-8d82-eceee0f56ba8.jpg,https://a0.muscache.com/im/pictures/3e1b1646-29db-42a2-ad48-48591fa82ef7.jpg,https://a0.muscache.com/im/pictures/8b47d860-2c26-4687-95e8-5149d49b033b.jpg,https://a0.muscache.com/im/pictures/a3d7c620-3a72-4987-84d7-3d36e16b133f.jpg,https://a0.muscache.com/im/pictures/75397ecc-62e1-4084-83b9-8a69ccf822c1.jpg",148912874,Abhishek,,,false,12.901180,77.605290,2,,1,1.0,false,"Cleaning products,Hot water,Essentials,Hangers,Bed linens,Ceiling fan,Wifi,Dedicated workspace,Dishes and silverware,Hot water kettle,Patio or balcony,Free parking on premises,Free street parking,Luggage dropoff allowed,Smoking allowed,Long term stays allowed,Host greets you",true,false,2,Firm,12:00 PM,11:00 AM,false,false,INR,1,0,false,206,4.52,4.6,4.8,4.6,4.9,4.0,4.5,1330.0,113810.0,11.5,987.0,0.318,0.319,3.6,309.7,3.6,310.5,2.0,8.3,116,1,249,365,154.0,13179.0,11.8,1010.7,0.144,0.144,1.7,145.5,1.7,145.5,2.0,4.3,13,0,77,90
20782744,Private room with kitchenette in AECS Layout,"Private room with bath and kitchen at AECS layout, whitefield. Easy access to export promotion zone, ITPL and other shopping and dining options.<br /><br /><b>The space</b><br />Our space is a home away from home. It’s an private room in a independent villa with a private entrance. It’s a quiet room amidst everything. It’s easily accessible to lot of restaurants, gyms, supermarkets, hospitals, malls, parks and a whole lot of IT companies.<br /><br /><b>Other things to note</b><br />Only married couples and families , or single person who travels for work or business are entertained. There are other families staying in the same compound, no partying and please maintain silence. We provide two bottles of drinking water on arrival. Beyond that please purchase from the store as required. Please feel free to use the consumables such as tea sugar toiletries etc if it’s available in the room. For additional requirements the stores are close buy.",Private room in home,private_room,https://a0.muscache.com/im/pictures/2b8748c8-c95c-4256-a58c-69f1da9fbbb1.jpg,7,"https://a0.muscache.com/im/pictures/2b8748c8-c95c-4256-a58c-69f1da9fbbb1.jpg,https://a0.muscache.com/im/pictures/fd9608fe-535c-4fdf-86ee-e1da0ac260d5.jpg,https://a0.muscache.com/im/pictures/hosting/Hosting-20782744/original/c2e6d4da-10f5-49ed-bd03-f90936ebfbb4.jpeg,https://a0.muscache.com/im/pictures/hosting/Hosting-20782744/original/428f3e8d-fc10-49f1-806e-4f3f0fa420e5.jpeg,https://a0.muscache.com/im/pictures/hosting/Hosting-20782744/original/ad28908f-f31d-42a2-b668-612588d2880f.jpeg,https://a0.muscache.com/im/pictures/dc167870-e965-4b4f-a4ba-6c40f5ac3db2.jpg,https://a0.muscache.com/im/pictures/hosting/Hosting-20782744/original/709715bf-91f4-4fc4-81d7-46f241b5b54a.jpeg",131250183,Suni,,,true,12.962960,77.715010,,,1,0.0,false,"Cleaning products,Shampoo,Body soap,Hot water,Shower gel,Essentials,Hangers,Bed linens,Extra pillows and blankets,Iron,Drying rack for clothing,Clothing storage,Crib,Ceiling fan,Wifi,Dishes and silverware,Hot water kettle",,false,3,Moderate,12:00 PM,11:00 AM,true,false,INR,2,0,true,51,4.9,4.8,4.9,4.8,5.0,4.8,4.8,1328.0,113639.0,17.7,1512.8,0.219,0.39,3.6,307.6,6.4,547.7,3.0,5.3,80,160,285,365,20.0,1711.0,19.7,1685.6,0.011,0.025,0.2,19.0,0.5,42.8,3.0,1.0,1,50,89,90
20950199,Griha cozy corner,A sunlight room on the prestigious Richmond Road. Some of the best restaurants and cafes are in close proximity. My home is lovingly decorated over a period of time. <br />I enjoy the company of my guest and try to make their stay as comfortable and happy as possible. <br />Listing is for an individual bedroom and it has a private and attached bathroom and there is access to the common living areas. Access to the kitchen is not provided however daily breakfast is included in the stay.<br /><br /><b>The space</b><br />It’s a 3 bedroom house where I occupy one of the bedrooms and two of the other bedrooms with two beds each are let out to Airbnb (Individually). The common area is available for the guests to use and I enjoy hosting them.<br /><br /><b>Other things to note</b><br />Only breakfast will be provided,Private room in rental unit,private_room,https://a0.muscache.com/im/pictures/f3b7e2fa-b17c-4d26-8e5b-a50c002a6963.jpg,44,"https://a0.muscache.com/im/pictures/f3b7e2fa-b17c-4d26-8e5b-a50c002a6963.jpg,https://a0.muscache.com/im/pictures/airflow/Hosting-20950199/original/bbf0407b-667f-4458-811d-1b762d3efb5e.jpg,https://a0.muscache.com/im/pictures/airflow/Hosting-20950199/original/8f22344c-cfa8-4d75-8fcc-975f1c97e194.jpg,https://a0.muscache.com/im/pictures/airflow/Hosting-20950199/original/26bcb3df-0509-4660-b549-68e0c9e94408.jpg,https://a0.muscache.com/im/pictures/airflow/Hosting-20950199/original/3fcd056b-153f-41cd-93d3-39495db25133.jpg,https://a0.muscache.com/im/pictures/airflow/Hosting-20950199/original/712b1cf7-9692-4934-970c-f4e4c7d5230b.jpg,https://a0.muscache.com/im/pictures/airflow/Hosting-20950199/original/60e66f2a-a905-43ad-91ba-c41f31fc117d.jpg,https://a0.muscache.com/im/pictures/airflow/Hosting-20950199/original/4acd7ac4-179b-4600-bca7-d197816695b0.jpg,https://a0.muscache.com/im/pictures/airflow/Hosting-20950199/original/ad20ba8c-a6fa-419e-b4ad-5c2ece40e6c3.jpg,https://a0.muscache.com/im/pictures/36d69c20-8d31-4cf8-9056-2c3d2be07a99.jpg,https://a0.muscache.com/im/pictures/airflow/Hosting-20950199/original/e01e5907-8f8d-4d9b-9d38-38d2c6926c06.jpg,https://a0.muscache.com/im/pictures/airflow/Hosting-20950199/original/16140e50-39e9-4791-9562-dcb350916199.jpg,https://a0.muscache.com/im/pictures/airflow/Hosting-20950199/original/2ba29a76-f106-4512-91b3-19101229844e.jpg,https://a0.muscache.com/im/pictures/airflow/Hosting-20950199/original/4ccf0b11-899a-4e9e-96f1-9182df752190.jpg,https://a0.muscache.com/im/pictures/airflow/Hosting-20950199/original/ee0d11c8-a324-45e1-a533-b6924922d624.jpg,https://a0.muscache.com/im/pictures/airflow/Hosting-20950199/original/aa28894f-b7af-4f56-93b4-f61c6c104f05.jpg,https://a0.muscache.com/im/pictures/airflow/Hosting-20950199/original/1f4e5a6c-ea6d-49fc-9baa-8afd567301ad.jpg,https://a0.muscache.com/im/pictures/airflow/Hosting-20950199/original/49f82b98-780e-4f13-841c-566dc2ba2e9f.jpg,https://a0.muscache.com/im/pictures/airflow/Hosting-20950199/original/edbd3ab8-ba50-4261-9412-52745f6d8737.jpg,https://a0.muscache.com/im/pictures/airflow/Hosting-20950199/original/126ef623-34ae-44ae-8c69-c67800b220d7.jpg,https://a0.muscache.com/im/pictures/airflow/Hosting-20950199/original/fbbe9ff5-c475-4621-a6c8-673c40997238.jpg,https://a0.muscache.com/im/pictures/airflow/Hosting-20950199/original/fcb95609-cc2d-4d1f-a288-84e227bf6de4.jpg,https://a0.muscache.com/im/pictures/airflow/Hosting-20950199/original/54a940ad-7b81-4f16-b954-5b04652174d9.jpg,https://a0.muscache.com/im/pictures/airflow/Hosting-20950199/original/ad9aea7a-3d79-485e-8e9b-4caee794e602.jpg,https://a0.muscache.com/im/pictures/airflow/Hosting-20950199/original/de162f06-d67f-4530-828f-36c0b87c5c48.jpg,https://a0.muscache.com/im/pictures/airflow/Hosting-20950199/original/dd344fc5-e4f7-4560-b874-4aead3b05741.jpg,https://a0.muscache.com/im/pictures/airflow/Hosting-20950199/original/c5af8864-8b44-4154-8522-d28bed33d80f.jpg,https://a0.muscache.com/im/pictures/airflow/Hosting-20950199/original/0038a2ca-a422-4020-a5cf-3ac937788703.jpg,https://a0.muscache.com/im/pictures/airflow/Hosting-20950199/original/3a19f9de-0d92-4971-84cc-47637fbf3b95.jpg,https://a0.muscache.com/im/pictures/airflow/Hosting-20950199/original/26cbb8d3-f9a8-4707-934c-668804c8f139.jpg,https://a0.muscache.com/im/pictures/airflow/Hosting-20950199/original/bcbfce92-6755-437c-9f2b-e53062bae574.jpg,https://a0.muscache.com/im/pictures/airflow/Hosting-20950199/original/ffe0ec65-bf6b-4b6a-9444-b9520b0597d8.jpg,https://a0.muscache.com/im/pictures/airflow/Hosting-20950199/original/5bd5fe3e-ee29-4155-afb2-7fab89deed1b.jpg,https://a0.muscache.com/im/pictures/airflow/Hosting-20950199/original/640ae9f1-8fda-4e39-aca2-8d34d0d65bec.jpg,https://a0.muscache.com/im/pictures/airflow/Hosting-20950199/original/39e1e4a3-ac35-4be0-9256-4480e3f59f02.jpg,https://a0.muscache.com/im/pictures/airflow/Hosting-20950199/original/1f293f19-ce40-497e-b81d-7726191db87e.jpg,https://a0.muscache.com/im/pictures/airflow/Hosting-20950199/original/5be6c836-df1e-48e6-8f0e-6d55dc88bf3d.jpg,https://a0.muscache.com/im/pictures/airflow/Hosting-20950199/original/ba9166fb-aafd-4245-bae9-b3e51b60ea65.jpg,https://a0.muscache.com/im/pictures/airflow/Hosting-20950199/original/9cdb1ea6-5390-4d44-93e6-e22ba5ec6120.jpg,https://a0.muscache.com/im/pictures/airflow/Hosting-20950199/original/f3310af2-a0f2-4435-99f1-aaa3e044982a.jpg,https://a0.muscache.com/im/pictures/7e05bca8-9708-4a68-97e8-975500ddbe36.jpg,https://a0.muscache.com/im/pictures/4e694a6e-dd2b-49e3-8628-6953a22aa007.jpg,https://a0.muscache.com/im/pictures/3d480bb2-894c-4795-b481-9e81366fde21.jpg,https://a0.muscache.com/im/pictures/cdad3402-56b0-4c33-9701-708e85c09f4f.jpg",150661240,Rene,,,true,12.964720,77.605020,,2,4,0.0,false,"Bathtub,Hair dryer,Cleaning products,Bidet,Outdoor shower,Hot water,Washer,Essentials,Hangers,Bed linens,Extra pillows and blankets,Room-darkening shades,Iron,Drying rack for clothing,Safe,Clothing storage,TV,Books and reading material,Air conditioning,Ceiling fan,Lock on bedroom door,First aid kit,Wifi,Dedicated workspace,Kitchen,Refrigerator,Microwave,Freezer,Hot water kettle,Toaster,Dining table,Coffee,Free parking on premises,Elevator,Private living room,Luggage dropoff allowed,Breakfast,Long term stays allowed,Cleaning before checkout",,false,2,Moderate,,,true,false,INR,0,5,true,95,4.97,5.0,5.0,4.9,5.0,5.0,4.9,2696.0,230687.0,36.4,3117.5,0.205,0.205,7.4,632.0,7.4,632.0,2.0,3.8,75,0,290,365,149.0,12750.0,39.1,3344.8,0.044,0.044,1.7,141.7,1.7,141.7,2.0,2.0,4,0,86,90
21086638,Reasonable Centrally Located 3bhk Fully Furnished,The whole group/Family will enjoy easy access to everything from this centrally located place.<br />Ideal for Families/friends Office Colleagues Individuals etc <br />Comfortable and Reasonable at the Same time <br />Even if 1 Person books the Entire Apartment will be Allocated to him/her Even though the Apartment is Spacious enough to Accommodate upto 14 Guests and they will be Charged Accordingly. Location is City Centre 3kms From MG Road easy access to the Airport and Super markets Resturants etc<br /><br /><b>The space</b><br />2250sft Spacious Living Dinning Kitchen and 3 Bed Rooms with Attached Bathrooms. There is a Fully Functional Kitchen with utensils Mircowave a Fridge etc <br />We also have a Washing Machine that can be utilised<br /><br /><b>Guest access</b><br />The Entire Apartment is Private <br />There is a Common Car Park Lift and Stair Case once you enter your Apartment through your Private Main Door <br />The Entire Apartment is for yourself.<br /><br /><b>Other things to note</b><br />Distance to Airport 35km<br />Distance to City Railway Station 7.6km<br />Distance to Cantonment Station 3.1km<br />Distance to Vidhana Soudha 5.6km<br />Distance to MG Road 2.9km<br />Distance to Commercial Street 2.5km<br />Distance to Bannerghatta Zoo 26km<br />Distance to Mysore 140km,Entire condo,entire_home,https://a0.muscache.com/im/pictures/hosting/Hosting-U3RheVN1cHBseUxpc3Rpbmc6MjEwODY2Mzg=/original/94960a30-1412-44ba-aa80-291eed3476ca.jpeg,34,"https://a0.muscache.com/im/pictures/hosting/Hosting-U3RheVN1cHBseUxpc3Rpbmc6MjEwODY2Mzg=/original/94960a30-1412-44ba-aa80-291eed3476ca.jpeg,https://a0.muscache.com/im/pictures/f5f4ca66-d33f-44b5-acab-ace00c97be58.jpg,https://a0.muscache.com/im/pictures/hosting/Hosting-U3RheVN1cHBseUxpc3Rpbmc6MjEwODY2Mzg=/original/65928921-2475-4f6d-97db-03f4fd41891c.jpeg,https://a0.muscache.com/im/pictures/a8b5590b-ed1f-4841-89af-f30878007762.jpg,https://a0.muscache.com/im/pictures/695b88d7-808e-45bb-bbfc-d56f190c81d7.jpg,https://a0.muscache.com/im/pictures/52a03256-6935-4ba9-b505-20b3ab6fb93d.jpg,https://a0.muscache.com/im/pictures/8e52a489-7545-4874-8d16-9a20fe464a69.jpg,https://a0.muscache.com/im/pictures/6c85928e-9ccb-4b50-8f6a-1a57c3137735.jpg,https://a0.muscache.com/im/pictures/a16d3824-94e5-412c-861e-11d84b61387b.jpg,https://a0.muscache.com/im/pictures/4170176c-be87-42dc-9f8a-5a9e37b0ef3b.jpg,https://a0.muscache.com/im/pictures/c5fb0530-0a99-4e48-a63b-8f4c67607f0c.jpg,https://a0.muscache.com/im/pictures/158f1cbe-24b0-4717-b711-676eac91eb72.jpg,https://a0.muscache.com/im/pictures/efc8d544-dc10-47a3-bf3a-294906051f81.jpg,https://a0.muscache.com/im/pictures/hosting/Hosting-U3RheVN1cHBseUxpc3Rpbmc6MjEwODY2Mzg=/original/f05216e5-9685-41ba-8aed-92b4fb070005.jpeg,https://a0.muscache.com/im/pictures/hosting/Hosting-U3RheVN1cHBseUxpc3Rpbmc6MjEwODY2Mzg=/original/0ecf394f-5082-4247-b24c-6245126f9499.jpeg,https://a0.muscache.com/im/pictures/hosting/Hosting-U3RheVN1cHBseUxpc3Rpbmc6MjEwODY2Mzg=/original/0381cf7a-47d8-45c8-97d8-be8f82cb3dac.jpeg,https://a0.muscache.com/im/pictures/hosting/Hosting-U3RheVN1cHBseUxpc3Rpbmc6MjEwODY2Mzg=/original/2af4db45-95fa-40e8-b766-6a468d414b9c.jpeg,https://a0.muscache.com/im/pictures/hosting/Hosting-U3RheVN1cHBseUxpc3Rpbmc6MjEwODY2Mzg=/original/c7037691-b789-400c-895c-f3374ddb67e3.jpeg,https://a0.muscache.com/im/pictures/hosting/Hosting-U3RheVN1cHBseUxpc3Rpbmc6MjEwODY2Mzg=/original/b0edda71-93b4-40cb-a31c-4edc2240517b.jpeg,https://a0.muscache.com/im/pictures/hosting/Hosting-U3RheVN1cHBseUxpc3Rpbmc6MjEwODY2Mzg=/original/672f8ac4-36cb-42a0-b6f3-dfc41dc65348.jpeg,https://a0.muscache.com/im/pictures/hosting/Hosting-U3RheVN1cHBseUxpc3Rpbmc6MjEwODY2Mzg=/original/9f76af0d-5173-42e5-9c88-ce9643a7de0a.jpeg,https://a0.muscache.com/im/pictures/hosting/Hosting-U3RheVN1cHBseUxpc3Rpbmc6MjEwODY2Mzg=/original/3f8a6b36-fdce-4cba-b00f-7c31d2a3566a.jpeg,https://a0.muscache.com/im/pictures/hosting/Hosting-U3RheVN1cHBseUxpc3Rpbmc6MjEwODY2Mzg=/original/a202d753-6dd9-45c5-b302-f38650be1dec.jpeg,https://a0.muscache.com/im/pictures/hosting/Hosting-U3RheVN1cHBseUxpc3Rpbmc6MjEwODY2Mzg=/original/509354db-aaed-4f0d-a3f3-72ee28977a05.jpeg,https://a0.muscache.com/im/pictures/hosting/Hosting-U3RheVN1cHBseUxpc3Rpbmc6MjEwODY2Mzg=/original/f355d5d1-6dfa-4cfd-a7f2-004d7961d6a2.jpeg,https://a0.muscache.com/im/pictures/hosting/Hosting-U3RheVN1cHBseUxpc3Rpbmc6MjEwODY2Mzg=/original/456a43ad-276b-44c7-9fc6-28b9cea1d09c.jpeg,https://a0.muscache.com/im/pictures/hosting/Hosting-U3RheVN1cHBseUxpc3Rpbmc6MjEwODY2Mzg=/original/5b3ec672-c8f2-4317-8c10-72594af30e1f.jpeg,https://a0.muscache.com/im/pictures/hosting/Hosting-U3RheVN1cHBseUxpc3Rpbmc6MjEwODY2Mzg=/original/526ce141-4147-4983-b8e2-ff49427c63fe.jpeg,https://a0.muscache.com/im/pictures/hosting/Hosting-U3RheVN1cHBseUxpc3Rpbmc6MjEwODY2Mzg=/original/e228f7fa-41d7-43cc-843e-dab1c33e58bb.jpeg,https://a0.muscache.com/im/pictures/hosting/Hosting-U3RheVN1cHBseUxpc3Rpbmc6MjEwODY2Mzg=/original/8965bf01-fdbe-4508-933d-b6c44ad67e22.jpeg,https://a0.muscache.com/im/pictures/hosting/Hosting-U3RheVN1cHBseUxpc3Rpbmc6MjEwODY2Mzg=/original/22c51342-3013-4f36-9bb4-6c5f266a18c1.jpeg,https://a0.muscache.com/im/pictures/hosting/Hosting-U3RheVN1cHBseUxpc3Rpbmc6MjEwODY2Mzg=/original/cdf8f093-5a82-4244-8dd1-5e61425fb946.jpeg,https://a0.muscache.com/im/pictures/hosting/Hosting-U3RheVN1cHBseUxpc3Rpbmc6MjEwODY2Mzg=/original/4f277dcb-8dad-4beb-8de3-42788f22a2ab.jpeg,https://a0.muscache.com/im/pictures/hosting/Hosting-U3RheVN1cHBseUxpc3Rpbmc6MjEwODY2Mzg=/original/1c96efc9-1fcd-4a84-8d85-f247567f421d.jpeg",149800172,Kashif,,,false,12.994000,77.616400,12,3,4,3.5,false,"Bathtub,Hair dryer,Shampoo,Body soap,Hot water,Washer,Hangers,Bed linens,Extra pillows and blankets,Room-darkening shades,Iron,Drying rack for clothing,Safe,Clothing storage,TV,Window guards,Air conditioning,Ceiling fan,Smoke alarm,Carbon monoxide alarm,Wifi,Dedicated workspace,Kitchen,Refrigerator,Microwave,Dishes and silverware,Freezer,Stove,Hot water kettle,Toaster,Blender,Trash compactor,Dining table,Private entrance,Laundromat nearby,Free parking on premises,Free street parking,Elevator,Doorman,Single level home,Luggage dropoff allowed,Smoking allowed,Long term stays allowed,Self check-in,Building staff,Cleaning before checkout",,false,1,Firm,3:00 PM,12:00 PM,false,true,INR,5,0,true,96,4.63,4.6,4.7,4.4,4.7,4.8,4.5,6329.0,541561.0,68.9,5899.2,0.241,0.257,17.1,1460.3,18.2,1558.5,1.0,3.3,88,23,277,365,1067.0,91299.0,68.3,5848.1,0.167,0.167,11.7,1000.2,11.7,1000.2,1.0,3.0,15,0,75,90
